feeder,n_buses,station_bus,seed,eval_day,n_steps,n_bus_steps_outside,n_steps_any_bus_outside,min_voltage_pu,max_voltage_pu,worst_bus,excursion_pu_steps,station_bus_min_voltage_pu,station_bus_steps_outside
node_34,34,27,0,2022-01-17,96,29,7,0.9461470568901876,1.0,27,0.06562955544859672,0.9461470568901876,7
node_123,123,115,0,2022-01-17,96,0,0,0.9769631010288773,1.0,97,0.0,0.9771750739051769,0
node_123,123,115,0,2022-03-05,96,0,0,0.9751166838889346,1.0,115,0.0,0.9751166838889346,0
node_123,123,115,1,2022-01-17,96,0,0,0.9762725913008704,1.0,115,0.0,0.9762725913008704,0
node_123,123,115,1,2022-03-05,96,0,0,0.9785811770922643,1.0,84,0.0,0.9787758432731184,0
node_123,123,115,2,2022-01-17,96,0,0,0.9773582698056575,1.0,115,0.0,0.9773582698056575,0
node_123,123,115,2,2022-03-05,96,0,0,0.9818518808092754,1.000103238911256,84,0.0,0.9819832434819595,0
node_123,123,115,3,2022-01-17,96,0,0,0.9780506355995598,1.0,115,0.0,0.9780506355995598,0
node_123,123,115,3,2022-03-05,96,0,0,0.9800611131289005,1.0,115,0.0,0.9800611131289005,0
node_123,123,115,4,2022-01-17,96,0,0,0.973765146757122,1.0,115,0.0,0.973765146757122,0
node_123,123,115,4,2022-03-05,96,0,0,0.9789903976119323,1.0,115,0.0,0.9789903976119323,0
node_123,123,115,5,2022-01-17,96,0,0,0.9757335845625572,1.0,115,0.0,0.9757335845625572,0
node_123,123,115,5,2022-03-05,96,0,0,0.9783784305762487,1.0,115,0.0,0.9783784305762487,0
node_123,123,115,6,2022-01-17,96,0,0,0.9791082170873733,1.0,115,0.0,0.9791082170873733,0
node_123,123,115,6,2022-03-05,96,0,0,0.9781598297263089,1.0,115,0.0,0.9781598297263089,0
node_123,123,115,7,2022-01-17,96,0,0,0.974611170787728,1.0,115,0.0,0.974611170787728,0
node_123,123,115,7,2022-03-05,96,0,0,0.9780633363136451,1.0,115,0.0,0.9780633363136451,0
node_123,123,115,8,2022-01-17,96,0,0,0.9750938459594811,1.0,115,0.0,0.9750938459594811,0
node_123,123,115,8,2022-03-05,96,0,0,0.9814855972686721,1.0,115,0.0,0.9814855972686721,0
node_123,123,115,9,2022-01-17,96,0,0,0.9764893966034519,1.0,115,0.0,0.9764893966034519,0
node_123,123,115,9,2022-03-05,96,0,0,0.9810180259755533,1.0,115,0.0,0.9810180259755533,0
