file,line,check,stated_value,source_value,action,context
thesis_docs/chapters\02_model_validation.md,35,voltage_37pct,37%,"36.4% [22.3, 47.0] at base only (closure_voltage_contribution.csv)",matches source,| Battery degradation model — ambient temperature | See `ev2gym_thesis/degradation_bogota.py` | Previously no (fixed 25 C assumption); now calibrated to a verif
thesis_docs/chapters\03_algorithms.md,62,afap_overload_5.33,5.33,14.22 kWh/day (week5_margin_vs_overload.csv),corrected / labelled (dated note nearby),"| Transformer overload (kWh) | 5.33 [1.93, 8.73] |"
thesis_docs/chapters\03_algorithms.md,79,afap_overload_5.33,5.33,14.22 kWh/day (week5_margin_vs_overload.csv),corrected / labelled (dated note nearby),a measurable transformer overload (mean 5.33 kWh/day on the superseded
thesis_docs/chapters\03_algorithms.md,188,afap_overload_5.33,5.33,14.22 kWh/day (week5_margin_vs_overload.csv),corrected / labelled (dated note nearby),"| Transformer overload | -5.33 kWh [-8.96, -2.13] (absolute; AFAP's baseline is 0 for the % form) |"
thesis_docs/chapters\03_algorithms.md,194,afap_overload_5.33,5.33,14.22 kWh/day (week5_margin_vs_overload.csv),corrected / labelled (dated note nearby),"> **Correction (2026-10-06, closure brief A.2).** Both tables above are from the superseded 5-seed grid. Current grid (100 paired runs, `paired_cluster_bootstra"
thesis_docs/chapters\03_algorithms.md,210,afap_overload_5.33,5.33,14.22 kWh/day (week5_margin_vs_overload.csv),corrected / labelled (dated note nearby),A.2; the superseded 5-seed grid gave 5.33 kWh over 50 runs) and cuts
thesis_docs/chapters\03_algorithms.md,187,rr_energy_0.08pct,0.08%,0.47% (Proposition 7.1: = Delta E / E_AFAP),corrected / labelled (dated note nearby),"| Energy charged | -0.08% [-0.13%, -0.06%] (negligible) |"
thesis_docs/chapters\03_algorithms.md,194,rr_energy_0.08pct,0.08%,0.47% (Proposition 7.1: = Delta E / E_AFAP),corrected / labelled (dated note nearby),"> **Correction (2026-10-06, closure brief A.2).** Both tables above are from the superseded 5-seed grid. Current grid (100 paired runs, `paired_cluster_bootstra"
thesis_docs/chapters\03_algorithms.md,194,rr_cost_551.9,551.9,"551.9 [274.3, 874.2] COP/day (closure_margin_vs_overload_ci.csv)",matches source,"> **Correction (2026-10-06, closure brief A.2).** Both tables above are from the superseded 5-seed grid. Current grid (100 paired runs, `paired_cluster_bootstra"
thesis_docs/chapters\03_algorithms.md,194,rr_relative_0.47pct,0.47%,0.47% (Proposition 7.1: = Delta E / E_AFAP),matches source,"> **Correction (2026-10-06, closure brief A.2).** Both tables above are from the superseded 5-seed grid. Current grid (100 paired runs, `paired_cluster_bootstra"
thesis_docs/chapters\03_algorithms.md,194,rr_relative_0.47pct,0.47%,0.47% (Proposition 7.1: = Delta E / E_AFAP),matches source,"> **Correction (2026-10-06, closure brief A.2).** Both tables above are from the superseded 5-seed grid. Current grid (100 paired runs, `paired_cluster_bootstra"
thesis_docs/chapters\03_algorithms.md,212,rr_relative_0.47pct,0.47%,0.47% (Proposition 7.1: = Delta E / E_AFAP),matches source,"cost in COP gross margin (-0.47% [-0.75%, -0.23%]; the superseded figure"
thesis_docs/chapters\03_algorithms.md,66,afap_overload_14.22,14.22,14.22 kWh/day (week5_margin_vs_overload.csv),matches source,"> **Correction (2026-10-06, closure brief A.2).** The table above is from the superseded 5-seed x 10-day grid (non-independent days, pre-Gate-4 setpoints; see 0"
thesis_docs/chapters\03_algorithms.md,80,afap_overload_14.22,14.22,14.22 kWh/day (week5_margin_vs_overload.csv),matches source,"5-seed grid; **14.22 kWh/day [9.58, 19.28], n_clusters = 50, on the current"
thesis_docs/chapters\03_algorithms.md,194,afap_overload_14.22,14.22,14.22 kWh/day (week5_margin_vs_overload.csv),matches source,"> **Correction (2026-10-06, closure brief A.2).** Both tables above are from the superseded 5-seed grid. Current grid (100 paired runs, `paired_cluster_bootstra"
thesis_docs/chapters\03_algorithms.md,208,afap_overload_14.22,14.22,14.22 kWh/day (week5_margin_vs_overload.csv),matches source,"station (0.0 kWh across all 100 current-grid evaluation runs, vs. AFAP's 14.22 kWh"
thesis_docs/chapters\03_rl_baseline.md,297,afap_overload_5.33,5.33,14.22 kWh/day (week5_margin_vs_overload.csv),corrected / labelled (dated note nearby),"| AFAP | 13.44 | -45.73 | 1.000 | 100.00 | 5.33 [1.93,8.73] |"
thesis_docs/chapters\03_rl_baseline.md,304,afap_overload_5.33,5.33,14.22 kWh/day (week5_margin_vs_overload.csv),corrected / labelled (dated note nearby),"> **Correction (2026-10-06, closure brief A.2).** This table (and the 5.33 kWh AFAP value quoted below and in S3.11) is from the superseded 5-seed x 10-day grid"
thesis_docs/chapters\03_rl_baseline.md,313,afap_overload_5.33,5.33,14.22 kWh/day (week5_margin_vs_overload.csv),corrected / labelled (dated note nearby),"kWh) is *significantly lower* than AFAP's (5.33 kWh, paired bootstrap 95%"
thesis_docs/chapters\03_rl_baseline.md,452,afap_overload_5.33,5.33,14.22 kWh/day (week5_margin_vs_overload.csv),corrected / labelled (dated note nearby),"AFAP (5.33 kWh, superseded 5-seed grid; 14.22 kWh on the current grid), proving TD3's near-zero overload is learned, not"
thesis_docs/chapters\03_rl_baseline.md,304,afap_overload_14.22,14.22,14.22 kWh/day (week5_margin_vs_overload.csv),matches source,"> **Correction (2026-10-06, closure brief A.2).** This table (and the 5.33 kWh AFAP value quoted below and in S3.11) is from the superseded 5-seed x 10-day grid"
thesis_docs/chapters\03_rl_baseline.md,452,afap_overload_14.22,14.22,14.22 kWh/day (week5_margin_vs_overload.csv),matches source,"AFAP (5.33 kWh, superseded 5-seed grid; 14.22 kWh on the current grid), proving TD3's near-zero overload is learned, not"
thesis_docs/chapters\05_algorithm_comparison.md,30,afap_overload_5.33,5.33,14.22 kWh/day (week5_margin_vs_overload.csv),corrected / labelled (dated note nearby),overload of 5.33 kWh/day. It also said AFAP had the highest margin of
thesis_docs/chapters\05_algorithm_comparison.md,42,afap_overload_5.33,5.33,14.22 kWh/day (week5_margin_vs_overload.csv),corrected / labelled (dated note nearby),"subsection was computed on the superseded 5-seed × 10-day grid: mean 5.330,"
thesis_docs/chapters\05_algorithm_comparison.md,80,afap_overload_5.33,5.33,14.22 kWh/day (week5_margin_vs_overload.csv),corrected / labelled (dated note nearby),all days.** A mean of 5.33 kWh/day (superseded 5-seed grid) is the correct summary statistic for
thesis_docs/chapters\05_algorithm_comparison.md,182,afap_overload_5.33,5.33,14.22 kWh/day (week5_margin_vs_overload.csv),corrected / labelled (dated note nearby),| RoundRobin | 88.6 | 5.330 | **16.6** | 99.997% |
thesis_docs/chapters\05_algorithm_comparison.md,183,afap_overload_5.33,5.33,14.22 kWh/day (week5_margin_vs_overload.csv),corrected / labelled (dated note nearby),| Optimal_Oracle_Balanced | 138.9 | 5.330 | 26.1 | 100.0% |
thesis_docs/chapters\05_algorithm_comparison.md,184,afap_overload_5.33,5.33,14.22 kWh/day (week5_margin_vs_overload.csv),corrected / labelled (dated note nearby),| Optimal_Oracle_Tracking | 592.6 | 5.330 | 111.2 | 100.0% |
thesis_docs/chapters\05_algorithm_comparison.md,194,afap_overload_5.33,5.33,14.22 kWh/day (week5_margin_vs_overload.csv),corrected / labelled (dated note nearby),"COP/day, 16.6 COP/kWh, 5.33 kWh). The current values are in the corrected"
thesis_docs/chapters\05_algorithm_comparison.md,202,afap_overload_5.33,5.33,14.22 kWh/day (week5_margin_vs_overload.csv),corrected / labelled (dated note nearby),"per kWh but does not fully eliminate overload (5.11 of 5.33 kWh avoided,"
thesis_docs/chapters\05_algorithm_comparison.md,212,afap_overload_5.33,5.33,14.22 kWh/day (week5_margin_vs_overload.csv),corrected / labelled (dated note nearby),overload (avoiding only 1.16–4.88 of AFAP's 5.33 kWh) and costing real
thesis_docs/chapters\05_algorithm_comparison.md,621,afap_overload_5.33,5.33,14.22 kWh/day (week5_margin_vs_overload.csv),corrected / labelled (dated note nearby),"than the earlier, superseded 5-seed estimate (5.33 kWh) suggested. Full distribution:"
thesis_docs/chapters\05_algorithm_comparison.md,226,afap_overload_13.25,13.25 kWh,14.22 kWh/day (week5_margin_vs_overload.csv),corrected / labelled (dated note nearby),"overload 13.25 kWh) came from the stale, pre-Gate-4"
thesis_docs/chapters\05_algorithm_comparison.md,746,afap_overload_13.25,13.25 kWh,14.22 kWh/day (week5_margin_vs_overload.csv),corrected / labelled (dated note nearby),table (AFAP overload 13.25 kWh) come from
thesis_docs/chapters\05_algorithm_comparison.md,225,rr_cost_503.9,503.9,"551.9 [274.3, 874.2] COP/day (closure_margin_vs_overload_ci.csv)",corrected / labelled (dated note nearby),"originally stood here (Round Robin 503.9 COP/day, 38.0 COP/kWh, AFAP"
thesis_docs/chapters\05_algorithm_comparison.md,251,rr_cost_503.9,503.9,"551.9 [274.3, 874.2] COP/day (closure_margin_vs_overload_ci.csv)",corrected / labelled (dated note nearby),"revenue, well under 1% (corrected 2026-10-06; previously 503.9). It is no"
thesis_docs/chapters\05_algorithm_comparison.md,736,rr_cost_503.9,503.9,"551.9 [274.3, 874.2] COP/day (closure_margin_vs_overload_ci.csv)",corrected / labelled (dated note nearby),"(corrected 2026-10-06; previously 503.9, see the note below) of"
thesis_docs/chapters\05_algorithm_comparison.md,745,rr_cost_503.9,503.9,"551.9 [274.3, 874.2] COP/day (closure_margin_vs_overload_ci.csv)",corrected / labelled (dated note nearby),"*Correction (2026-10-05, Week 7).* The 503.9 COP/day figure and S5.1's"
thesis_docs/chapters\05_algorithm_comparison.md,200,rr_cost_88.6,88.6 COP,"551.9 [274.3, 874.2] COP/day (closure_margin_vs_overload_ci.csv)",corrected / labelled (dated note nearby),"AFAP's overload for 88.6 COP/day of foregone margin — effectively free,"
thesis_docs/chapters\05_algorithm_comparison.md,195,rr_cost_551.9,551.9,"551.9 [274.3, 874.2] COP/day (closure_margin_vs_overload_ci.csv)",matches source,"table further down: Round Robin concedes **551.9 COP/day**, CI [274.3,"
thesis_docs/chapters\05_algorithm_comparison.md,238,rr_cost_551.9,551.9,"551.9 [274.3, 874.2] COP/day (closure_margin_vs_overload_ci.csv)",matches source,"| Round Robin | 551.9 [274.3, 874.2] | 14.22 [9.58, 19.28] | **38.8** | 99.91% |"
thesis_docs/chapters\05_algorithm_comparison.md,250,rr_cost_551.9,551.9,"551.9 [274.3, 874.2] COP/day (closure_margin_vs_overload_ci.csv)",matches source,"negligible in absolute terms: 551.9 COP against a ~118,000 COP daily gross"
thesis_docs/chapters\05_algorithm_comparison.md,735,rr_cost_551.9,551.9,"551.9 [274.3, 874.2] COP/day (closure_margin_vs_overload_ci.csv)",matches source,- **Economic cost of that compliance is negligible.** 551.9 COP/day
thesis_docs/chapters\05_algorithm_comparison.md,751,rr_cost_551.9,551.9,"551.9 [274.3, 874.2] COP/day (closure_margin_vs_overload_ci.csv)",matches source,"**551.9 COP/day** (cluster-bootstrap 95% CI [274, 874], n_clusters = 50)"
thesis_docs/chapters\05_algorithm_comparison.md,685,rr_relative_0.47pct,0.47%,0.47% (Proposition 7.1: = Delta E / E_AFAP),matches source,"| Round Robin | 0.47% | [0.24, 0.75] | Yes | 0.497% |"
thesis_docs/chapters\05_algorithm_comparison.md,980,rr_relative_0.47pct,0.47%,0.47% (Proposition 7.1: = Delta E / E_AFAP),matches source,"| Round Robin | 13,581 | 0.00 | 99.91% | 98.80 | 0.47% |"
thesis_docs/chapters\05_algorithm_comparison.md,24,afap_overload_14.22,14.22,14.22 kWh/day (week5_margin_vs_overload.csv),matches source,"transformer: a mean of 14.22 kWh/day, 95% cluster-bootstrap CI [9.58,"
thesis_docs/chapters\05_algorithm_comparison.md,49,afap_overload_14.22,14.22,14.22 kWh/day (week5_margin_vs_overload.csv),matches source,"| mean | **14.225 kWh** (95% cluster-bootstrap CI [9.58, 19.28], n_clusters = 50) |"
thesis_docs/chapters\05_algorithm_comparison.md,235,afap_overload_14.22,14.22,14.22 kWh/day (week5_margin_vs_overload.csv),matches source,"| **MPC_EnergyMaxG2V** | **−3.1 [−4.2, −2.1] (earns *more* than AFAP)** | 14.22 [9.58, 19.28] | — | 100.0% |"
thesis_docs/chapters\05_algorithm_comparison.md,237,afap_overload_14.22,14.22,14.22 kWh/day (week5_margin_vs_overload.csv),matches source,"| Optimal_Oracle_Balanced | 121.1 [114.6, 127.8] | 14.22 [9.58, 19.28] | 8.5 | 100.0% |"
thesis_docs/chapters\05_algorithm_comparison.md,238,afap_overload_14.22,14.22,14.22 kWh/day (week5_margin_vs_overload.csv),matches source,"| Round Robin | 551.9 [274.3, 874.2] | 14.22 [9.58, 19.28] | **38.8** | 99.91% |"
thesis_docs/chapters\05_algorithm_comparison.md,239,afap_overload_14.22,14.22,14.22 kWh/day (week5_margin_vs_overload.csv),matches source,"| MPC_TrackingG2V | 571.8 [550.6, 593.1] | 14.22 [9.58, 19.28] | 40.2 | 100.0% |"
thesis_docs/chapters\05_algorithm_comparison.md,240,afap_overload_14.22,14.22,14.22 kWh/day (week5_margin_vs_overload.csv),matches source,"| Optimal_Oracle_Tracking | 576.6 [555.6, 598.1] | 14.22 [9.58, 19.28] | 40.5 | 100.0% |"
thesis_docs/chapters\05_algorithm_comparison.md,264,afap_overload_14.22,14.22,14.22 kWh/day (week5_margin_vs_overload.csv),matches source,eliminate the overload. The RL arms avoid only 3.35–9.74 of AFAP's 14.22
thesis_docs/chapters\05_algorithm_comparison.md,265,afap_overload_14.22,14.22,14.22 kWh/day (week5_margin_vs_overload.csv),matches source,"kWh, against Round Robin's full 14.22. The figures were corrected on"
thesis_docs/chapters\05_algorithm_comparison.md,555,afap_overload_14.22,14.22,14.22 kWh/day (week5_margin_vs_overload.csv),matches source,"| AFAP | 13.44 | 14.22 | 100.0% | 100.00 | 56,257 | 0.000473 |"
thesis_docs/chapters\05_algorithm_comparison.md,595,afap_overload_14.22,14.22,14.22 kWh/day (week5_margin_vs_overload.csv),matches source,"| NEW — cluster bootstrap, 50 seeds × 2 day types | −14.22 kWh | [−19.25, −9.62] | 100 / 50 |"
thesis_docs/chapters\05_algorithm_comparison.md,611,afap_overload_14.22,14.22,14.22 kWh/day (week5_margin_vs_overload.csv),matches source,| Mean | 14.22 kWh |
thesis_docs/chapters\05_algorithm_comparison.md,620,afap_overload_14.22,14.22,14.22 kWh/day (week5_margin_vs_overload.csv),matches source,"transformer's rating, at a mean magnitude (14.22 kWh) roughly 2.7× larger"
thesis_docs/chapters\05_algorithm_comparison.md,753,afap_overload_14.22,14.22,14.22 kWh/day (week5_margin_vs_overload.csv),matches source,14.22 kWh/day (S5.6). The conclusion is unchanged: the cost is under 1%.
thesis_docs/chapters\05_algorithm_comparison.md,1077,afap_overload_14.22,14.22,14.22 kWh/day (week5_margin_vs_overload.csv),matches source,achieves this with 14.22 kWh/day of overload. Round Robin is
thesis_docs/chapters\06_infrastructure.md,216,satisfaction_unchanged,99.89–99.93%,"Round Robin DNS 34.58% [30.75, 38.38] at 1.0x (closure_demand_not_served.csv)",corrected / labelled (dated note nearby),satisfaction figures (99.89–99.93%) were correctly computed. They describe
thesis_docs/chapters\06_infrastructure.md,518,rr_cost_551.9,551.9,"551.9 [274.3, 874.2] COP/day (closure_margin_vs_overload_ci.csv)",matches source,"| 1.0× | 551.9 | [274.3, 874.2] | 0.47% |"
thesis_docs/chapters\06_infrastructure.md,518,rr_relative_0.47pct,0.47%,0.47% (Proposition 7.1: = Delta E / E_AFAP),matches source,"| 1.0× | 551.9 | [274.3, 874.2] | 0.47% |"
thesis_docs/chapters\06_infrastructure.md,345,afap_overload_14.22,14.22,14.22 kWh/day (week5_margin_vs_overload.csv),matches source,and from 14.22 to 3.78 at 1.0×. It is not eliminated.
thesis_docs/chapters\06_infrastructure.md,409,voltage_37pct,37%,"36.4% [22.3, 47.0] at base only (closure_voltage_contribution.csv)",matches source,unmanaged charging.** Round Robin's drop in minimum voltage is 37% smaller
thesis_docs/chapters\06_infrastructure.md,417,voltage_37pct,37%,"36.4% [22.3, 47.0] at base only (closure_voltage_contribution.csv)",matches source,"**Closure (2026-10-06, brief E2–E3): a feeder that is in band, and what ""37%"" means.**"
thesis_docs/chapters\06_infrastructure.md,468,voltage_37pct,37%,"36.4% [22.3, 47.0] at base only (closure_voltage_contribution.csv)",matches source,"*E3 — the ""37%"".* The quantity is the per-run drop in the **feeder-wide"
thesis_docs/chapters\06_infrastructure.md,470,voltage_37pct,37%,"36.4% [22.3, 47.0] at base only (closure_voltage_contribution.csv)",matches source,the idle-station run of the same cell. The 37% is Round Robin's reduction
thesis_docs/chapters\06_infrastructure.md,483,voltage_37pct,37%,"36.4% [22.3, 47.0] at base only (closure_voltage_contribution.csv)",matches source,"22.7%. The ""37%"" is"
thesis_docs/chapters\06_infrastructure.md,167,sizing_225kVA,225 kVA,225 kVA (P95 172.7-191.9 kW / 0.894 -> ET-013),matches source,| base | AFAP | 28/50 | 10.32 / 44.88 / 78.63 | 116.2 / 172.7 / 220.8 | 225 kVA |
thesis_docs/chapters\06_infrastructure.md,168,sizing_225kVA,225 kVA,225 kVA (P95 172.7-191.9 kW / 0.894 -> ET-013),matches source,| spawn 1.3× | AFAP | 42/50 | 21.20 / 69.78 / 91.23 | 132.0 / 191.9 / 220.8 | 225 kVA |
thesis_docs/chapters\06_infrastructure.md,169,sizing_225kVA,225 kVA,225 kVA (P95 172.7-191.9 kW / 0.894 -> ET-013),matches source,| spawn 1.6× | AFAP | 39/50 | 25.09 / 61.45 / 83.13 | 134.6 / 189.1 / 204.7 | 225 kVA |
thesis_docs/chapters\06_infrastructure.md,171,sizing_225kVA,225 kVA,225 kVA (P95 172.7-191.9 kW / 0.894 -> ET-013),matches source,| base / 1.3× / 1.6× | TD3 extended s102 | 16 / 16 / 26 of 50 | P95 22.14 / 23.01 / 28.82 | P95 144.3 / 144.5 / 145.9 | 225 kVA at pf 0.894 (150 kVA at unity pf
thesis_docs/chapters\06_infrastructure.md,177,sizing_225kVA,225 kVA,225 kVA (P95 172.7-191.9 kW / 0.894 -> ET-013),matches source,"overloading.** That is the next standard size of **225 kVA**, against the"
thesis_docs/chapters\06_infrastructure.md,195,sizing_225kVA,225 kVA,225 kVA (P95 172.7-191.9 kW / 0.894 -> ET-013),matches source,"**Mapping, rounding up.** Every peak maps to **225 kVA**, whether the"
thesis_docs/chapters\06_infrastructure.md,198,sizing_225kVA,225 kVA,225 kVA (P95 172.7-191.9 kW / 0.894 -> ET-013),matches source,"peaks are 161–163 kVA at pf 0.894, which maps to 225 kVA. At unity power"
thesis_docs/chapters\06_infrastructure.md,383,sizing_225kVA,225 kVA,225 kVA (P95 172.7-191.9 kW / 0.894 -> ET-013),matches source,"next standard size is 225 kVA for the 1.0–1.6× P95 peak (Guideline 1),"
thesis_docs/chapters\06_infrastructure.md,526,sizing_225kVA,225 kVA,225 kVA (P95 172.7-191.9 kW / 0.894 -> ET-013),matches source,"225 kVA unit for unmanaged charging, is under 1% of daily margin at every"
thesis_docs/chapters\06_infrastructure.md,597,sizing_225kVA,225 kVA,225 kVA (P95 172.7-191.9 kW / 0.894 -> ET-013),matches source,"Unmanaged charging would need a 225 kVA unit (ET-013 standard size, at"
thesis_docs/chapters\07_replicability.md,108,rr_cost_551.9,551.9,"551.9 [274.3, 874.2] COP/day (closure_margin_vs_overload_ci.csv)",matches source,"| **Round Robin** | 201.2 | 117,532 | 105,832 | **551.9 [274.3, 874.2]** | **497.0 [247.0, 787.2]** |"
thesis_docs/chapters\07_replicability.md,114,rr_cost_551.9,551.9,"551.9 [274.3, 874.2] COP/day (closure_margin_vs_overload_ci.csv)",matches source,deployable strategy** (Round Robin against AFAP) is 551.9 COP/day in
thesis_docs/chapters\07_replicability.md,242,rr_cost_551.9,551.9,"551.9 [274.3, 874.2] COP/day (closure_margin_vs_overload_ci.csv)",matches source,"| base, load 1.3, load 1.6 | 551.9 [274.3, 874.2] | 497.0 [247.0, 787.2] |"
thesis_docs/chapters\07_replicability.md,320,rr_cost_551.9,551.9,"551.9 [274.3, 874.2] COP/day (closure_margin_vs_overload_ci.csv)",matches source,"| Bogotá | 584.2 | 584.2 (1,450 is Enel's price) | 551.9 [274.3, 874.2] | 775.1 [487.5, 1,108.4] |"
thesis_docs/chapters\07_replicability.md,115,rr_relative_0.47pct,0.47%,0.47% (Proposition 7.1: = Delta E / E_AFAP),matches source,Bogotá and 497.0 COP/day in Medellín. That is 0.47% of AFAP's margin in
thesis_docs/chapters\07_replicability.md,116,rr_relative_0.47pct,0.47%,0.47% (Proposition 7.1: = Delta E / E_AFAP),matches source,"both cities. The equal 0.47% and the factor (1,450 − 923.92) / (1,450 −"
thesis_docs/chapters\07_replicability.md,190,rr_relative_0.47pct,0.47%,0.47% (Proposition 7.1: = Delta E / E_AFAP),matches source,- the identical 0.47% in both cities;
thesis_docs/chapters\07_replicability.md,327,rr_relative_0.47pct,0.47%,0.47% (Proposition 7.1: = Delta E / E_AFAP),matches source,"Under the flat cost, the relative cost is 0.47% of AFAP's margin in every"
thesis_docs/chapters\07_replicability.md,432,rr_relative_0.47pct,0.47%,0.47% (Proposition 7.1: = Delta E / E_AFAP),matches source,"a flat tariff** (0.47% of margin), by Proposition 7.1, part 2."
thesis_docs/chapters\07_replicability.md,189,ranking_48_checks,48/48,0.47% (Proposition 7.1: = Delta E / E_AFAP),matches source,- the 48/48 identical rankings of S7.5;
thesis_docs/chapters\07_replicability.md,249,ranking_48_checks,48 checks,0.47% (Proposition 7.1: = Delta E / E_AFAP),matches source,"datasets × 8 price scenarios (48 checks, all identical rankings,"
thesis_docs/chapters\07_replicability.md,250,ranking_48_checks,48 checks,0.47% (Proposition 7.1: = Delta E / E_AFAP),matches source,`results/week7_ranking_invariance.csv`). These 48 checks are the
thesis_docs/chapters\07_replicability.md,58,spread_bogota_1.57,1.57%,"1.57% (Enel Aug 2026, cities.py)",matches source,"**Intraday spread:** 0.69% in Medellín, against 1.57% in Bogotá (Week 5)."
thesis_docs/chapters\07_replicability.md,81,spread_bogota_1.57,1.57%,"1.57% (Enel Aug 2026, cities.py)",matches source,"| Intraday spread | city-specific, **replaced** | 1.57% | 0.69% |"
thesis_docs/chapters\07_replicability.md,290,spread_bogota_1.57,1.57%,"1.57% (Enel Aug 2026, cities.py)",matches source,"| Bogotá | Enel, Aug 2026 | 721.47 | 865.76 (published) | Opciones horarias 9–12, 18–21 h: 877.57 / 864.02 | 1.57% | 52.0% | both pass |"
thesis_docs/chapters\07_replicability.md,335,spread_bogota_1.57,1.57%,"1.57% (Enel Aug 2026, cities.py)",matches source,published two-band spread is at most 1.57%.
thesis_docs/chapters\07_replicability.md,58,spread_medellin_0.69,0.69%,"0.69% (EPM Sep 2026, cities.py)",matches source,"**Intraday spread:** 0.69% in Medellín, against 1.57% in Bogotá (Week 5)."
thesis_docs/chapters\07_replicability.md,81,spread_medellin_0.69,0.69%,"0.69% (EPM Sep 2026, cities.py)",matches source,"| Intraday spread | city-specific, **replaced** | 1.57% | 0.69% |"
thesis_docs/chapters\07_replicability.md,291,spread_medellin_0.69,0.69%,"0.69% (EPM Sep 2026, cities.py)",matches source,"| Medellín | EPM, Sep 2026 | 767.30 (monomial) | 920.76 (derived ×1.20) | Tarifa horaria 9–12, 18–21 h: 923.92 / 917.58 | 0.69% | 52.1% | both pass (Week 7) |"
thesis_docs/chapters\08_limitations.md,21,battery_60kWh,60 kWh,70 kWh (station_v0_bogota.yaml ev.battery_capacity),corrected / labelled (dated note nearby),"batteries. **[W7, corrected]** Some documents state 60 kWh: the Week 1"
thesis_docs/chapters\08_limitations.md,54,rr_cost_503.9,503.9,"551.9 [274.3, 874.2] COP/day (closure_margin_vs_overload_ci.csv)",corrected / labelled (dated note nearby),"9. **[W7, corrected]** S5.1 and S5.8's cost of the transformer limit (503.9"
thesis_docs/chapters\08_limitations.md,56,rr_cost_551.9,551.9,"551.9 [274.3, 874.2] COP/day (closure_margin_vs_overload_ci.csv)",matches source,"analysis rows is 551.9 COP/day, CI [274, 874] (05 S5.8 correction note)."
thesis_docs/chapters\08_limitations.md,188,voltage_37pct,37%,"36.4% [22.3, 47.0] at base only (closure_voltage_contribution.csv)",matches source,33. **The 37% voltage reduction is a base-setting figure.** It is the
thesis_docs/chapters\08_limitations.md,117,sizing_225kVA,225 kVA,225 kVA (P95 172.7-191.9 kW / 0.894 -> ET-013),matches source,225 kVA for AFAP (item 29).
thesis_docs/chapters\08_limitations.md,42,spread_bogota_1.57,1.57%,"1.57% (Enel Aug 2026, cities.py)",matches source,signal worth exploiting: the Punta / Fuera de Punta spread is 1.57% in
thesis_docs/chapters\08_limitations.md,43,spread_medellin_0.69,0.69%,"0.69% (EPM Sep 2026, cities.py)",matches source,Bogotá and 0.69% in Medellín. Margin is therefore proportional to energy
thesis_docs\Week3_Parameter_Method_and_Implementation_Justification.md,60,afap_overload_5.33,5.33,14.22 kWh/day (week5_margin_vs_overload.csv),corrected / labelled (dated note nearby),"| Random-policy control | `env.action_space.sample()`, action-space seeded with the scenario seed | Empirically set inside this project | Without this control, "
thesis_docs\Week3_Parameter_Method_and_Implementation_Justification.md,1136,afap_overload_5.33,5.33,14.22 kWh/day (week5_margin_vs_overload.csv),corrected / labelled (dated note nearby),overload than AFAP (0.22 kWh vs. AFAP's 5.33 kWh) and is statistically
thesis_docs\Week3_Parameter_Method_and_Implementation_Justification.md,1162,afap_overload_5.33,5.33,14.22 kWh/day (week5_margin_vs_overload.csv),corrected / labelled (dated note nearby),"| AFAP transformer overload (kWh/day) | 5.33 [1.93, 8.73] | 14.22 [9.58, 19.28] |"
thesis_docs\Week3_Parameter_Method_and_Implementation_Justification.md,1165,rr_energy_0.08pct,0.08%,0.47% (Proposition 7.1: = Delta E / E_AFAP),corrected / labelled (dated note nearby),"| Round Robin vs. AFAP, energy charged | -0.08% | -0.47% [-0.75%, -0.23%] |"
thesis_docs\Week3_Parameter_Method_and_Implementation_Justification.md,1165,rr_relative_0.47pct,0.47%,0.47% (Proposition 7.1: = Delta E / E_AFAP),matches source,"| Round Robin vs. AFAP, energy charged | -0.08% | -0.47% [-0.75%, -0.23%] |"
thesis_docs\Week3_Parameter_Method_and_Implementation_Justification.md,1162,afap_overload_14.22,14.22,14.22 kWh/day (week5_margin_vs_overload.csv),matches source,"| AFAP transformer overload (kWh/day) | 5.33 [1.93, 8.73] | 14.22 [9.58, 19.28] |"
thesis_docs\Week5_Parameter_Method_and_Implementation_Justification.md,37,spread_bogota_1.57,1.57%,"1.57% (Enel Aug 2026, cities.py)",matches source,"1.57%, the generation component bounding any arbitrage value is ~52%"
thesis_docs\Week7_Objectives4_5_Parameter_Method_and_Implementation_Justification.md,112,rr_cost_503.9,503.9,"551.9 [274.3, 874.2] COP/day (closure_margin_vs_overload_ci.csv)",corrected / labelled (dated note nearby),| Week 5 margin figure | 503.9 corrected to 551.9 COP/day (S5.8 correction note) | Validated | The 503.9 came from a stale pre-Gate-4 CSV; 551.9 was recomputed 
thesis_docs\Week7_Objectives4_5_Parameter_Method_and_Implementation_Justification.md,112,rr_cost_503.9,503.9,"551.9 [274.3, 874.2] COP/day (closure_margin_vs_overload_ci.csv)",corrected / labelled (dated note nearby),| Week 5 margin figure | 503.9 corrected to 551.9 COP/day (S5.8 correction note) | Validated | The 503.9 came from a stale pre-Gate-4 CSV; 551.9 was recomputed 
thesis_docs\Week7_Objectives4_5_Parameter_Method_and_Implementation_Justification.md,19,satisfaction_unchanged,satisfaction is unchanged,"Round Robin DNS 34.58% [30.75, 38.38] at 1.0x (closure_demand_not_served.csv)",corrected / labelled (dated note nearby),"- User satisfaction is unchanged: 99.89–99.93%, and the change against"
thesis_docs\Week7_Objectives4_5_Parameter_Method_and_Implementation_Justification.md,19,satisfaction_unchanged,99.89–99.93%,"Round Robin DNS 34.58% [30.75, 38.38] at 1.0x (closure_demand_not_served.csv)",corrected / labelled (dated note nearby),"- User satisfaction is unchanged: 99.89–99.93%, and the change against"
thesis_docs\Week7_Objectives4_5_Parameter_Method_and_Implementation_Justification.md,48,targets_met_all_arms,met by every arm,"Round Robin DNS 34.58% [30.75, 38.38] at 1.0x (closure_demand_not_served.csv)",corrected / labelled (dated note nearby),- The satisfaction > 90% and `ENS_rel` < 15% targets are **met by every arm
thesis_docs\Week7_Objectives4_5_Parameter_Method_and_Implementation_Justification.md,65,rr_cost_551.9,551.9,"551.9 [274.3, 874.2] COP/day (closure_margin_vs_overload_ci.csv)",matches source,"Robin concedes 497.0 COP/day in Medellín against 551.9 in Bogotá, a"
thesis_docs\Week7_Objectives4_5_Parameter_Method_and_Implementation_Justification.md,112,rr_cost_551.9,551.9,"551.9 [274.3, 874.2] COP/day (closure_margin_vs_overload_ci.csv)",matches source,| Week 5 margin figure | 503.9 corrected to 551.9 COP/day (S5.8 correction note) | Validated | The 503.9 came from a stale pre-Gate-4 CSV; 551.9 was recomputed 
thesis_docs\Week7_Objectives4_5_Parameter_Method_and_Implementation_Justification.md,112,rr_cost_551.9,551.9,"551.9 [274.3, 874.2] COP/day (closure_margin_vs_overload_ci.csv)",matches source,| Week 5 margin figure | 503.9 corrected to 551.9 COP/day (S5.8 correction note) | Validated | The 503.9 came from a stale pre-Gate-4 CSV; 551.9 was recomputed 
thesis_docs\Week7_Objectives4_5_Parameter_Method_and_Implementation_Justification.md,66,rr_relative_0.47pct,0.47%,0.47% (Proposition 7.1: = Delta E / E_AFAP),matches source,"constant ratio of 0.900, or 0.47% of margin in both."
thesis_docs\Week7_Objectives4_5_Parameter_Method_and_Implementation_Justification.md,42,voltage_37pct,37%,"36.4% [22.3, 47.0] at base only (closure_voltage_contribution.csv)",matches source,"37% against AFAP: −0.00053 against −0.00084 p.u., with CIs that do not"
thesis_docs\Week7_Objectives4_5_Parameter_Method_and_Implementation_Justification.md,31,sizing_225kVA,225 kVA,225 kVA (P95 172.7-191.9 kW / 0.894 -> ET-013),matches source,**225 kVA**.
thesis_docs\Week7_Objectives4_5_Parameter_Method_and_Implementation_Justification.md,108,spread_bogota_1.57,1.57%,"1.57% (Enel Aug 2026, cities.py)",matches source,"| Intraday spread | Medellín 0.69%, Bogotá 1.57% | Validated | Below Bogotá's, so no price-signal simulation (Checkpoint 2 rule). |"
thesis_docs\Week7_Objectives4_5_Parameter_Method_and_Implementation_Justification.md,61,spread_medellin_0.69,0.69%,"0.69% (EPM Sep 2026, cities.py)",matches source,"both Week 5 invariants, and its intraday spread is 0.69%."
thesis_docs\Week7_Objectives4_5_Parameter_Method_and_Implementation_Justification.md,108,spread_medellin_0.69,0.69%,"0.69% (EPM Sep 2026, cities.py)",matches source,"| Intraday spread | Medellín 0.69%, Bogotá 1.57% | Validated | Below Bogotá's, so no price-signal simulation (Checkpoint 2 rule). |"
thesis_docs/overnight_report.md,46,battery_60kWh,60 kWh,70 kWh (station_v0_bogota.yaml ev.battery_capacity),corrected / labelled (dated note nearby),- No in-repo Markdown file states 60 kWh.
thesis_docs/overnight_report.md,56,battery_60kWh,60 kWh,70 kWh (station_v0_bogota.yaml ev.battery_capacity),corrected / labelled (dated note nearby),"- ""All simulated vehicles share one 60 kWh battery profile for Week 1."" →"
thesis_docs/overnight_report.md,58,battery_60kWh,60 kWh,70 kWh (station_v0_bogota.yaml ev.battery_capacity),corrected / labelled (dated note nearby),"- ""Uniform, 60 kWh battery"" → 70 kWh;"
thesis_docs/overnight_report.md,754,battery_60kWh,60 kWh,70 kWh (station_v0_bogota.yaml ev.battery_capacity),historical section of the report (superseded by the closure section),"1. Correct ""60 kWh"" → ""70 kWh"" in the Week 1 handback, the external"
thesis_docs/overnight_report.md,921,battery_60kWh,60 kWh,70 kWh (station_v0_bogota.yaml ev.battery_capacity),historical section of the report (superseded by the closure section),documents state **60 kWh** instead:
thesis_docs/overnight_report.md,925,battery_60kWh,60 kWh,70 kWh (station_v0_bogota.yaml ev.battery_capacity),historical section of the report (superseded by the closure section),"| `thesis_docs/Progress_Log_Thesis_Project_corrected_2026-09-09.docx` | ""All simulated vehicles share one 60 kWh battery profile for Week 1."" |"
thesis_docs/overnight_report.md,926,battery_60kWh,60 kWh,70 kWh (station_v0_bogota.yaml ev.battery_capacity),historical section of the report (superseded by the closure section),"| `../Progress_Log_Thesis_Project.docx` | ""Uniform, 60 kWh battery"" |"
thesis_docs/overnight_report.md,927,battery_60kWh,60 kWh,70 kWh (station_v0_bogota.yaml ev.battery_capacity),historical section of the report (superseded by the closure section),"| `../Progress_Log_Thesis_Project.backup-before-week3-20260813000202.docx` | ""Uniform, 60 kWh battery"" |"
thesis_docs/overnight_report.md,928,battery_60kWh,60 kWh,70 kWh (station_v0_bogota.yaml ev.battery_capacity),historical section of the report (superseded by the closure section),"| `../Week1_Parameter_and_Method_Justification.docx` | ""All simulated vehicles share one 60 kWh battery profile for Week 1."" |"
thesis_docs/overnight_report.md,930,battery_60kWh,60 kWh,70 kWh (station_v0_bogota.yaml ev.battery_capacity),historical section of the report (superseded by the closure section),"No `.md`, `.py` or `.yaml` file states 60 kWh. An older lab-log entry said"
thesis_docs/overnight_report.md,931,battery_60kWh,60 kWh,70 kWh (station_v0_bogota.yaml ev.battery_capacity),historical section of the report (superseded by the closure section),"that ""no document stating 60 kWh"" was found; that search covered Markdown"
thesis_docs/overnight_report.md,60,afap_overload_5.33,5.33,14.22 kWh/day (week5_margin_vs_overload.csv),corrected / labelled (dated note nearby),"unmanaged AFAP (5.33 kWh)"";"
thesis_docs/overnight_report.md,61,afap_overload_5.33,5.33,14.22 kWh/day (week5_margin_vs_overload.csv),corrected / labelled (dated note nearby),"- ""RandomPolicy achieves approximately 0.22 kWh … compared with 5.33 kWh"
thesis_docs/overnight_report.md,73,afap_overload_5.33,5.33,14.22 kWh/day (week5_margin_vs_overload.csv),corrected / labelled (dated note nearby),"| AFAP overload 5.33 kWh/day or 13.25 | **14.22 [9.58, 19.28]**, in 28/50 seeds |"
thesis_docs/overnight_report.md,233,afap_overload_5.33,5.33,14.22 kWh/day (week5_margin_vs_overload.csv),corrected / labelled (dated note nearby),"- Message: `fix: replace stale 5-seed-grid and pre-Gate-4 figures (5.33 kWh, 503.9/88.6 COP, -0.08%) with current-grid values and dated notes; pin 22 arms x 100"
thesis_docs/overnight_report.md,63,rr_cost_503.9,503.9,"551.9 [274.3, 874.2] COP/day (closure_margin_vs_overload_ci.csv)",corrected / labelled (dated note nearby),"- ""About 503.9 COP/day of foregone margin"";"
thesis_docs/overnight_report.md,72,rr_cost_503.9,503.9,"551.9 [274.3, 874.2] COP/day (closure_margin_vs_overload_ci.csv)",corrected / labelled (dated note nearby),"| 503.9 or 88.6 COP/day | **551.9 [274.3, 874.2]** (38.8 COP/kWh) |"
thesis_docs/overnight_report.md,233,rr_cost_503.9,503.9,"551.9 [274.3, 874.2] COP/day (closure_margin_vs_overload_ci.csv)",corrected / labelled (dated note nearby),"- Message: `fix: replace stale 5-seed-grid and pre-Gate-4 figures (5.33 kWh, 503.9/88.6 COP, -0.08%) with current-grid values and dated notes; pin 22 arms x 100"
thesis_docs/overnight_report.md,678,rr_cost_503.9,503.9,"551.9 [274.3, 874.2] COP/day (closure_margin_vs_overload_ci.csv)",historical section of the report (superseded by the closure section),improved); seed-spread sentence corrected; S5.8 503.9 -> 551.9 COP/day
thesis_docs/overnight_report.md,1199,rr_cost_503.9,503.9,"551.9 [274.3, 874.2] COP/day (closure_margin_vs_overload_ci.csv)",historical section of the report (superseded by the closure section),- **Found while working:** S5.8's 503.9 COP/day came from a stale
thesis_docs/overnight_report.md,64,rr_cost_88.6,88.6 COP,"551.9 [274.3, 874.2] COP/day (closure_margin_vs_overload_ci.csv)",corrected / labelled (dated note nearby),"- ""88.6 COP/day"";"
thesis_docs/overnight_report.md,72,rr_cost_88.6,88.6 COP,"551.9 [274.3, 874.2] COP/day (closure_margin_vs_overload_ci.csv)",corrected / labelled (dated note nearby),"| 503.9 or 88.6 COP/day | **551.9 [274.3, 874.2]** (38.8 COP/kWh) |"
thesis_docs/overnight_report.md,233,rr_cost_88.6,88.6 COP,"551.9 [274.3, 874.2] COP/day (closure_margin_vs_overload_ci.csv)",corrected / labelled (dated note nearby),"- Message: `fix: replace stale 5-seed-grid and pre-Gate-4 figures (5.33 kWh, 503.9/88.6 COP, -0.08%) with current-grid values and dated notes; pin 22 arms x 100"
thesis_docs/overnight_report.md,74,rr_energy_0.08pct,0.08%,0.47% (Proposition 7.1: = Delta E / E_AFAP),corrected / labelled (dated note nearby),"| RR vs. AFAP energy −0.08% | **−0.47% [−0.75, −0.23]** |"
thesis_docs/overnight_report.md,233,rr_energy_0.08pct,0.08%,0.47% (Proposition 7.1: = Delta E / E_AFAP),corrected / labelled (dated note nearby),"- Message: `fix: replace stale 5-seed-grid and pre-Gate-4 figures (5.33 kWh, 503.9/88.6 COP, -0.08%) with current-grid values and dated notes; pin 22 arms x 100"
thesis_docs/overnight_report.md,359,satisfaction_unchanged,satisfaction unchanged,"Round Robin DNS 34.58% [30.75, 38.38] at 1.0x (closure_demand_not_served.csv)",corrected / labelled (dated note nearby),"- The ""satisfaction unchanged / ≥ 99.89% / never below 90% up to 1.6×"" claim"
thesis_docs/overnight_report.md,623,satisfaction_unchanged,satisfaction is unchanged,"Round Robin DNS 34.58% [30.75, 38.38] at 1.0x (closure_demand_not_served.csv)",historical section of the report (superseded by the closure section),"- User satisfaction is unchanged (≥ 99.89%). *[Withdrawn 2026-10-06, closure brief Checkpoint B: this is satisfaction of the EVs that obtained a port only. EV2G"
thesis_docs/overnight_report.md,623,satisfaction_unchanged,(≥ 99.89%),"Round Robin DNS 34.58% [30.75, 38.38] at 1.0x (closure_demand_not_served.csv)",historical section of the report (superseded by the closure section),"- User satisfaction is unchanged (≥ 99.89%). *[Withdrawn 2026-10-06, closure brief Checkpoint B: this is satisfaction of the EVs that obtained a port only. EV2G"
thesis_docs/overnight_report.md,1144,satisfaction_unchanged,not reached within 1.6,"Round Robin DNS 34.58% [30.75, 38.38] at 1.0x (closure_demand_not_served.csv)",historical section of the report (superseded by the closure section),"| Round Robin satisfaction | 99.91 / 99.89 / 99.93%. The 90% threshold is not reached within 1.6×, and satisfaction is unchanged vs. base (CI includes zero). *["
thesis_docs/overnight_report.md,1144,satisfaction_unchanged,satisfaction is unchanged,"Round Robin DNS 34.58% [30.75, 38.38] at 1.0x (closure_demand_not_served.csv)",historical section of the report (superseded by the closure section),"| Round Robin satisfaction | 99.91 / 99.89 / 99.93%. The 90% threshold is not reached within 1.6×, and satisfaction is unchanged vs. base (CI includes zero). *["
thesis_docs/overnight_report.md,1149,targets_met_all_arms,met by all arms,"Round Robin DNS 34.58% [30.75, 38.38] at 1.0x (closure_demand_not_served.csv)",historical section of the report (superseded by the closure section),| Targets | Satisfaction and ENS_rel met by all arms at all settings. Voltage not assessable as compliance on this feeder. *[Withdrawn in part 2026-10-06: on de
thesis_docs/overnight_report.md,72,rr_cost_551.9,551.9,"551.9 [274.3, 874.2] COP/day (closure_margin_vs_overload_ci.csv)",matches source,"| 503.9 or 88.6 COP/day | **551.9 [274.3, 874.2]** (38.8 COP/kWh) |"
thesis_docs/overnight_report.md,678,rr_cost_551.9,551.9,"551.9 [274.3, 874.2] COP/day (closure_margin_vs_overload_ci.csv)",historical section of the report (superseded by the closure section),improved); seed-spread sentence corrected; S5.8 503.9 -> 551.9 COP/day
thesis_docs/overnight_report.md,1147,rr_cost_551.9,551.9,"551.9 [274.3, 874.2] COP/day (closure_margin_vs_overload_ci.csv)",historical section of the report (superseded by the closure section),| Round Robin cost vs. AFAP | 551.9 / 800.0 / 556.1 COP/day (under 1% of margin) |
thesis_docs/overnight_report.md,1187,rr_cost_551.9,551.9,"551.9 [274.3, 874.2] COP/day (closure_margin_vs_overload_ci.csv)",historical section of the report (superseded by the closure section),"all 2,500 grid rows. Round Robin's cost of the 100 kW limit is 551.9"
thesis_docs/overnight_report.md,1201,rr_cost_551.9,551.9,"551.9 [274.3, 874.2] COP/day (closure_margin_vs_overload_ci.csv)",historical section of the report (superseded by the closure section),"in the repo regenerates. The current value is 551.9 [274, 874]. A dated"
thesis_docs/overnight_report.md,74,rr_relative_0.47pct,0.47%,0.47% (Proposition 7.1: = Delta E / E_AFAP),matches source,"| RR vs. AFAP energy −0.08% | **−0.47% [−0.75, −0.23]** |"
thesis_docs/overnight_report.md,163,rr_relative_0.47pct,0.47%,0.47% (Proposition 7.1: = Delta E / E_AFAP),matches source,"invariance and the equal 0.47% consequences, not findings."
thesis_docs/overnight_report.md,458,rr_relative_0.47pct,0.47%,0.47% (Proposition 7.1: = Delta E / E_AFAP),matches source,- the identical 0.47% in both cities;
thesis_docs/overnight_report.md,639,rr_relative_0.47pct,0.47%,0.47% (Proposition 7.1: = Delta E / E_AFAP),historical section of the report (superseded by the closure section),- The relative cost of the transformer limit is identical (0.47% of margin
thesis_docs/overnight_report.md,1188,rr_relative_0.47pct,0.47%,0.47% (Proposition 7.1: = Delta E / E_AFAP),historical section of the report (superseded by the closure section),COP/day in Bogotá against 497.0 in Medellín at base (ratio 0.900; 0.47%
thesis_docs/overnight_report.md,457,ranking_48_checks,48/48,0.47% (Proposition 7.1: = Delta E / E_AFAP),matches source,- the 48/48 ranking checks;
thesis_docs/overnight_report.md,638,ranking_48_checks,48/48,0.47% (Proposition 7.1: = Delta E / E_AFAP),historical section of the report (superseded by the closure section),- The ranking is tariff-invariant in 48/48 checks.
thesis_docs/overnight_report.md,719,ranking_48_checks,48/48,0.47% (Proposition 7.1: = Delta E / E_AFAP),historical section of the report (superseded by the closure section),tariff-invariant in 48/48 checks; demand mapping not defended by any
thesis_docs/overnight_report.md,73,afap_overload_14.22,14.22,14.22 kWh/day (week5_margin_vs_overload.csv),matches source,"| AFAP overload 5.33 kWh/day or 13.25 | **14.22 [9.58, 19.28]**, in 28/50 seeds |"
thesis_docs/overnight_report.md,180,voltage_37pct,37%,"36.4% [22.3, 47.0] at base only (closure_voltage_contribution.csv)",matches source,"- **E3, the ""37%""** is the ratio of mean drops in the feeder-wide daily"
thesis_docs/overnight_report.md,260,voltage_37pct,37%,"36.4% [22.3, 47.0] at base only (closure_voltage_contribution.csv)",matches source,- Message: `exp: tariffs for the six categoria especial cities with two-band costs; feeder screen and node_123 voltage reruns; exact definition of the 37% volta
thesis_docs/overnight_report.md,564,voltage_37pct,37%,"36.4% [22.3, 47.0] at base only (closure_voltage_contribution.csv)",matches source,"**E3. The ""37%"".** It is the drop in the feeder-wide daily minimum voltage"
thesis_docs/overnight_report.md,631,voltage_37pct,37%,"36.4% [22.3, 47.0] at base only (closure_voltage_contribution.csv)",historical section of the report (superseded by the closure section),Robin reduces it by 37% compared with AFAP.
thesis_docs/overnight_report.md,1146,voltage_37pct,37%,"36.4% [22.3, 47.0] at base only (closure_voltage_contribution.csv)",historical section of the report (superseded by the closure section),| Voltage | The idle feeder is out of band in 78 / 84 / 86 / 100 / 100 of 100 cells. The station adds 2.7–4.5 out-of-band samples per day. Round Robin's Δ min V
thesis_docs/overnight_report.md,98,sizing_225kVA,225 kVA,225 kVA (P95 172.7-191.9 kW / 0.894 -> ET-013),matches source,"- Mapped up to ET-013 ratings, this gives **225 kVA** at pf 0.894 and at"
thesis_docs/overnight_report.md,100,sizing_225kVA,225 kVA,225 kVA (P95 172.7-191.9 kW / 0.894 -> ET-013),matches source,"- The RL model's 144–146 kW peaks give 225 kVA at pf 0.894, or 150 kVA at"
thesis_docs/overnight_report.md,139,sizing_225kVA,225 kVA,225 kVA (P95 172.7-191.9 kW / 0.894 -> ET-013),matches source,"- **Every level:** unmanaged charging needs a larger transformer (225 kVA),"
thesis_docs/overnight_report.md,626,sizing_225kVA,225 kVA,225 kVA (P95 172.7-191.9 kW / 0.894 -> ET-013),historical section of the report (superseded by the closure section),would need about 225 kVA for the 95th-percentile scenario.
thesis_docs/overnight_report.md,1143,sizing_225kVA,225 kVA,225 kVA (P95 172.7-191.9 kW / 0.894 -> ET-013),historical section of the report (superseded by the closure section),| AFAP overload | 14.2 / 24.0 / 26.4 kWh/day; 28 / 42 / 39 of 50 seeds; 95th-percentile peak 172.7 / 191.9 / 189.1 kW → next standard size 225 kVA |
thesis_docs/overnight_report.md,150,spread_bogota_1.57,1.57%,"1.57% (Enel Aug 2026, cities.py)",matches source,- It is at most 1.57% in four cities.
thesis_docs/overnight_report.md,470,spread_bogota_1.57,1.57%,"1.57% (Enel Aug 2026, cities.py)",matches source,- **Headline: the spread is not small everywhere.** It is at most 1.57%
thesis_docs/overnight_report.md,605,spread_bogota_1.57,1.57%,"1.57% (Enel Aug 2026, cities.py)",historical section of the report (superseded by the closure section),| 9 | Checkpoint 2: spread materially above Bogotá's 1.57%? | **No** (0.69%). No new price simulations. |
thesis_docs/overnight_report.md,1108,spread_bogota_1.57,1.57%,"1.57% (Enel Aug 2026, cities.py)",historical section of the report (superseded by the closure section),against Bogotá's 1.57% recorded in Week 5. The generation component is
thesis_docs/overnight_report.md,605,spread_medellin_0.69,0.69%,"0.69% (EPM Sep 2026, cities.py)",historical section of the report (superseded by the closure section),| 9 | Checkpoint 2: spread materially above Bogotá's 1.57%? | **No** (0.69%). No new price simulations. |
thesis_docs/overnight_report.md,1107,spread_medellin_0.69,0.69%,"0.69% (EPM Sep 2026, cities.py)",historical section of the report (superseded by the closure section),"**Intraday spread:** Medellín (923.92 − 917.58) / 917.58 = **0.69%**,"
thesis_docs/overnight_report.md,1115,spread_medellin_0.69,0.69%,"0.69% (EPM Sep 2026, cities.py)",historical section of the report (superseded by the closure section),- **Spread materially larger than Bogotá's:** did not fire. 0.69% is
