level,algorithm,n_runs,dns_lower_mean,dns_lower_ci_low,dns_lower_ci_high,dns_upper_mean,dns_upper_ci_low,dns_upper_ci_high,rejected_lower_mean,rejected_lower_ci_low,rejected_lower_ci_high,rejected_upper_mean,rejected_upper_ci_low,rejected_upper_ci_high,n_spawned_mean,n_spawned_ci_low,n_spawned_ci_high,energy_rejected_lower_kwh_mean,energy_rejected_lower_kwh_ci_low,energy_rejected_lower_kwh_ci_high,shortfall_served_kwh_mean,shortfall_served_kwh_ci_low,shortfall_served_kwh_ci_high,n_clusters
0.5,ChargeAsFastAsPossible,100,0.03834090403395855,0.02340675337964803,0.05524201022022086,0.5726899621879654,0.5512631440651827,0.594171548673608,0.52,0.3,0.77,13.34,12.27,14.44,9.81,9.45,10.17,7.085972282794374,4.18036689457001,10.469736069510908,0.0361188291974382,0.032137113525299674,0.04030028090951374,50
0.5,RoundRobin,100,0.0407738278169991,0.02591030239271168,0.05768413770128406,0.5737812760703803,0.5523416272143864,0.5952061644481862,0.52,0.3,0.77,13.34,12.27,14.44,9.81,9.45,10.17,7.085972282794374,4.18036689457001,10.469736069510908,0.4304724170060088,0.19311902987156876,0.7400693831276729,50
0.5,TD3_vanilla_extended_ts102,100,0.06389896947695964,0.04432103597354886,0.08593560260606059,0.5836302007957295,0.5618779370788745,0.6054516891358297,0.52,0.3,0.77,13.34,12.27,14.44,9.81,9.45,10.17,7.085972282794374,4.18036689457001,10.469736069510908,3.548181969264989,1.7557092565593013,5.752331683020441,50
0.75,ChargeAsFastAsPossible,100,0.15401016114729102,0.12144497547988818,0.1874156503620765,0.6499464564601983,0.6326881025313844,0.6668284034404947,2.92,2.18,3.71,22.69,21.06,24.38,11.89,11.5,12.28,39.97723023782532,29.945217901310873,50.499088666198446,0.04436376237284506,0.03951904996029544,0.049282473866889207,50
0.75,RoundRobin,100,0.15803475927582628,0.12555089023050542,0.19133879667997566,0.6516056233285026,0.6342747776442921,0.6684608645179655,2.92,2.18,3.71,22.69,21.06,24.38,11.89,11.5,12.28,39.97723023782532,29.945217901310873,50.499088666198446,0.8630492263776719,0.4297387244182793,1.407410572568064,50
0.75,TD3_vanilla_extended_ts102,100,0.1694665717409545,0.13686474404459834,0.20185879393274322,0.6558792235575711,0.6383505109469523,0.6727882132635,2.92,2.18,3.71,22.69,21.06,24.38,11.89,11.5,12.28,39.97723023782532,29.945217901310873,50.499088666198446,2.832546351025993,1.4214208462726703,4.463737587268386,50
1.0,ChargeAsFastAsPossible,100,0.3429186351096415,0.3044990083118812,0.38080219337004306,0.7179641381103063,0.7058773651692554,0.7296755878192355,8.9,7.38,10.46,34.93,33.04,36.90024999999999,13.44,13.07,13.8,125.31651619812365,103.85119510074355,147.62073596553225,0.051478174990373875,0.046909010176415765,0.05611471413673576,50
1.0,MPC_TrackingG2V,100,0.3461208681128349,0.3078621144313388,0.3838023785027388,0.719336848411444,0.7072558438731498,0.731019680361145,8.9,7.38,10.46,34.93,33.04,36.90024999999999,13.44,13.07,13.8,125.31651619812365,103.85119510074355,147.62073596553228,1.0302694711729057,0.9934245795764302,1.067103132588501,50
1.0,Optimal_Oracle_Tracking,100,0.34615575809906063,0.3079237369056774,0.383844760547482,0.719345295922,0.707290228715499,0.7310354021078168,8.9,7.38,10.46,34.93,33.04,36.90024999999999,13.44,13.07,13.8,125.31651619812368,103.85119510074355,147.62073596553225,1.0384431076543783,1.0017216585676787,1.0753251814127653,50
1.0,RoundRobin,100,0.3458133368129597,0.30749578945285966,0.3837722393627828,0.7192765125180568,0.70716900539182,0.7309281974008739,8.9,7.38,10.46,34.93,33.04,36.90024999999999,13.44,13.07,13.8,125.31651619812368,103.85119510074355,147.62073596553225,0.9961471654748137,0.5205751530756652,1.5470244748587392,50
1.0,TD3_vanilla_extended_ts102,100,0.3583380378769398,0.3201589754194505,0.39508070320380645,0.7238485395958624,0.7111598160349922,0.7360728247335512,8.9,7.38,10.46,34.93,33.04,36.90024999999999,13.44,13.07,13.8,125.31651619812365,103.85119510074355,147.62073596553225,4.279866248834345,2.3713002827900196,6.551854294119366,50
1.3,ChargeAsFastAsPossible,100,0.5281057360856023,0.49635653386447837,0.5579718652255197,0.7660216722537512,0.7560456257775283,0.7753706771657786,19.88,17.66,22.1,49.72,47.57,51.97,14.75,14.49,15.0,282.3383941679024,250.42592234678764,314.53514098499613,0.05803115164059818,0.05405881503383585,0.06236593145915817,50
1.3,MPC_TrackingG2V,100,0.5303794808764872,0.4987340735258537,0.5601539129805497,0.7671548078900391,0.7571705640616834,0.7765050140600336,19.88,17.66,22.1,49.72,47.57,51.97,14.75,14.49,15.0,282.3383941679023,250.42592234678764,314.53514098499613,1.1477233545393302,1.1147337829363693,1.1817068150680747,50
1.3,Optimal_Oracle_Tracking,100,0.5303797525150606,0.498735589310067,0.5601415628030288,0.7671487962768272,0.7571867663811847,0.7764907266819135,19.88,17.66,22.1,49.72,47.57,51.97,14.75,14.49,15.0,282.3383941679023,250.42592234678764,314.53514098499613,1.1410850203302632,1.10614815200534,1.1762588655826456,50
1.3,RoundRobin,100,0.5308243103745763,0.49900436362710654,0.5606232972008218,0.7674092404164266,0.7572744579273822,0.7769261627468875,19.88,17.66,22.1,49.72,47.57,51.97,14.75,14.49,15.0,282.3383941679023,250.42592234678764,314.53514098499613,1.4273059532169592,0.8680519918422833,2.071526538014559,50
1.3,TD3_vanilla_extended_ts102,100,0.5347657510489761,0.5041019719743683,0.5636524364805907,0.7691813026229986,0.7591150406268,0.7787144299790363,19.88,17.66,22.1,49.72,47.57,51.97,14.75,14.49,15.0,282.3383941679024,250.42592234678764,314.53514098499613,3.1465637631190218,1.6344091829269645,4.894418159005434,50
1.6,ChargeAsFastAsPossible,100,0.6483079968090473,0.6282360208230444,0.667698745749218,0.8015905558050516,0.7937527762438775,0.8090606993859993,32.91,30.33,35.6,65.16,62.88,67.51,15.59,15.38,15.79,472.46671312021317,434.7492524470584,511.71743720910547,0.06291562580925443,0.058246775659354245,0.06794292570026182,50
1.6,MPC_TrackingG2V,100,0.6500266698404563,0.6300278032683545,0.6693620400379584,0.8025621549145544,0.7947313681129446,0.8100295753207677,32.91,30.33,35.6,65.16,62.88,67.51,15.59,15.38,15.79,472.4667131202131,434.7492524470584,511.71743720910547,1.2326743966332876,1.2028633438882275,1.2619009787411268,50
1.6,Optimal_Oracle_Tracking,100,0.6499934912906845,0.6299965879369768,0.6693300687642662,0.8025381774197033,0.7947046063000403,0.8100050505279095,32.91,30.33,35.6,65.16,62.88,67.51,15.59,15.38,15.79,472.46671312021317,434.7492524470584,511.71743720910547,1.2041504860135877,1.173000388597421,1.2356196561342094,50
1.6,RoundRobin,100,0.6498215030221068,0.6299040145687722,0.6690687487064307,0.802411877892033,0.7944872249927083,0.8098631140171956,32.91,30.33,35.6,65.16,62.88,67.51,15.59,15.38,15.79,472.46671312021317,434.7492524470584,511.71743720910547,1.0147812882806244,0.511691102996412,1.6407656015943648,50
1.6,TD3_vanilla_extended_ts102,100,0.6517330906850879,0.632229192682846,0.6704635303965164,0.8033780671958695,0.795766195034289,0.8106433316371299,32.91,30.33,35.6,65.16,62.88,67.51,15.59,15.38,15.79,472.46671312021317,434.7492524470584,511.71743720910547,2.1992331116665325,0.9954509129124905,3.672155850241355,50
2.0,ChargeAsFastAsPossible,100,0.7355717490037351,0.7193908171276121,0.7503710012875355,0.8324820290333315,0.8260996453851447,0.8386102610503336,51.0,47.87,54.18,83.87,81.32,86.5,16.26,16.01,16.51,732.9487220819858,687.1022588118176,780.3620222740598,0.06577995127827421,0.06042745659852639,0.07153730543692918,50
2.0,RoundRobin,100,0.7367010945778444,0.7206607954856197,0.751387293250853,0.8331834729568226,0.8268464192059252,0.8392275602044479,51.0,47.87,54.18,83.87,81.32,86.5,16.26,16.01,16.51,732.9487220819858,687.1022588118176,780.3620222740598,1.1135664740251188,0.5871233348278803,1.751108288510945,50
2.0,TD3_vanilla_extended_ts102,100,0.7384408494260619,0.7229725645938914,0.7526917255372141,0.8341876632441465,0.8281532361321683,0.8399692923702236,51.0,47.87,54.18,83.87,81.32,86.5,16.26,16.01,16.51,732.9487220819858,687.1022588118176,780.3620222740598,2.4070827927637577,0.8085943046028098,4.409395070823163,50
2.5,ChargeAsFastAsPossible,100,0.8017665646485185,0.7916712260437804,0.8110385467037958,0.8599742885860505,0.8548346212098857,0.8649700996750388,75.63,72.38975,78.77,108.62,106.11,111.15,16.89,16.62,17.17,1094.3266533354545,1046.3485682789658,1140.7072114225255,0.06972168720631117,0.06425834999442485,0.07563366682095148,50
2.5,RoundRobin,100,0.8024491513405466,0.7923548836560436,0.811657909066953,0.8604445256127008,0.8553113156523485,0.8654150856482288,75.63,72.38975,78.77,108.62,106.11,111.15,16.89,16.62,17.17,1094.3266533354545,1046.3485682789658,1140.7072114225255,0.9459840827860896,0.49337850555613294,1.4944028008678067,50
2.5,TD3_vanilla_extended_ts102,100,0.8029917340777979,0.793227309944372,0.8120652460931201,0.8608443791959058,0.8559265317127355,0.8656897667027468,75.63,72.38975,78.77,108.62,106.11,111.15,16.89,16.62,17.17,1094.3266533354545,1046.3485682789658,1140.7072114225255,1.7002494039976341,0.5761690644545111,3.061347990104789,50
