variant,seed,eval_day,timescale_min,n_ports,n_spawned,rejected_lower,rejected_upper,dropped_late_horizon,energy_rejected_lower_kwh,energy_rejected_upper_kwh,requested_served_kwh,mean_duration_min,mean_port_occupancy
dutch,0,2022-01-17,15,8,14,5,45,15,74.8966912419227,654.2158813299778,214.45524423361016,289.2857142857143,0.3515625
dutch,0,2022-03-05,15,8,14,17,38,12,230.91710565873242,554.8275580257971,201.8448625745372,271.07142857142856,0.3294270833333333
dutch,1,2022-01-17,15,8,14,10,35,11,127.8890836775176,523.0558873489472,204.68352343184705,300.0,0.3645833333333333
dutch,1,2022-03-05,15,8,15,17,48,7,252.48718501897605,727.7439563672148,213.46983577298727,296.0,0.3854166666666667
dutch,2,2022-01-17,15,8,12,5,27,15,68.19681097631151,410.6317564208695,155.16323484265303,310.0,0.3229166666666667
dutch,2,2022-03-05,15,8,14,6,41,7,87.500620774823,632.4659799499462,230.98012743156494,303.2142857142857,0.3684895833333333
dutch,3,2022-01-17,15,8,13,4,35,11,51.2103260646923,509.6463063265725,202.63830590531484,354.2307692307692,0.3997395833333333
dutch,3,2022-03-05,15,8,13,4,34,8,52.7756681828829,497.46907400713457,195.6681794544919,285.0,0.3216145833333333
dutch,4,2022-01-17,15,8,13,2,41,18,25.812652146756598,594.9648395044255,183.4011449515728,286.15384615384613,0.3229166666666667
dutch,4,2022-03-05,15,8,13,7,37,18,91.09123145610229,545.4188671619748,176.6899658526883,265.38461538461536,0.2994791666666667
dutch,5,2022-01-17,15,8,15,13,39,9,191.1941782094991,597.7825336265474,181.39615656492447,324.0,0.421875
dutch,5,2022-03-05,15,8,12,14,34,18,188.46118000895237,491.746540321486,132.99118720983387,283.75,0.2955729166666667
dutch,6,2022-01-17,15,8,11,3,24,15,37.7537673635119,339.1142336728725,138.2261889917488,319.09090909090907,0.3046875
dutch,6,2022-03-05,15,8,12,2,27,10,25.8647986876495,388.9147080090767,150.13505933435883,271.25,0.2825520833333333
dutch,7,2022-01-17,15,8,15,9,37,13,119.1671047515999,569.3593871682522,244.5062514673909,285.0,0.37109375
dutch,7,2022-03-05,15,8,15,5,34,13,75.7269361389726,523.205683988341,239.45976627670223,272.0,0.3541666666666667
dutch,8,2022-01-17,15,8,15,8,36,9,129.603728011801,567.9114073572683,297.11446662009905,305.0,0.3971354166666667
dutch,8,2022-03-05,15,8,14,9,33,11,121.00877474816068,504.434966865765,253.4702870163383,296.7857142857143,0.3606770833333333
dutch,9,2022-01-17,15,8,15,1,35,6,16.389596399192,558.3965110368305,210.23982502837296,339.0,0.44140625
dutch,9,2022-03-05,15,8,11,4,29,11,63.2666678930873,437.8533930563429,171.85678717337447,261.8181818181818,0.25
dutch,10,2022-01-17,15,8,13,19,48,12,243.77736047452802,714.7970686378503,188.00187773070462,349.61538461538464,0.39453125
dutch,10,2022-03-05,15,8,13,9,42,14,117.4302038615167,622.914578924251,180.29943026818657,289.61538461538464,0.3268229166666667
dutch,11,2022-01-17,15,8,13,5,31,11,67.5958460320667,455.77703294626866,203.78952030407535,326.53846153846155,0.3684895833333333
dutch,11,2022-03-05,15,8,12,4,23,10,66.1580404927832,345.961170867215,179.11530240899413,277.5,0.2890625
dutch,12,2022-01-17,15,8,15,6,32,7,91.2277007329614,494.77924028974854,203.12575225842033,300.0,0.390625
dutch,12,2022-03-05,15,8,14,7,32,6,109.6999315079905,482.86200251820094,193.58757736914922,288.2142857142857,0.3502604166666667
dutch,13,2022-01-17,15,8,16,17,54,4,266.2892216283384,838.6650790162103,263.6253099265376,314.0625,0.4361979166666667
dutch,13,2022-03-05,15,8,15,15,40,10,212.4385569307733,592.8135397298341,236.1196694924451,282.0,0.3671875
dutch,14,2022-01-17,15,8,11,2,25,12,25.6584339375664,372.1081061565363,222.01092481768205,290.45454545454544,0.27734375
dutch,14,2022-03-05,15,8,11,3,25,14,40.612253532991204,363.10450051254037,215.08465448989816,257.72727272727275,0.24609375
dutch,15,2022-01-17,15,8,15,22,47,16,314.12691383059297,691.4923732929528,197.59416404386525,282.0,0.3671875
dutch,15,2022-03-05,15,8,14,19,53,15,250.0064826341001,785.653179127598,179.1039714724762,276.42857142857144,0.3359375
dutch,16,2022-01-17,15,8,16,17,37,5,247.5256331702242,572.0468600784361,221.18153792451085,360.0,0.5
dutch,16,2022-03-05,15,8,16,20,40,6,314.9132540747959,617.3868106581784,215.5964547935754,296.25,0.4114583333333333
dutch,17,2022-01-17,15,8,12,4,30,13,51.11009613971859,423.67349472681724,196.4297118832579,323.75,0.3372395833333333
dutch,17,2022-03-05,15,8,14,7,33,8,90.7299261940251,480.00064299347554,203.87836017372982,287.14285714285717,0.3489583333333333
dutch,18,2022-01-17,15,8,14,14,44,8,182.2692612309234,652.5565724613713,209.8111681453323,340.7142857142857,0.4140625
dutch,18,2022-03-05,15,8,13,11,48,4,162.52793692023153,720.0768349673411,169.21095531071506,301.15384615384613,0.33984375
dutch,19,2022-01-17,15,8,12,14,34,10,181.67520187332218,490.059395548572,157.57209727878097,312.5,0.3255208333333333
dutch,19,2022-03-05,15,8,15,15,44,1,222.42945595511782,661.3007879270006,200.35842258819173,302.0,0.3932291666666667
dutch,20,2022-01-17,15,8,15,18,44,7,234.65781801580522,655.8744594423492,251.07689626794124,322.0,0.4192708333333333
dutch,20,2022-03-05,15,8,14,12,34,9,159.9966989986058,515.2381072299337,236.35954417488492,281.7857142857143,0.3424479166666667
dutch,21,2022-01-17,15,8,12,5,35,11,66.6086226418395,517.7587973798079,157.3546695780554,340.0,0.3541666666666667
dutch,21,2022-03-05,15,8,14,6,35,12,93.9933227197031,541.2026223291366,186.53164132622453,277.5,0.3372395833333333
dutch,22,2022-01-17,15,8,15,10,49,8,158.95930766202173,759.2529344770666,207.75877183590308,330.0,0.4296875
dutch,22,2022-03-05,15,8,15,18,42,14,244.6452835864137,634.1703246036152,196.79898646483437,289.0,0.3763020833333333
dutch,23,2022-01-17,15,8,16,15,44,11,220.23392972348532,661.1742025695294,247.96198640626233,325.3125,0.4518229166666667
dutch,23,2022-03-05,15,8,15,14,43,5,219.39264742205484,653.1203356439138,232.65834949215537,289.0,0.3763020833333333
dutch,24,2022-01-17,15,8,13,1,38,10,16.8275300538981,587.4263806162052,176.29868069168367,331.15384615384613,0.3736979166666667
dutch,24,2022-03-05,15,8,12,6,33,12,87.0837820304146,498.53597239091556,163.60717223155143,272.5,0.2838541666666667
dutch,25,2022-01-17,15,8,14,4,35,12,51.3923348709763,517.3403965996258,254.49488449727377,324.64285714285717,0.39453125
dutch,25,2022-03-05,15,8,13,3,35,12,39.1428727062093,517.3116870799162,229.76015773147813,295.38461538461536,0.3333333333333333
dutch,26,2022-01-17,15,8,13,3,37,7,50.3459990372347,559.3697483124282,173.29322990242275,333.46153846153845,0.3763020833333333
dutch,26,2022-03-05,15,8,13,5,28,10,68.2448959486021,412.36074546956576,169.32413002335764,291.9230769230769,0.3294270833333333
dutch,27,2022-01-17,15,8,14,18,41,13,234.31065873413144,641.8026269927273,258.73352600785006,330.0,0.4010416666666667
dutch,27,2022-03-05,15,8,15,20,49,11,270.46080487036824,751.0443254453993,277.6474092996307,308.0,0.4010416666666667
dutch,28,2022-01-17,15,8,13,13,28,20,166.62297429013,394.9395367045104,184.1843817962258,312.6923076923077,0.3528645833333333
dutch,28,2022-03-05,15,8,15,13,40,9,173.40397411215508,590.1862252448951,213.40845151072494,275.0,0.3580729166666667
dutch,29,2022-01-17,15,8,12,2,28,16,26.7902532533877,414.9306349188984,189.3765472201402,291.25,0.3033854166666667
dutch,29,2022-03-05,15,8,13,10,34,15,140.39927782693212,508.4628881050322,201.25832632717243,270.0,0.3046875
dutch,30,2022-01-17,15,8,16,20,37,1,323.00593999884256,580.4880601247531,231.80288590953364,331.875,0.4609375
dutch,30,2022-03-05,15,8,15,10,30,5,144.82121288957478,462.42400855965553,177.8305820607166,264.0,0.34375
dutch,31,2022-01-17,15,8,12,14,30,16,178.5837972589848,427.4147673875125,162.885114201231,315.0,0.328125
dutch,31,2022-03-05,15,8,10,7,27,17,96.25256764756199,391.0718593950834,137.13425591977978,301.5,0.26171875
dutch,32,2022-01-17,15,8,12,3,24,16,39.691148798968,357.3406865536665,184.6462613760714,372.5,0.3880208333333333
dutch,32,2022-03-05,15,8,11,7,23,14,101.0287971906364,346.59506690691387,155.2363306464967,283.6363636363636,0.2708333333333333
dutch,33,2022-01-17,15,8,15,6,31,6,101.84370584426561,498.2938341594222,232.0891792831666,329.0,0.4283854166666667
dutch,33,2022-03-05,15,8,15,17,35,8,271.9700516205053,552.1122498474562,228.82661185122058,277.0,0.3606770833333333
dutch,34,2022-01-17,15,8,15,10,37,9,143.07339320070804,582.8506776877126,195.10530814284445,308.0,0.4010416666666667
dutch,34,2022-03-05,15,8,13,6,39,17,94.08455953269319,580.1912725700184,157.31554844248353,248.07692307692307,0.2799479166666667
dutch,35,2022-01-17,15,8,13,0,22,10,0.0,306.9876531406033,212.24403454820947,332.3076923076923,0.375
dutch,35,2022-03-05,15,8,14,2,30,11,26.834666102354298,431.9078347884401,210.79949136187398,288.2142857142857,0.3502604166666667
dutch,36,2022-01-17,15,8,15,4,24,9,51.7381868434326,360.06979987089977,258.3941981731553,327.0,0.42578125
dutch,36,2022-03-05,15,8,11,7,25,11,102.7607084357579,385.20333720183197,174.76106417404216,276.8181818181818,0.2643229166666667
dutch,37,2022-01-17,15,8,14,1,29,10,16.6677228815799,464.6380973109944,223.56667256987646,293.57142857142856,0.3567708333333333
dutch,37,2022-03-05,15,8,11,1,23,14,12.9705010402643,342.6164130494258,165.3092173844786,248.1818181818182,0.23697916666666666
dutch,38,2022-01-17,15,8,12,5,31,11,64.4144530829053,465.5092914245346,216.6893789482603,295.0,0.3072916666666667
dutch,38,2022-03-05,15,8,11,2,25,15,26.834666102354298,373.7640256237224,198.29549335372545,301.3636363636364,0.2877604166666667
dutch,39,2022-01-17,15,8,11,6,23,12,80.3011542654791,341.98350723495565,182.3191080994636,315.0,0.30078125
dutch,39,2022-03-05,15,8,11,6,24,14,84.2361590769885,366.0717194450266,174.84327305620099,278.1818181818182,0.265625
dutch,40,2022-01-17,15,8,15,14,39,12,187.93302918399309,589.0016426446929,258.1024400511501,313.0,0.4075520833333333
dutch,40,2022-03-05,15,8,11,2,26,17,28.9594652606779,389.0491698634732,156.70357129248424,257.72727272727275,0.24609375
dutch,41,2022-01-17,15,8,12,12,33,15,152.2285752536506,474.75616419598344,156.66459148306902,346.25,0.3606770833333333
dutch,41,2022-03-05,15,8,12,13,32,12,171.6470555451794,470.4892521089315,148.87555530652006,290.0,0.3020833333333333
dutch,42,2022-01-17,15,8,14,8,35,13,110.5921045860328,526.7928662704916,240.98765321725227,325.7142857142857,0.3958333333333333
dutch,42,2022-03-05,15,8,13,12,42,8,173.46438737740718,646.2836134398752,207.8667513490321,293.0769230769231,0.3307291666666667
dutch,43,2022-01-17,15,8,10,1,32,15,12.8498847984186,457.34686636732135,153.78802404912605,303.0,0.2630208333333333
dutch,43,2022-03-05,15,8,12,8,39,9,105.3167017802695,576.5121920739621,167.2456199015754,275.0,0.2864583333333333
dutch,44,2022-01-17,15,8,12,0,30,13,0.0,438.10418873823346,145.3286836986017,306.25,0.3190104166666667
dutch,44,2022-03-05,15,8,12,5,26,13,70.1384103041272,381.61823596858807,131.69147992769388,267.5,0.2786458333333333
dutch,45,2022-01-17,15,8,13,1,33,11,16.6677228815799,499.30066314762166,206.83313467257483,293.0769230769231,0.3307291666666667
dutch,45,2022-03-05,15,8,13,4,40,7,62.6046818001267,606.013347606003,195.56253823867246,271.15384615384613,0.3059895833333333
dutch,46,2022-01-17,15,8,15,24,53,12,321.32403231110914,815.1782820907837,272.72976335215844,342.0,0.4453125
dutch,46,2022-03-05,15,8,15,26,51,11,392.0031375973125,772.4728332827,276.6956122409052,285.0,0.37109375
dutch,47,2022-01-17,15,8,14,10,27,10,136.3182205605405,405.1566048769045,185.20318873679406,293.57142857142856,0.3567708333333333
dutch,47,2022-03-05,15,8,14,8,25,9,117.7198032909746,384.08073217820674,180.23055847908097,256.07142857142856,0.3111979166666667
dutch,48,2022-01-17,15,8,16,9,31,18,119.6124074002314,454.50019364253575,305.1872694143928,300.9375,0.41796875
dutch,48,2022-03-05,15,8,15,11,32,12,146.2954597535727,473.3324868019284,274.0427989740225,279.0,0.36328125
dutch,49,2022-01-17,15,8,14,6,34,18,78.63273317860609,521.583688432999,205.51313166389738,322.5,0.3919270833333333
dutch,49,2022-03-05,15,8,15,11,41,13,153.30160806461998,642.7603114805373,225.63393240270653,328.0,0.4270833333333333
32,0,2022-01-17,15,8,47,0,27,0,0.0,401.44810519138844,710.7992531295931,35.42553191489362,0.14453125
32,0,2022-03-05,15,8,43,0,21,0,0.0,304.8525110847896,643.3642376379755,34.53488372093023,0.12890625
32,1,2022-01-17,15,8,41,0,19,0,0.0,283.88112029053406,616.3936820521488,34.02439024390244,0.12109375
32,1,2022-03-05,15,8,43,3,27,0,45.415576027128296,401.8807986720909,656.4480955507768,35.93023255813954,0.13411458333333334
32,2,2022-01-17,15,8,38,1,16,0,17.3369007149821,250.06807142703303,567.9949935650046,32.36842105263158,0.10677083333333333
32,2,2022-03-05,15,8,38,0,24,0,0.0,370.8987057715809,595.0043725746946,33.1578947368421,0.109375
32,3,2022-01-17,15,8,42,0,17,0,0.0,242.0620406950489,721.85469425311,30.357142857142858,0.11067708333333333
32,3,2022-03-05,15,8,36,0,19,0,0.0,263.7955235486819,662.858854812721,29.583333333333332,0.09244791666666667
32,4,2022-01-17,15,8,43,1,29,0,18.0725522231033,443.7669961521358,641.2020080022578,37.325581395348834,0.13932291666666666
32,4,2022-03-05,15,8,41,0,27,0,0.0,416.7932821804311,600.2178377879998,33.65853658536585,0.11979166666666667
32,5,2022-01-17,15,8,43,1,20,0,16.1815682683545,309.55099912634506,662.0509723422978,34.883720930232556,0.13020833333333334
32,5,2022-03-05,15,8,45,0,19,0,0.0,288.7318200444758,728.8708114973748,33.0,0.12890625
32,6,2022-01-17,15,8,36,0,14,0,0.0,194.21001839602388,533.4506263006832,32.5,0.1015625
32,6,2022-03-05,15,8,35,0,14,0,0.0,198.17802479051346,537.4271367677521,33.857142857142854,0.10286458333333333
32,7,2022-01-17,15,8,47,0,18,0,0.0,292.56393549375645,848.6663006581304,31.914893617021278,0.13020833333333334
32,7,2022-03-05,15,8,45,0,17,0,0.0,281.7855878971438,820.7624413507601,33.333333333333336,0.13020833333333334
32,8,2022-01-17,15,8,42,2,18,0,34.1644307688802,293.612079107634,768.3926360238802,32.857142857142854,0.11979166666666667
32,8,2022-03-05,15,8,45,0,13,0,0.0,209.2627112135213,771.2336747735833,36.0,0.140625
32,9,2022-01-17,15,8,38,0,18,0,0.0,283.16593579611856,590.299384928786,28.81578947368421,0.09505208333333333
32,9,2022-03-05,15,8,35,0,16,0,0.0,248.40117266925103,489.7270866679284,28.285714285714285,0.0859375
32,10,2022-01-17,15,8,43,0,30,0,0.0,452.50845516462203,715.8249742040318,34.883720930232556,0.13020833333333334
32,10,2022-03-05,15,8,41,0,28,0,0.0,430.87901837686485,670.8002007968691,34.75609756097561,0.12369791666666667
32,11,2022-01-17,15,8,34,0,21,0,0.0,312.5920485630186,567.9433546391668,35.294117647058826,0.10416666666666667
32,11,2022-03-05,15,8,31,0,14,0,0.0,219.18070190899618,518.6723176314022,32.903225806451616,0.08854166666666667
32,12,2022-01-17,15,8,40,1,14,0,16.6894238471996,220.90842636323939,588.5044632229625,28.875,0.10026041666666667
32,12,2022-03-05,15,8,35,1,17,0,16.6894238471996,260.35291541262137,525.3879716614538,30.0,0.09114583333333333
32,13,2022-01-17,15,8,44,0,30,0,0.0,462.71593009782305,749.6132981835966,33.75,0.12890625
32,13,2022-03-05,15,8,40,0,25,0,0.0,376.6089379697799,698.8878187649292,33.375,0.11588541666666667
32,14,2022-01-17,15,8,34,0,14,0,0.0,220.96110260138676,608.7915514902887,29.11764705882353,0.0859375
32,14,2022-03-05,15,8,33,0,17,0,0.0,265.5715268376193,627.8766855182793,28.181818181818183,0.08072916666666667
32,15,2022-01-17,15,8,45,1,33,0,18.0725522231033,509.7575934459139,750.9436188673061,34.666666666666664,0.13541666666666666
32,15,2022-03-05,15,8,50,4,32,0,67.13492603874019,499.82112302078497,798.3244384723956,35.4,0.15364583333333334
32,16,2022-01-17,15,8,42,0,16,0,0.0,256.1818771414506,617.4281206407384,30.0,0.109375
32,16,2022-03-05,15,8,42,2,20,0,29.2394811976106,305.950462783325,712.7092497381201,30.0,0.109375
32,17,2022-01-17,15,8,38,0,17,0,0.0,244.41415019084022,605.9834740643598,35.921052631578945,0.11848958333333333
32,17,2022-03-05,15,8,35,3,20,0,39.044741667692705,289.1428174899774,511.89316895600206,33.0,0.10026041666666667
32,18,2022-01-17,15,8,42,0,24,0,0.0,361.95922920663486,614.7135016612524,32.857142857142854,0.11979166666666667
32,18,2022-03-05,15,8,37,0,28,0,0.0,409.04782358547504,515.4451363665086,34.86486486486486,0.11197916666666667
32,19,2022-01-17,15,8,37,0,19,0,0.0,284.6964076270555,570.4713837940662,26.756756756756758,0.0859375
32,19,2022-03-05,15,8,37,0,23,0,0.0,342.45420051966886,541.8004117294198,27.56756756756757,0.08854166666666667
32,20,2022-01-17,15,8,43,0,23,0,0.0,350.25066596984834,708.36642436813,29.302325581395348,0.109375
32,20,2022-03-05,15,8,39,0,18,0,0.0,276.12099674175744,660.02720276189,30.76923076923077,0.10416666666666667
32,21,2022-01-17,15,8,39,4,19,0,65.3722348589616,286.3273124406078,610.1171599380062,28.46153846153846,0.09635416666666667
32,21,2022-03-05,15,8,41,1,20,0,16.1815682683545,313.98993093059084,672.6656854685016,32.19512195121951,0.11458333333333333
32,22,2022-01-17,15,8,45,0,27,0,0.0,425.2644740548389,670.0478487778751,31.0,0.12109375
32,22,2022-03-05,15,8,46,2,25,0,29.2394811976106,392.6887796323307,671.6350360267878,30.652173913043477,0.12239583333333333
32,23,2022-01-17,15,8,46,5,25,0,86.68450357491051,378.3570411796933,834.7426223743983,30.652173913043477,0.12239583333333333
32,23,2022-03-05,15,8,42,0,21,0,0.0,310.8716211190688,765.3848760257307,28.571428571428573,0.10416666666666667
32,24,2022-01-17,15,8,42,0,19,0,0.0,302.16026611620214,712.8839605815002,31.785714285714285,0.11588541666666667
32,24,2022-03-05,15,8,38,0,19,0,0.0,294.5922122275751,625.0674677830964,33.94736842105263,0.11197916666666667
32,25,2022-01-17,15,8,42,0,19,0,0.0,277.96894262983386,692.1352227947268,31.785714285714285,0.11588541666666667
32,25,2022-03-05,15,8,44,0,16,0,0.0,235.4055964278642,716.6278022338317,33.75,0.12890625
32,26,2022-01-17,15,8,38,0,19,0,0.0,290.23683037357665,597.6238599450228,32.76315789473684,0.10807291666666667
32,26,2022-03-05,15,8,36,0,15,0,0.0,224.12401139469634,553.4059145583714,33.75,0.10546875
32,27,2022-01-17,15,8,43,0,25,0,0.0,403.780887091355,715.6602374835682,29.302325581395348,0.109375
32,27,2022-03-05,15,8,43,2,32,0,27.6395044262468,501.31941885788217,709.7962584349618,28.953488372093023,0.10807291666666667
32,28,2022-01-17,15,8,42,0,19,0,0.0,298.62822782837713,635.2184768039667,34.285714285714285,0.125
32,28,2022-03-05,15,8,40,0,24,0,0.0,367.00403651887257,591.4614702509848,33.75,0.1171875
32,29,2022-01-17,15,8,41,1,15,0,16.1815682683545,228.17434644731395,692.8608872636806,33.65853658536585,0.11979166666666667
32,29,2022-03-05,15,8,44,0,18,0,0.0,278.2805273433004,724.1825444011771,32.04545454545455,0.12239583333333333
32,30,2022-01-17,15,8,38,0,16,0,0.0,247.9832407264128,685.9281057812825,27.236842105263158,0.08984375
32,30,2022-03-05,15,8,39,0,11,0,0.0,167.9848846342143,612.9512326086603,28.076923076923077,0.09505208333333333
32,31,2022-01-17,15,8,35,0,23,0,0.0,349.6761439422567,555.9176892921571,33.0,0.10026041666666667
32,31,2022-03-05,15,8,33,0,21,0,0.0,319.6286365296258,517.8379352832866,35.45454545454545,0.1015625
32,32,2022-01-17,15,8,34,0,18,0,0.0,293.7245317063424,504.79616406841734,38.8235294117647,0.11458333333333333
32,32,2022-03-05,15,8,32,0,16,0,0.0,252.6613782669528,512.026422212378,39.375,0.109375
32,33,2022-01-17,15,8,38,0,14,0,0.0,222.87800686924066,608.1434870043419,32.76315789473684,0.10807291666666667
32,33,2022-03-05,15,8,39,0,19,0,0.0,296.9549819267326,653.8366553949863,34.61538461538461,0.1171875
32,34,2022-01-17,15,8,43,0,18,0,0.0,294.34175334327114,758.9770706911434,28.6046511627907,0.10677083333333333
32,34,2022-03-05,15,8,43,0,26,0,0.0,403.20012332143733,718.3764800501862,31.046511627906977,0.11588541666666667
32,35,2022-01-17,15,8,30,0,15,0,0.0,219.65064377540403,461.91635996782406,32.0,0.08333333333333333
32,35,2022-03-05,15,8,35,0,20,0,0.0,290.35612974275597,514.0747201207201,31.714285714285715,0.09635416666666667
32,36,2022-01-17,15,8,36,0,12,0,0.0,193.55556535417497,559.877246060666,31.666666666666668,0.09895833333333333
32,36,2022-03-05,15,8,35,0,12,0,0.0,190.53938739120508,593.7853393304757,28.285714285714285,0.0859375
32,37,2022-01-17,15,8,36,0,17,0,0.0,270.44326977008313,584.7058521389413,31.25,0.09765625
32,37,2022-03-05,15,8,32,0,16,0,0.0,241.8532925595606,535.7543142405004,31.40625,0.08723958333333333
32,38,2022-01-17,15,8,44,0,10,0,0.0,156.65158382347653,717.6666047571414,30.681818181818183,0.1171875
32,38,2022-03-05,15,8,41,0,10,0,0.0,161.41904042010958,698.9076556330169,30.73170731707317,0.109375
32,39,2022-01-17,15,8,36,0,10,0,0.0,163.60765802726488,612.4370993196852,35.416666666666664,0.11067708333333333
32,39,2022-03-05,15,8,34,0,15,0,0.0,239.57975266246956,562.2179068057847,33.088235294117645,0.09765625
32,40,2022-01-17,15,8,46,0,20,0,0.0,317.91194808053973,806.8185497678398,33.26086956521739,0.1328125
32,40,2022-03-05,15,8,41,0,13,0,0.0,210.5014500078906,708.8053204935393,31.463414634146343,0.11197916666666667
32,41,2022-01-17,15,8,44,1,16,0,16.8275300538981,242.46447394100812,649.9370999578954,28.977272727272727,0.11067708333333333
32,41,2022-03-05,15,8,37,1,19,0,12.8498847984186,280.5597774729385,555.5028471675324,33.24324324324324,0.10677083333333333
32,42,2022-01-17,15,8,40,1,22,0,16.389596399192,342.5889987667079,713.897969629879,30.375,0.10546875
32,42,2022-03-05,15,8,40,0,23,0,0.0,351.5539050582162,651.4380975136409,31.5,0.109375
32,43,2022-01-17,15,8,41,0,16,0,0.0,243.9056930680276,677.4244247920816,32.5609756097561,0.11588541666666667
32,43,2022-03-05,15,8,40,1,20,0,12.8498847984186,301.14273521707264,624.9088691463804,28.125,0.09765625
32,44,2022-01-17,15,8,34,0,21,0,0.0,339.16611895154836,532.2180478405126,32.64705882352941,0.09635416666666667
32,44,2022-03-05,15,8,31,0,20,0,0.0,316.8444867026321,447.34614529988147,33.87096774193548,0.09114583333333333
32,45,2022-01-17,15,8,36,0,21,0,0.0,326.3812538262934,593.7890374261476,34.583333333333336,0.10807291666666667
32,45,2022-03-05,15,8,39,1,21,0,15.9356384370689,326.09345078065144,668.4953153794665,34.23076923076923,0.11588541666666667
32,46,2022-01-17,15,8,50,4,30,0,63.7838615875934,469.91538613000984,850.0023278727648,31.5,0.13671875
32,46,2022-03-05,15,8,51,4,26,0,57.3504400608724,399.25534301694904,898.3818518450217,32.94117647058823,0.14583333333333334
32,47,2022-01-17,15,8,37,0,14,0,0.0,213.08307533431613,514.040258789007,29.594594594594593,0.09505208333333333
32,47,2022-03-05,15,8,37,0,11,0,0.0,165.02641380700499,548.7722885545492,28.37837837837838,0.09114583333333333
32,48,2022-01-17,15,8,44,0,21,0,0.0,330.652171680842,781.0752820105837,32.72727272727273,0.125
32,48,2022-03-05,15,8,42,0,17,0,0.0,259.45160852410345,802.5275690681929,33.92857142857143,0.12369791666666667
32,49,2022-01-17,15,8,46,0,20,0,0.0,331.71154152551486,746.7171767705763,32.608695652173914,0.13020833333333334
32,49,2022-03-05,15,8,47,2,22,0,29.4045102884229,357.0840082867704,767.7919653452234,33.829787234042556,0.13802083333333334
42,0,2022-01-17,15,8,43,1,31,0,16.1815682683545,465.66021058508704,646.9630242963715,49.53488372093023,0.18489583333333334
42,0,2022-03-05,15,8,39,0,25,0,0.0,369.74519589666676,592.2763417953181,47.30769230769231,0.16015625
42,1,2022-01-17,15,8,39,0,21,0,0.0,317.0652049277424,590.6886941201288,45.0,0.15234375
42,1,2022-03-05,15,8,41,4,29,0,61.769700632340594,435.0648833092992,630.743107618757,47.5609756097561,0.16927083333333334
42,2,2022-01-17,15,8,38,3,16,0,50.855369698318704,249.466522490456,565.5491045738347,41.8421052631579,0.13802083333333334
42,2,2022-03-05,15,8,38,1,24,0,16.1815682683545,370.25274398603733,581.7457126937952,42.63157894736842,0.140625
42,3,2022-01-17,15,8,40,0,19,0,0.0,269.1638337161983,692.4644359187052,41.625,0.14453125
42,3,2022-03-05,15,8,34,0,21,0,0.0,294.85934501957337,622.7783827400174,40.14705882352941,0.11848958333333333
42,4,2022-01-17,15,8,41,1,31,0,18.0725522231033,473.215893356932,611.8999615400451,48.65853658536585,0.17317708333333334
42,4,2022-03-05,15,8,38,0,30,0,0.0,469.43313561581044,562.5205683962997,45.0,0.1484375
42,5,2022-01-17,15,8,41,2,22,0,33.0090983222526,341.044183349723,625.0398765836931,44.63414634146341,0.15885416666666666
42,5,2022-03-05,15,8,41,1,23,0,12.8498847984186,346.0898029555033,655.176681430072,42.4390243902439,0.15104166666666666
42,6,2022-01-17,15,8,34,1,16,0,16.8275300538981,224.29315135938438,519.6211508447351,44.55882352941177,0.13151041666666666
42,6,2022-03-05,15,8,33,0,16,0,0.0,229.77939952722576,507.27989321898565,42.72727272727273,0.12239583333333333
42,7,2022-01-17,15,8,45,0,20,0,0.0,323.5448769106235,824.3481316858001,42.0,0.1640625
42,7,2022-03-05,15,8,42,0,20,0,0.0,325.3185441861317,807.2800484139509,44.642857142857146,0.16276041666666666
42,8,2022-01-17,15,8,40,2,20,0,34.1644307688802,323.91948086288045,722.7130856493345,43.125,0.14973958333333334
42,8,2022-03-05,15,8,43,0,15,0,0.0,239.5701129687677,725.5541243990376,47.093023255813954,0.17578125
42,9,2022-01-17,15,8,37,0,19,0,0.0,296.6365587233016,548.0206175179363,38.108108108108105,0.12239583333333333
42,9,2022-03-05,15,8,34,0,17,0,0.0,261.87179559643414,447.4483192570788,38.38235294117647,0.11328125
42,10,2022-01-17,15,8,42,0,31,0,0.0,469.6791316240164,660.0020915595992,44.642857142857146,0.16276041666666666
42,10,2022-03-05,15,8,41,0,28,0,0.0,427.6121958558439,680.2472972154335,43.170731707317074,0.15364583333333334
42,11,2022-01-17,15,8,32,0,23,0,0.0,338.3142892689532,539.3260140046581,46.875,0.13020833333333334
42,11,2022-03-05,15,8,30,0,15,0,0.0,232.1956157982271,507.4023649407286,44.0,0.11458333333333333
42,12,2022-01-17,15,8,39,0,15,0,0.0,236.71903450378656,578.1239741882916,35.38461538461539,0.11979166666666667
42,12,2022-03-05,15,8,34,1,18,0,16.6894238471996,276.1852245187883,519.3422842397964,37.94117647058823,0.11197916666666667
42,13,2022-01-17,15,8,43,4,31,0,67.81949087667641,475.6402926475244,737.7809677729974,44.30232558139535,0.16536458333333334
42,13,2022-03-05,15,8,38,0,27,0,0.0,402.9539325197559,667.5406321658566,45.0,0.1484375
42,14,2022-01-17,15,8,32,0,16,0,0.0,249.66203813636128,593.8253119233834,40.78125,0.11328125
42,14,2022-03-05,15,8,32,0,18,0,0.0,278.99215883789395,607.6718817427894,40.3125,0.11197916666666667
42,15,2022-01-17,15,8,44,2,34,0,34.2541204914578,522.1262391439556,725.9341188475447,46.36363636363637,0.17708333333333334
42,15,2022-03-05,15,8,47,9,35,0,138.1002146725174,540.8917582068437,756.1139073886865,48.191489361702125,0.19661458333333334
42,16,2022-01-17,15,8,40,0,18,0,0.0,284.18445625624656,583.4672837858525,38.25,0.1328125
42,16,2022-03-05,15,8,37,2,25,0,25.6997695968372,387.2088348499768,642.0015456266489,39.729729729729726,0.12760416666666666
42,17,2022-01-17,15,8,37,0,18,0,0.0,264.6806296344772,590.8295337784914,46.62162162162162,0.14973958333333334
42,17,2022-03-05,15,8,34,4,21,0,52.01524270795701,309.28235204647865,510.63623299826554,43.6764705882353,0.12890625
42,18,2022-01-17,15,8,40,0,26,0,0.0,391.73922687248455,537.0217598647921,40.125,0.13932291666666666
42,18,2022-03-05,15,8,35,0,30,0,0.0,441.5078567789312,467.92999904310943,44.142857142857146,0.13411458333333334
42,19,2022-01-17,15,8,36,0,20,0,0.0,298.1170396273302,564.7255509285601,36.666666666666664,0.11458333333333333
42,19,2022-03-05,15,8,36,0,24,0,0.0,355.87483251994365,526.5508795630891,38.333333333333336,0.11979166666666667
42,20,2022-01-17,15,8,40,0,26,0,0.0,394.91388101581794,658.0091569245958,39.75,0.13802083333333334
42,20,2022-03-05,15,8,35,0,22,0,0.0,347.50719505895944,588.4107869370808,39.857142857142854,0.12109375
42,21,2022-01-17,15,8,38,4,20,0,65.3722348589616,306.7776185664546,572.753967705264,38.28947368421053,0.12630208333333334
42,21,2022-03-05,15,8,39,0,22,0,0.0,351.43144567284236,610.219240307979,43.84615384615385,0.1484375
42,22,2022-01-17,15,8,42,0,30,0,0.0,473.95813407286295,635.2490379175435,42.5,0.15494791666666666
42,22,2022-03-05,15,8,43,1,28,0,12.8498847984186,441.59046778119216,648.253671732812,41.16279069767442,0.15364583333333334
42,23,2022-01-17,15,8,43,3,28,0,51.5013314838623,433.2573528671723,720.8851233051527,41.16279069767442,0.15364583333333334
42,23,2022-03-05,15,8,40,0,23,0,0.0,348.09515157979064,683.49116188373,40.5,0.140625
42,24,2022-01-17,15,8,40,1,21,0,16.8275300538981,335.1434232952149,687.3056151855732,42.375,0.14713541666666666
42,24,2022-03-05,15,8,36,0,21,0,0.0,326.4845166638018,599.7033155830013,45.833333333333336,0.14322916666666666
42,25,2022-01-17,15,8,38,0,23,0,0.0,333.8028918490048,627.754126312346,41.05263157894737,0.13541666666666666
42,25,2022-03-05,15,8,40,0,20,0,0.0,293.30260413494466,637.6877032162184,42.375,0.14713541666666666
42,26,2022-01-17,15,8,34,2,23,0,34.1644307688802,349.8821784091786,530.4855269706376,43.23529411764706,0.12760416666666666
42,26,2022-03-05,15,8,33,0,18,0,0.0,267.5271076137895,511.9582552028409,43.18181818181818,0.12369791666666667
42,27,2022-01-17,15,8,40,1,28,0,16.8275300538981,450.4288448924554,642.5219813588092,38.25,0.1328125
42,27,2022-03-05,15,8,42,3,33,0,44.4670344801449,521.58397731037,665.1692503569244,37.857142857142854,0.13802083333333334
42,28,2022-01-17,15,8,41,0,20,0,0.0,315.295950709957,619.2603072159421,46.09756097560975,0.1640625
42,28,2022-03-05,15,8,40,1,24,0,12.9705010402643,366.27667549809297,592.3083106522289,42.0,0.14583333333333334
42,29,2022-01-17,15,8,37,0,19,0,0.0,299.86121829278784,617.5592404393611,42.972972972972975,0.13802083333333334
42,29,2022-03-05,15,8,40,0,22,0,0.0,344.74473176408964,646.4243034062398,40.875,0.14192708333333334
42,30,2022-01-17,15,8,38,1,16,0,16.389596399192,247.9832407264128,685.9281057812825,34.73684210526316,0.11458333333333333
42,30,2022-03-05,15,8,37,0,13,0,0.0,197.1682262082098,575.7357963644508,36.486486486486484,0.1171875
42,31,2022-01-17,15,8,34,0,24,0,0.0,361.9586740459878,542.6195332856281,43.6764705882353,0.12890625
42,31,2022-03-05,15,8,33,0,21,0,0.0,319.6286365296258,517.8379352832866,46.81818181818182,0.13411458333333334
42,32,2022-01-17,15,8,33,0,19,0,0.0,313.32083668930994,489.51079524943475,52.72727272727273,0.15104166666666666
42,32,2022-03-05,15,8,31,0,17,0,0.0,272.2576832499203,496.7410533933954,55.16129032258065,0.1484375
42,33,2022-01-17,15,8,33,0,19,0,0.0,303.14521946556124,531.0400898537636,46.36363636363637,0.1328125
42,33,2022-03-05,15,8,37,1,21,0,16.389596399192,332.965816461772,590.5834512130929,46.62162162162162,0.14973958333333334
42,34,2022-01-17,15,8,40,0,21,0,0.0,338.6641545354323,713.827478713961,38.625,0.13411458333333334
42,34,2022-03-05,15,8,41,0,28,0,0.0,431.2930930169811,654.9741865251345,41.34146341463415,0.14713541666666666
42,35,2022-01-17,15,8,29,0,16,0,0.0,234.2330695299334,452.936046872866,39.827586206896555,0.10026041666666667
42,35,2022-03-05,15,8,33,0,22,0,0.0,320.0782685448399,489.16350619259885,40.90909090909091,0.1171875
42,36,2022-01-17,15,8,32,0,16,0,0.0,260.85491279016367,493.12388895834874,40.3125,0.11197916666666667
42,36,2022-03-05,15,8,32,0,15,0,0.0,239.45258432772292,569.4940483130778,37.5,0.10416666666666667
42,37,2022-01-17,15,8,35,0,18,0,0.0,287.41082009967056,592.3313264465878,41.57142857142857,0.12630208333333334
42,37,2022-03-05,15,8,31,0,17,0,0.0,258.820842889148,531.487457814218,40.645161290322584,0.109375
42,38,2022-01-17,15,8,43,0,11,0,0.0,169.50146862189513,704.7774185298019,42.906976744186046,0.16015625
42,38,2022-03-05,15,8,40,0,11,0,0.0,176.9772396358075,674.0076386147641,43.125,0.14973958333333334
42,39,2022-01-17,15,8,36,0,10,0,0.0,160.4771772754055,635.2285534750066,46.25,0.14453125
42,39,2022-03-05,15,8,34,0,15,0,0.0,236.44927191061015,585.009360961106,45.0,0.1328125
42,40,2022-01-17,15,8,44,2,22,0,33.6550601077962,356.47402934719014,779.9763544724249,45.0,0.171875
42,40,2022-03-05,15,8,38,2,16,0,33.6550601077962,264.0180164694962,640.7508896390827,44.21052631578947,0.14583333333333334
42,41,2022-01-17,15,8,43,2,17,0,29.1100601576292,258.400112378077,644.5970105803768,38.372093023255815,0.14322916666666666
42,41,2022-03-05,15,8,35,0,21,0,0.0,316.2046034428943,535.4334017022069,44.142857142857146,0.13411458333333334
42,42,2022-01-17,15,8,39,1,23,0,16.389596399192,362.5327024976759,698.2750449985112,41.92307692307692,0.14192708333333334
42,42,2022-03-05,15,8,37,0,26,0,0.0,401.3844396486865,591.7801731033534,42.16216216216216,0.13541666666666666
42,43,2022-01-17,15,8,37,1,20,0,16.8275300538981,302.61003482919017,568.1900908330684,42.16216216216216,0.13541666666666666
42,43,2022-03-05,15,8,37,1,23,0,12.8498847984186,348.14250199716463,530.2699061395549,36.08108108108108,0.11588541666666667
42,44,2022-01-17,15,8,30,2,25,0,34.6738014299642,402.43666118111474,471.31589931311726,44.0,0.11458333333333333
42,44,2022-03-05,15,8,29,0,22,0,0.0,349.46461850920866,413.71383307834105,44.48275862068966,0.11197916666666667
42,45,2022-01-17,15,8,35,0,22,0,0.0,344.7325366400558,588.9390966470478,43.285714285714285,0.13151041666666666
42,45,2022-03-05,15,8,37,1,23,0,15.9356384370689,357.48240054164245,615.9472358620308,45.4054054054054,0.14583333333333334
42,46,2022-01-17,15,8,49,9,31,0,143.8736206766107,486.45414318239426,821.7426202317666,45.30612244897959,0.19270833333333334
42,46,2022-03-05,15,8,48,6,29,0,92.67599340294481,450.0483517197441,830.5879114824696,44.0625,0.18359375
42,47,2022-01-17,15,8,36,1,15,0,17.3369007149821,230.41997604929819,507.1669987685597,38.75,0.12109375
42,47,2022-03-05,15,8,36,0,12,0,0.0,182.3633145219871,542.7722885545492,37.916666666666664,0.11848958333333333
42,48,2022-01-17,15,8,43,0,22,0,0.0,346.30611657191275,758.2657939587831,43.25581395348837,0.16145833333333334
42,48,2022-03-05,15,8,41,0,18,0,0.0,275.8412049232955,772.4580383457246,46.829268292682926,0.16666666666666666
42,49,2022-01-17,15,8,46,1,20,0,16.8275300538981,331.6898405598952,749.829752232338,43.04347826086956,0.171875
42,49,2022-03-05,15,8,47,3,22,0,42.3750113286872,357.06230732115074,770.9045408069851,44.361702127659576,0.18098958333333334
78,0,2022-01-17,15,8,39,5,35,0,82.7988252965213,531.8061817412561,562.4182375798566,90.76923076923077,0.3072916666666667
78,0,2022-03-05,15,8,34,2,30,0,32.363136536709,450.8381246376248,487.8758952681337,92.20588235294117,0.2721354166666667
78,1,2022-01-17,15,8,31,0,29,0,0.0,452.5023414015469,482.4546606479696,87.09677419354838,0.234375
78,1,2022-03-05,15,8,30,3,40,0,42.7086472981816,619.7967793831502,443.52325009300404,90.5,0.23567708333333334
78,2,2022-01-17,15,8,36,3,18,0,50.855369698318704,277.600986806453,567.8496677397966,78.75,0.24609375
78,2,2022-03-05,15,8,35,1,27,0,16.1815682683545,411.7157204676328,582.2152204712279,81.0,0.24609375
78,3,2022-01-17,15,8,35,0,24,0,0.0,348.41513613320484,602.0706014926574,75.85714285714286,0.23046875
78,3,2022-03-05,15,8,28,1,27,0,13.8197522131234,393.3204870340305,511.2907937550076,72.85714285714286,0.17708333333333334
78,4,2022-01-17,15,8,32,6,40,0,104.705795172744,610.4546424248942,476.08663107569987,97.96875,0.2721354166666667
78,4,2022-03-05,15,8,33,1,35,0,19.5963049829675,540.9348566331587,495.234907971155,89.0909090909091,0.2552083333333333
78,5,2022-01-17,15,8,30,2,33,0,32.363136536709,521.2552249522347,462.0190211411043,85.0,0.22135416666666666
78,5,2022-03-05,15,8,32,0,32,0,0.0,491.67665388040615,553.0635327973986,76.40625,0.21223958333333334
78,6,2022-01-17,15,8,31,2,19,0,33.6550601077962,272.8602339846888,461.10949124428123,77.90322580645162,0.20963541666666666
78,6,2022-03-05,15,8,28,0,21,0,0.0,302.3694129493603,423.4612115827276,80.35714285714286,0.1953125
78,7,2022-01-17,15,8,38,1,27,0,12.5175843184934,434.76380479850224,715.8534479305978,75.0,0.24739583333333334
78,7,2022-03-05,15,8,37,2,25,0,31.967243101452603,408.3740838585275,719.5194954512543,79.05405405405405,0.25390625
78,8,2022-01-17,15,8,34,0,26,0,0.0,415.1222949844125,598.6194615250095,79.8529411764706,0.23567708333333334
78,8,2022-03-05,15,8,35,0,23,0,0.0,359.4508910859335,578.82308989187,88.71428571428571,0.26953125
78,9,2022-01-17,15,8,30,1,26,0,16.1815682683545,418.50945242452417,469.8131882667866,68.0,0.17708333333333334
78,9,2022-03-05,15,8,26,0,25,0,0.0,395.3896974804353,380.03145383375215,75.0,0.16927083333333334
78,10,2022-01-17,15,8,34,0,39,0,0.0,604.9472029825965,526.441343107528,82.5,0.24348958333333334
78,10,2022-03-05,15,8,34,0,35,0,0.0,543.1786345639406,578.1456823835932,78.52941176470588,0.23177083333333334
78,11,2022-01-17,15,8,31,1,24,0,12.8292169687832,357.0609547255981,487.36788698125724,83.2258064516129,0.22395833333333334
78,11,2022-03-05,15,8,29,0,16,0,0.0,250.942281254872,453.3834244556459,78.62068965517241,0.19791666666666666
78,12,2022-01-17,15,8,30,1,24,0,16.6894238471996,378.38748641759844,441.5442668611746,72.0,0.1875
78,12,2022-03-05,15,8,29,1,23,0,16.6894238471996,351.08748723264114,428.2989375476938,73.96551724137932,0.18619791666666666
78,13,2022-01-17,15,8,35,1,39,0,16.8275300538981,596.9432356424724,587.2402372946483,81.42857142857143,0.24739583333333334
78,13,2022-03-05,15,8,33,0,32,0,0.0,484.2481418947094,578.723480408042,81.81818181818181,0.234375
78,14,2022-01-17,15,8,29,0,19,0,0.0,295.0752920713086,539.2678685918769,71.89655172413794,0.18098958333333334
78,14,2022-03-05,15,8,28,0,22,0,0.0,344.26550595990824,515.7432015420706,72.85714285714286,0.17708333333333334
78,15,2022-01-17,15,8,36,2,42,0,34.6738014299642,659.4273027860028,608.7145157362759,93.33333333333333,0.2916666666666667
78,15,2022-03-05,15,8,38,12,44,0,174.51891557113507,691.3337273171095,626.7839217192677,97.5,0.3216145833333333
78,16,2022-01-17,15,8,36,2,22,0,33.0090983222526,344.61765305829766,535.0305300541269,72.91666666666667,0.22786458333333334
78,16,2022-03-05,15,8,35,4,27,0,59.243646382048695,423.030601494107,532.5453276304946,75.0,0.22786458333333334
78,17,2022-01-17,15,8,30,1,25,0,16.8275300538981,373.5372850131688,499.3536713184113,87.5,0.22786458333333334
78,17,2022-03-05,15,8,28,2,27,0,26.0298277784618,404.533919926082,421.23142700520214,85.17857142857143,0.20703125
78,18,2022-01-17,15,8,36,0,30,0,0.0,450.4768104429524,492.17807211210175,77.08333333333333,0.24088541666666666
78,18,2022-03-05,15,8,31,5,34,0,75.0101409866828,496.7161536489335,396.44162219499003,82.74193548387096,0.22265625
78,19,2022-01-17,15,8,33,0,23,0,0.0,335.9702412550146,532.346164722075,68.18181818181819,0.1953125
78,19,2022-03-05,15,8,29,2,31,0,29.1648515090588,460.4948970345485,449.6321808793129,73.96551724137932,0.18619791666666666
78,20,2022-01-17,15,8,36,0,30,0,0.0,460.85914556507106,573.1931094319712,76.66666666666667,0.23958333333333334
78,20,2022-03-05,15,8,33,0,24,0,0.0,377.7165436712748,554.1728986350088,72.72727272727273,0.20833333333333334
78,21,2022-01-17,15,8,33,2,25,0,33.0090983222526,374.37138759929775,536.1224928041744,70.45454545454545,0.20182291666666666
78,21,2022-03-05,15,8,31,3,30,0,48.5068031046154,477.8739880802727,494.09372861183255,82.25806451612904,0.22135416666666666
78,22,2022-01-17,15,8,38,2,34,0,34.9000822770014,537.3815025041496,620.0551983121617,77.76315789473684,0.2565104166666667
78,22,2022-03-05,15,8,35,6,36,0,83.8898031207476,566.9005738923902,569.5942198347936,80.14285714285714,0.24348958333333334
78,23,2022-01-17,15,8,38,5,33,0,81.5568309253695,512.6990326625385,621.5016225396575,75.0,0.24739583333333334
78,23,2022-03-05,15,8,33,3,30,0,48.0528451424923,454.1012821362573,549.4178232719468,75.0,0.21484375
78,24,2022-01-17,15,8,33,2,28,0,33.6550601077962,442.1346187879237,512.8916587480276,75.9090909090909,0.21744791666666666
78,24,2022-03-05,15,8,32,1,25,0,15.1397130475545,390.12453531979725,486.2428794724961,71.71875,0.19921875
78,25,2022-01-17,15,8,34,0,27,0,0.0,407.99563403195066,548.9640343810273,77.6470588235294,0.22916666666666666
78,25,2022-03-05,15,8,35,0,25,0,0.0,378.7699600794418,568.4193213457855,82.71428571428571,0.2513020833333333
78,26,2022-01-17,15,8,31,6,26,0,104.2476851369298,401.0232078774878,434.537621051329,78.87096774193549,0.21223958333333334
78,26,2022-03-05,15,8,32,1,19,0,12.8498847984186,283.3421298090127,494.19990882944893,82.96875,0.23046875
78,27,2022-01-17,15,8,35,4,33,0,50.0703372739736,537.4393598922981,554.5617049359627,75.42857142857143,0.22916666666666666
78,27,2022-03-05,15,8,35,2,40,0,27.6395044262468,629.506784668203,571.5092139266044,67.71428571428571,0.20572916666666666
78,28,2022-01-17,15,8,35,3,26,0,41.8286588841543,408.82564948879053,528.8872585715238,89.57142857142857,0.2721354166666667
78,28,2022-03-05,15,8,31,7,33,0,97.4587742507833,501.4018202146686,467.0018848861801,89.51612903225806,0.24088541666666666
78,29,2022-01-17,15,8,33,1,23,0,16.1815682683545,359.7759804798611,555.6893756412762,85.0,0.24348958333333334
78,29,2022-03-05,15,8,37,2,25,0,30.647282267021502,390.2221128589415,616.2905184540808,77.83783783783784,0.25
78,30,2022-01-17,15,8,33,3,21,0,51.52882257604661,331.31903780130756,556.6930467257105,64.0909090909091,0.18359375
78,30,2022-03-05,15,8,30,3,20,0,38.888302045014,311.6522254044653,431.98463282295006,64.0,0.16666666666666666
78,31,2022-01-17,15,8,31,2,27,0,25.0011288302562,407.73659940510805,520.0557915059677,74.51612903225806,0.20052083333333334
78,31,2022-03-05,15,8,27,0,27,0,0.0,409.0166115041055,452.28229890713044,81.11111111111111,0.19010416666666666
78,32,2022-01-17,15,8,29,0,23,0,0.0,376.2735081783931,460.6162870385998,96.20689655172414,0.2421875
78,32,2022-03-05,15,8,27,2,21,0,26.8412640005494,336.5369082445776,430.5753592982889,105.0,0.24609375
78,33,2022-01-17,15,8,27,0,25,0,0.0,404.10723304073315,457.71680221407973,93.33333333333333,0.21875
78,33,2022-03-05,15,8,30,2,28,0,34.0263245621817,445.2819374553057,522.9006910348221,94.0,0.24479166666666666
78,34,2022-01-17,15,8,36,1,25,0,19.5963049829675,406.26526941132215,610.6100068831724,71.66666666666667,0.22395833333333334
78,34,2022-03-05,15,8,33,2,36,0,30.279426095109,561.5014408971157,551.8329608594474,78.63636363636364,0.22526041666666666
78,35,2022-01-17,15,8,27,0,18,0,0.0,265.4084843089193,427.54173582623656,75.0,0.17578125
78,35,2022-03-05,15,8,32,0,23,0,0.0,338.7360990053324,483.42223146338637,76.40625,0.21223958333333334
78,36,2022-01-17,15,8,30,0,18,0,0.0,286.7478430385202,462.7068309492084,72.5,0.18880208333333334
78,36,2022-03-05,15,8,28,0,19,0,0.0,302.3474863691915,482.6733279674949,68.03571428571429,0.16536458333333334
78,37,2022-01-17,15,8,31,6,22,0,100.319218537845,347.6165659375862,548.3919931072294,79.35483870967742,0.21354166666666666
78,37,2022-03-05,15,8,29,0,19,0,0.0,290.92649652387735,482.3813986354803,77.58620689655173,0.1953125
78,38,2022-01-17,15,8,38,1,16,0,16.1815682683545,238.66875769008772,609.7461061350948,72.63157894736842,0.23958333333333334
78,38,2022-03-05,15,8,37,1,14,0,16.1815682683545,214.0174229074167,592.3489993698186,71.75675675675676,0.23046875
78,39,2022-01-17,15,8,33,0,13,0,0.0,200.46079684430072,566.3287326057008,83.18181818181819,0.23828125
78,39,2022-03-05,15,8,30,0,19,0,0.0,296.0513073916627,519.7353515806557,84.5,0.22005208333333334
78,40,2022-01-17,15,8,36,5,30,0,76.8779507757509,465.0071508158505,583.7848936145541,77.5,0.2421875
78,40,2022-03-05,15,8,32,2,22,0,33.6550601077962,346.76464635761636,519.2352304727713,77.8125,0.21614583333333334
78,41,2022-01-17,15,8,40,2,20,0,24.5650602074622,300.0528073229268,598.0966622365443,69.375,0.24088541666666666
78,41,2022-03-05,15,8,30,1,26,0,12.8498847984186,390.04043318820777,457.52754373723985,85.0,0.22135416666666666
78,42,2022-01-17,15,8,38,4,24,0,66.2262247753427,379.360232551574,638.2935010025484,78.15789473684211,0.2578125
78,42,2022-03-05,15,8,33,1,30,0,16.389596399192,463.1168157828186,536.5918699910856,77.72727272727273,0.22265625
78,43,2022-01-17,15,8,29,0,28,0,0.0,418.3470621073103,489.6525788124037,76.55172413793103,0.19270833333333334
78,43,2022-03-05,15,8,29,1,31,0,12.9705010402643,462.04668236884135,469.22183186147174,63.10344827586207,0.15885416666666666
78,44,2022-01-17,15,8,28,3,27,0,52.0107021449463,431.1547293196995,431.6272929513104,81.42857142857143,0.19791666666666666
78,44,2022-03-05,15,8,26,0,25,0,0.0,394.2645634155831,344.86092579790085,79.61538461538461,0.1796875
78,45,2022-01-17,15,8,29,1,28,0,16.1815682683545,448.923371960825,479.57520360625483,80.17241379310344,0.20182291666666666
78,45,2022-03-05,15,8,29,0,31,0,0.0,487.67567813250224,485.31636511390366,83.79310344827586,0.2109375
78,46,2022-01-17,15,8,38,9,42,0,135.1586492521709,661.8970075030536,611.8442293385942,81.71052631578948,0.26953125
78,46,2022-03-05,15,8,39,8,38,0,122.78461083688912,597.649575141611,650.6631666639245,76.92307692307692,0.2604166666666667
78,47,2022-01-17,15,8,32,0,19,0,0.0,295.36682869880724,466.48300199964,73.125,0.203125
78,47,2022-03-05,15,8,33,0,15,0,0.0,228.141396902185,514.3203177005412,70.45454545454545,0.20182291666666666
78,48,2022-01-17,15,8,42,0,23,0,0.0,359.532570877283,736.2965175417677,81.07142857142857,0.2955729166666667
78,48,2022-03-05,15,8,37,0,22,0,0.0,343.9245441971346,691.3150270222005,85.13513513513513,0.2734375
78,49,2022-01-17,15,8,40,5,26,0,85.89204309977971,429.1694919661002,624.4011260846567,78.375,0.2721354166666667
78,49,2022-03-05,15,8,37,5,32,0,69.30773057397249,518.1063087084899,613.5969865747152,82.70270270270271,0.265625
