level,algorithm,label,n_runs,sat_all_arrivals_mean,sat_all_arrivals_ci_low,sat_all_arrivals_ci_high,average_user_satisfaction_mean,average_user_satisfaction_ci_low,average_user_satisfaction_ci_high,dns_lower_mean,dns_lower_ci_low,dns_lower_ci_high,dns_upper_mean,dns_upper_ci_low,dns_upper_ci_high,total_transformer_overload_mean,total_transformer_overload_ci_low,total_transformer_overload_ci_high,total_energy_charged_mean,total_energy_charged_ci_low,total_energy_charged_ci_high,gross_margin_cop_mean,gross_margin_cop_ci_low,gross_margin_cop_ci_high,total_ev_served_mean,total_ev_served_ci_low,total_ev_served_ci_high,peak_kw_p95,peak_kw_p95_ci_low,peak_kw_p95_ci_high,peak_kva_p95_at_pf_0894,rating_kw,cells_with_overload,seeds_with_overload,n_clusters,broken_satisfaction,broken_dns,broken_peak,meets_all,diff_dns_lower_vs_rrta,diff_dns_lower_ci_low,diff_dns_lower_ci_high,diff_sat_all_arrivals_vs_rrta,diff_sat_all_arrivals_ci_low,diff_sat_all_arrivals_ci_high,diff_total_energy_charged_vs_rrta,diff_total_energy_charged_ci_low,diff_total_energy_charged_ci_high,diff_total_transformer_overload_vs_rrta,diff_total_transformer_overload_ci_low,diff_total_transformer_overload_ci_high,diff_gross_margin_cop_vs_rrta,diff_gross_margin_cop_ci_low,diff_gross_margin_cop_ci_high,mpc_infeasible_steps_all_levels,mpc_infeasible_share_of_steps
1.0,RoundRobin_TransformerCapped,"Round Robin, transformer-aware (recommended)",100,0.9730023681711834,0.964691178706947,0.9800467725902148,0.9924558079648526,0.9909650784190758,0.9939000363839287,0.0500364942219212,0.04030714990548815,0.06063173156328954,0.3702279852307486,0.3562819371161044,0.38375817732108053,0.0,0.0,0.0,592.8930791907238,571.6184614637895,614.4803966195286,346390.9632467697,333961.5124979121,359003.1052003984,38.0,36.86,39.13,99.89981312549872,99.89981312549872,99.89981312549872,111.7447574110724,100.0,0,0,50,False,False,False,True,,,,,,,,,,,,,,,,,
1.0,MPC_TrackingG2V,"MPC_TrackingG2V (upper bound, non-causal)",100,0.871563878043398,0.8578120199138543,0.885431429224648,0.8888976501799565,0.8769163350439934,0.901235376758882,0.4846105863783625,0.4368439689349152,0.531184719180021,0.660304850990491,0.6300767694748254,0.6899071480636494,3.8051903892718004e-05,9.923901784532e-06,7.190539778922361e-05,314.853749530351,290.0972221298242,340.9656671752762,183949.682344988,169485.96591129532,199205.26994198267,38.0,36.86,39.13,100.00054059009408,100.00008678100933,100.00057691327987,111.85742795312537,100.0,7,6,50,True,True,True,False,0.4345740921564414,0.3885001440722383,0.47828054542692766,-0.10143849012778522,-0.11247986669909682,-0.08999070094831006,-278.0393296603728,-309.85628528335457,-245.54697898556043,3.8051903892718004e-05,9.923901784532e-06,7.190539778922361e-05,-162441.28090178175,-181029.97132951915,-143457.99868205542,10851.0,0.37677083333333333
1.0,Optimal_Oracle_Tracking,"Optimal_Oracle_Tracking (upper bound, non-causal)",100,0.8951674572775801,0.887321049271486,0.9025015489713115,0.9131912328053231,0.908197120177652,0.9181711790979731,0.3989355257491345,0.3791456991531956,0.4190397861235397,0.601494596233232,0.5858174806612214,0.6172371390426806,0.0,0.0,0.0,378.2275997681338,355.585912975978,401.4212174575874,220975.1255471348,207746.9804182159,234525.72995559467,38.0,36.86,39.13,100.00007808264726,100.00007808264725,100.00007808264729,111.856910606988,100.0,0,0,50,True,True,True,False,0.34889903152721324,0.3273306669273629,0.3709484917602664,-0.07783491089360323,-0.08283731632388243,-0.0728358970162875,-214.66547942259007,-226.20454928790133,-202.86697118907904,0.0,0.0,0.0,-125415.83769963488,-132157.40656913957,-118522.69494705075,,
1.3,RoundRobin_TransformerCapped,"Round Robin, transformer-aware (recommended)",100,0.9388642446523814,0.9283104007159335,0.9483050950940879,0.9902288640873016,0.9887627257812498,0.9916262765394699,0.09009963076456656,0.07882225722250524,0.10200694669820957,0.43240228347350057,0.42087742111299736,0.44365244030742496,0.0,0.0,0.0,690.7905670081066,674.2674031789862,708.2887514847754,403586.4446829658,393932.97623218637,413809.55773433804,44.65,43.76,45.55,99.89981312549872,99.89981312549872,99.89981312549872,111.7447574110724,100.0,0,0,50,False,False,False,True,,,,,,,,,,,,,,,,,
1.3,MPC_TrackingG2V,"MPC_TrackingG2V (upper bound, non-causal)",100,0.8326049125989876,0.8190210301082292,0.8457890900297187,0.8783773184346724,0.8667185040309743,0.8901933398529805,0.5436656486331625,0.5000337383981285,0.5871623899841467,0.7171009713916789,0.6910051062924056,0.7431958443168604,4.0243681557539e-05,1.0471475630282e-05,8.185502746687148e-05,342.99299121514065,311.99864255315134,373.88883700199136,200389.71069804695,182281.61892728938,218440.25329678788,44.65,43.76,45.55,100.00052445396452,100.000124091321,100.0007151584841,111.85740990376344,100.0,7,7,50,True,True,True,False,0.4535660178685958,0.4114535856332182,0.4956190775833648,-0.10625933205339382,-0.11692156690193828,-0.09554562182903671,-347.7975757929661,-383.0056094323305,-311.90774026162677,4.0243681557539e-05,1.0471475630282e-05,8.185502746687148e-05,-203196.73398491883,-223766.6227463307,-182228.5103088424,10851.0,0.37677083333333333
1.3,Optimal_Oracle_Tracking,"Optimal_Oracle_Tracking (upper bound, non-causal)",100,0.8704593637138894,0.8611107818588215,0.8789243458366862,0.918266082930887,0.9134329417931452,0.9229124101784284,0.39207891117985716,0.37652477571372633,0.40787781399383893,0.6210851112976146,0.6103713617092967,0.6316674920522979,0.0,0.0,0.0,463.5287125307566,444.24075252653074,483.72875780534,270811.31971590046,259542.5508949715,282612.9638670551,44.65,43.76,45.55,100.00007808264729,100.00007808264728,100.00007808264729,111.85691060698802,100.0,0,0,50,True,True,True,False,0.3019792804152906,0.2840140343599977,0.3200387898909769,-0.068404880938492,-0.07304393652064121,-0.0639012997293802,-227.26185447735008,-239.3774284769545,-215.55562288539784,0.0,0.0,0.0,-132775.12496706535,-139853.50974723313,-125935.8937811305,,
1.6,RoundRobin_TransformerCapped,"Round Robin, transformer-aware (recommended)",100,0.8861097316292844,0.8715599558252268,0.8998990212742837,0.9891808964582044,0.9877796117604617,0.9904718241172891,0.14186435116931226,0.12746692494413747,0.15692564601529713,0.483042697600592,0.47356370010317045,0.492350929208462,0.0,0.0,0.0,775.8549285333849,758.843730159227,793.2333184542105,453284.319663952,443345.7226426317,463437.44412371033,50.3,49.35,51.25,99.89981312549872,99.89981312549872,99.89981312549874,111.7447574110724,100.0,0,0,50,True,True,False,False,,,,,,,,,,,,,,,,,
1.6,MPC_TrackingG2V,"MPC_TrackingG2V (upper bound, non-causal)",100,0.7784412903330795,0.7621699333481254,0.7938708874214325,0.8690708382230246,0.8578956106023706,0.8799475026575708,0.606333838932223,0.567132450923462,0.6460716315190179,0.763537890600169,0.7401237531438617,0.7873076647072891,7.244938974508401e-05,3.0052666249573462e-05,0.00012315748826840413,353.79086978802377,318.42143635811254,388.9055138576288,206698.24707865037,186034.0623457092,227213.57405791027,50.3,49.35,51.25,100.00057691327984,100.00037918374717,100.00057691327986,111.85746858308707,100.0,11,10,50,True,True,True,False,0.46446948776291075,0.42593033248566603,0.5030045614905861,-0.10766844129620502,-0.11707092300176317,-0.09833809451832694,-422.06405874536097,-460.73906231463354,-384.3210302215594,7.244938974508401e-05,3.0052666249573462e-05,0.00012315748826840413,-246586.0725853016,-269181.4986581081,-224535.14221509855,10851.0,0.37677083333333333
1.6,Optimal_Oracle_Tracking,"Optimal_Oracle_Tracking (upper bound, non-causal)",100,0.8248335044983758,0.8121930657865698,0.8370129123284065,0.9211571444246155,0.9169064100800698,0.9253503148656279,0.41326840681106963,0.3983613287971597,0.4276683914997782,0.6461894924834114,0.6364348457396356,0.6556776941232646,0.0,0.0,0.0,532.8169924417906,512.537136283988,553.5626178610161,311292.2004387031,299443.9276968527,323412.59351519326,50.3,49.35,51.25,100.00007808264729,100.00007808264728,100.00007808264729,111.85691060698802,100.0,0,0,50,True,True,True,False,0.27140405564175746,0.25485333442083163,0.28738964801998595,-0.06127622713090855,-0.06515702633544833,-0.05730384757106381,-243.0379360915942,-256.32062816780456,-229.87909828695945,0.0,0.0,0.0,-141992.11922524884,-149752.3793198159,-134304.21956452582,,
