level,algorithm,seed,eval_day,total_energy_charged,total_transformer_overload,average_user_satisfaction,n_steps,n_bus_steps_outside,n_steps_any_bus_outside,min_voltage_pu,max_voltage_pu,worst_bus,excursion_pu_steps,station_bus_min_voltage_pu,station_bus_steps_outside
1.0,idle,0,2022-01-17,0.0,0.0,,96,0,0,0.9780427842429082,1.0,115,0.0,0.9780427842429082,0
1.0,RoundRobin_TransformerCapped,0,2022-01-17,622.2336206760084,0.0,0.9899910714285712,96,0,0,0.9778802361898972,1.0,115,0.0,0.9778802361898972,0
1.3,ChargeAsFastAsPossible,0,2022-01-17,682.7458623676661,177.0501915314888,0.9994035714285714,96,0,0,0.9759383378594292,1.0,115,0.0,0.9759383378594292,0
1.6,idle,0,2022-01-17,0.0,0.0,,96,0,0,0.9763009884835856,1.0,115,0.0,0.9763009884835856,0
1.6,RoundRobin_TransformerCapped,0,2022-01-17,771.8508650535957,0.0,0.9854023171768708,96,0,0,0.9761899133020124,1.0,115,0.0,0.9761899133020124,0
1.0,ChargeAsFastAsPossible,1,2022-01-17,590.5434158852759,44.01287390864664,1.0,96,0,0,0.9793812160601248,1.0,115,0.0,0.9793812160601248,0
1.3,idle,1,2022-01-17,0.0,0.0,,96,0,0,0.9749036702959268,1.0,115,0.0,0.9749036702959268,0
1.3,RoundRobin_TransformerCapped,1,2022-01-17,726.4058634346438,0.0,0.994172619047619,96,0,0,0.9745968629478036,1.0,115,0.0,0.9745968629478036,0
1.6,ChargeAsFastAsPossible,1,2022-01-17,831.049800136165,282.15995255284224,1.0,96,0,0,0.9779407421934596,1.0,115,0.0,0.9779407421934596,0
1.0,idle,2,2022-01-17,0.0,0.0,,96,0,0,0.9763221480878488,1.0,115,0.0,0.9763221480878488,0
1.0,RoundRobin_TransformerCapped,2,2022-01-17,559.2714119168971,0.0,0.9980190476190476,96,0,0,0.9760162723556336,1.0,115,0.0,0.9760162723556336,0
1.3,ChargeAsFastAsPossible,2,2022-01-17,630.9394576323162,71.14674700193763,0.9991875,96,0,0,0.9821256780455164,1.0,115,0.0,0.9821256780455164,0
1.6,idle,2,2022-01-17,0.0,0.0,,96,0,0,0.9758759677530712,1.0,115,0.0,0.9758759677530712,0
1.6,RoundRobin_TransformerCapped,2,2022-01-17,796.4006857784354,0.0,0.99326349914966,96,0,0,0.9755700239200504,1.0,115,0.0,0.9755700239200504,0
1.0,ChargeAsFastAsPossible,3,2022-01-17,684.9581791016567,102.39364181367164,0.9978363095238096,96,0,0,0.9764108145653544,1.0,115,0.0,0.9764108145653544,0
1.3,idle,3,2022-01-17,0.0,0.0,,96,0,0,0.9773567037231268,1.0,115,0.0,0.9773567037231268,0
1.3,RoundRobin_TransformerCapped,3,2022-01-17,721.3126921076705,0.0,0.9833779761904762,96,0,0,0.9772041113822278,1.0,115,0.0,0.9772041113822278,0
1.6,ChargeAsFastAsPossible,3,2022-01-17,826.1095970659185,203.68846713952587,0.9979090136054424,96,0,0,0.9754373436291408,1.0,115,0.0,0.9754373436291408,0
1.0,idle,4,2022-01-17,0.0,0.0,,96,0,0,0.9763255322126784,1.0,115,0.0,0.9763255322126784,0
1.0,RoundRobin_TransformerCapped,4,2022-01-17,578.5279263472266,0.0,0.990122023809524,96,0,0,0.9761677379610576,1.0,115,0.0,0.9761677379610576,0
1.3,ChargeAsFastAsPossible,4,2022-01-17,716.3120642211541,209.677882622754,0.9987321428571428,96,0,0,0.975606317304584,1.0,115,0.0,0.975606317304584,0
1.6,idle,4,2022-01-17,0.0,0.0,,96,0,0,0.9757128353149492,1.0,97,0.0,0.9758775305682548,0
1.6,RoundRobin_TransformerCapped,4,2022-01-17,772.1513935697127,0.0,0.9891020408163264,96,0,0,0.9756966268716466,1.0,97,0.0,0.9758441833065712,0
1.0,ChargeAsFastAsPossible,5,2022-01-17,624.8701782664285,127.6267264062712,1.0,96,0,0,0.9778655642981184,1.0,115,0.0,0.9778655642981184,0
1.3,idle,5,2022-01-17,0.0,0.0,,96,0,0,0.9734137891306468,1.0,115,0.0,0.9734137891306468,0
1.3,RoundRobin_TransformerCapped,5,2022-01-17,589.6664969895126,0.0,0.9856958333333332,96,0,0,0.9733688352650084,1.0,115,0.0,0.9733688352650084,0
1.6,ChargeAsFastAsPossible,5,2022-01-17,731.6316822396169,173.9661946305744,1.0,96,0,0,0.9763828550489374,1.0,115,0.0,0.9763828550489374,0
1.0,idle,6,2022-01-17,0.0,0.0,,96,0,0,0.9785425194376814,1.0,115,0.0,0.9785425194376814,0
1.0,RoundRobin_TransformerCapped,6,2022-01-17,502.7935061679719,0.0,0.993470025510204,96,0,0,0.9784917527800616,1.0,115,0.0,0.9784917527800616,0
1.3,ChargeAsFastAsPossible,6,2022-01-17,722.4576487497226,254.43239811139767,0.998925,96,0,0,0.9775746996358394,1.0,115,0.0,0.9775746996358394,0
1.6,idle,6,2022-01-17,0.0,0.0,,96,0,0,0.9764952045328192,1.0,115,0.0,0.9764952045328192,0
1.6,RoundRobin_TransformerCapped,6,2022-01-17,715.4211315814878,0.0,0.9806991567460316,96,0,0,0.9763423987506016,1.0,115,0.0,0.9763423987506016,0
1.0,ChargeAsFastAsPossible,7,2022-01-17,815.698214499931,312.7507840992438,0.9981316964285716,96,0,0,0.9775148151276613,1.0,115,0.0,0.9775148151276613,0
1.3,idle,7,2022-01-17,0.0,0.0,,96,0,0,0.9774510949936864,1.0,115,0.0,0.9774510949936864,0
1.3,RoundRobin_TransformerCapped,7,2022-01-17,828.4629795392782,0.0,0.9843151785714286,96,0,0,0.9773727464490012,1.0,115,0.0,0.9773727464490012,0
1.6,ChargeAsFastAsPossible,7,2022-01-17,938.7407978597868,358.67393011569067,0.9983928571428572,96,0,0,0.975689865781731,1.0,115,0.0,0.975689865781731,0
1.0,idle,8,2022-01-17,0.0,0.0,,96,0,0,0.9786513224651764,1.0,115,0.0,0.9786513224651764,0
1.0,RoundRobin_TransformerCapped,8,2022-01-17,708.8953281181558,0.0,0.9951714285714286,96,0,0,0.978401349605088,1.0,115,0.0,0.978401349605088,0
1.3,ChargeAsFastAsPossible,8,2022-01-17,788.8143515744921,95.89837954790194,0.9979857142857144,96,0,0,0.9770699819385276,1.0,115,0.0,0.9770699819385276,0
1.6,idle,8,2022-01-17,0.0,0.0,,96,0,0,0.97760339149737,1.0,115,0.0,0.97760339149737,0
1.6,RoundRobin_TransformerCapped,8,2022-01-17,852.9222590056647,0.0,0.9957839285714284,96,0,0,0.9773224170535146,1.0,115,0.0,0.9773224170535146,0
1.0,ChargeAsFastAsPossible,9,2022-01-17,538.4536770458124,44.49723540147859,0.997591836734694,96,0,0,0.9769615122059032,1.0,115,0.0,0.9769615122059032,0
1.3,idle,9,2022-01-17,0.0,0.0,,96,0,0,0.9757181270557426,1.0,115,0.0,0.9757181270557426,0
1.3,RoundRobin_TransformerCapped,9,2022-01-17,651.8850924068381,0.0,0.9957663690476192,96,0,0,0.9757181270557426,1.0,115,0.0,0.9757181270557426,0
1.6,ChargeAsFastAsPossible,9,2022-01-17,688.5449051366546,42.33837954790195,0.9978928571428572,96,0,0,0.9787910236969652,1.0,115,0.0,0.9787910236969652,0
1.0,idle,10,2022-01-17,0.0,0.0,,96,0,0,0.9767224646205048,1.0,115,0.0,0.9767224646205048,0
1.0,RoundRobin_TransformerCapped,10,2022-01-17,629.0461687465597,0.0,0.987967261904762,96,0,0,0.9767224646205048,1.0,115,0.0,0.9767224646205048,0
1.3,ChargeAsFastAsPossible,10,2022-01-17,723.7705897956855,180.8586073806865,1.0,96,0,0,0.9766352759042916,1.0,115,0.0,0.9766352759042916,0
1.6,idle,10,2022-01-17,0.0,0.0,,96,0,0,0.9793651773205326,1.0,115,0.0,0.9793651773205326,0
1.6,RoundRobin_TransformerCapped,10,2022-01-17,844.699286037699,0.0,0.9939129464285714,96,0,0,0.9792019787149954,1.0,115,0.0,0.9792019787149954,0
1.0,ChargeAsFastAsPossible,11,2022-01-17,534.7123239211028,111.0614428058856,0.997345238095238,96,0,0,0.97749865006749,1.0,115,0.0,0.97749865006749,0
1.3,idle,11,2022-01-17,0.0,0.0,,96,0,0,0.9777631373007672,1.0,115,0.0,0.9777631373007672,0
1.3,RoundRobin_TransformerCapped,11,2022-01-17,625.9460326747306,0.0,0.991870238095238,96,0,0,0.9777631373007672,1.0,115,0.0,0.9777631373007672,0
1.6,ChargeAsFastAsPossible,11,2022-01-17,725.8805732411678,127.78450606386924,0.9984071428571428,96,0,0,0.9781681163699216,1.0,115,0.0,0.9781681163699216,0
1.0,idle,12,2022-01-17,0.0,0.0,,96,0,0,0.9786553123911133,1.0,115,0.0,0.9786553123911133,0
1.0,RoundRobin_TransformerCapped,12,2022-01-17,570.3500223436424,0.0,0.9966904761904762,96,0,0,0.9784871824563064,1.0,115,0.0,0.9784871824563064,0
1.3,ChargeAsFastAsPossible,12,2022-01-17,773.9806416126188,221.73029698625845,0.9968135204081632,96,0,0,0.9785359912426604,1.0,115,0.0,0.9785359912426604,0
1.6,idle,12,2022-01-17,0.0,0.0,,96,0,0,0.9762906007255756,1.0,115,0.0,0.9762906007255756,0
1.6,RoundRobin_TransformerCapped,12,2022-01-17,788.4259617404202,0.0,0.9931656462585036,96,0,0,0.9759847937190984,1.0,115,0.0,0.9759847937190984,0
1.0,ChargeAsFastAsPossible,13,2022-01-17,729.8202304234636,111.31443171888098,0.9976845238095238,96,0,0,0.9755821388268248,1.0,115,0.0,0.9755821388268248,0
1.3,idle,13,2022-01-17,0.0,0.0,,96,0,0,0.9753021399371256,1.0,115,0.0,0.9753021399371256,0
1.3,RoundRobin_TransformerCapped,13,2022-01-17,779.3634489907411,0.0,0.9883334608843536,96,0,0,0.9752298516296274,1.0,115,0.0,0.9752298516296274,0
1.6,ChargeAsFastAsPossible,13,2022-01-17,861.776393119126,203.2641159241616,0.9968541666666668,96,0,0,0.9791770255479364,1.0,115,0.0,0.9791770255479364,0
1.0,idle,14,2022-01-17,0.0,0.0,,96,0,0,0.9748956884262892,1.0,115,0.0,0.9748956884262892,0
1.0,RoundRobin_TransformerCapped,14,2022-01-17,581.9656923321018,0.0,0.993455357142857,96,0,0,0.9747556300698628,1.0,115,0.0,0.9747556300698628,0
1.3,ChargeAsFastAsPossible,14,2022-01-17,792.9482493902922,308.14213328228857,0.9989785714285716,96,0,0,0.975272751297351,1.0,115,0.0,0.975272751297351,0
1.6,idle,14,2022-01-17,0.0,0.0,,96,0,0,0.9738299345959236,1.0,115,0.0,0.9738299345959236,0
1.6,RoundRobin_TransformerCapped,14,2022-01-17,833.1497762534618,0.0,0.9845595238095238,96,0,0,0.9735960837223816,1.0,115,0.0,0.9735960837223816,0
1.0,ChargeAsFastAsPossible,15,2022-01-17,725.7241902183532,190.95632015319,1.0,96,0,0,0.976669863280842,1.0,115,0.0,0.976669863280842,0
1.3,idle,15,2022-01-17,0.0,0.0,,96,0,0,0.9797391262297854,1.0,115,0.0,0.9797391262297854,0
1.3,RoundRobin_TransformerCapped,15,2022-01-17,737.9404275008648,0.0,0.9857373511904762,96,0,0,0.9795920055493524,1.0,115,0.0,0.9795920055493524,0
1.6,ChargeAsFastAsPossible,15,2022-01-17,906.3233140376908,458.8164962367862,1.0,96,0,0,0.9749847848083488,1.0,115,0.0,0.9749847848083488,0
1.0,idle,16,2022-01-17,0.0,0.0,,96,0,0,0.97569789802656,1.0,115,0.0,0.97569789802656,0
1.0,RoundRobin_TransformerCapped,16,2022-01-17,581.2438832408736,0.0,0.9993839285714284,96,0,0,0.9755945662974826,1.0,115,0.0,0.9755945662974826,0
1.3,ChargeAsFastAsPossible,16,2022-01-17,741.2716818405247,210.5045060638692,0.9993647959183674,96,0,0,0.9784924008220444,1.0,115,0.0,0.9784924008220444,0
1.6,idle,16,2022-01-17,0.0,0.0,,96,0,0,0.976274658896764,1.0,115,0.0,0.976274658896764,0
1.6,RoundRobin_TransformerCapped,16,2022-01-17,859.8124297472025,0.0,0.9859928784013604,96,0,0,0.976010104892874,1.0,115,0.0,0.976010104892874,0
1.0,ChargeAsFastAsPossible,17,2022-01-17,588.4871619078544,233.2462704866576,0.9994464285714286,96,0,0,0.9784165856098936,1.0,97,0.0,0.9785429072099554,0
1.3,idle,17,2022-01-17,0.0,0.0,,96,0,0,0.976404493067872,1.0,115,0.0,0.976404493067872,0
1.3,RoundRobin_TransformerCapped,17,2022-01-17,645.8232085179752,0.0,0.9759306547619048,96,0,0,0.976404493067872,1.0,115,0.0,0.976404493067872,0
1.6,ChargeAsFastAsPossible,17,2022-01-17,688.6331692980274,180.88128741301315,1.0,96,0,0,0.9804566394294658,1.0,115,0.0,0.9804566394294658,0
1.0,idle,18,2022-01-17,0.0,0.0,,96,0,0,0.9775454468291448,1.0,115,0.0,0.9775454468291448,0
1.0,RoundRobin_TransformerCapped,18,2022-01-17,536.4200328632029,0.0,0.9998973214285716,96,0,0,0.9773243785175236,1.0,115,0.0,0.9773243785175236,0
1.3,ChargeAsFastAsPossible,18,2022-01-17,667.3545034729711,171.2310226385285,0.9998973214285716,96,0,0,0.9753467056713871,1.0,115,0.0,0.9753467056713871,0
1.6,idle,18,2022-01-17,0.0,0.0,,96,0,0,0.977635102800993,1.0,115,0.0,0.977635102800993,0
1.6,RoundRobin_TransformerCapped,18,2022-01-17,782.3754835672951,0.0,0.9930074404761904,96,0,0,0.9774325559600556,1.0,115,0.0,0.9774325559600556,0
1.0,ChargeAsFastAsPossible,19,2022-01-17,564.5658538385952,205.54132560627224,1.0,96,0,0,0.9747172431785638,1.0,115,0.0,0.9747172431785638,0
1.3,idle,19,2022-01-17,0.0,0.0,,96,0,0,0.9801321405466056,1.0,115,0.0,0.9801321405466056,0
1.3,RoundRobin_TransformerCapped,19,2022-01-17,607.1402922552418,0.0,0.98915306122449,96,0,0,0.9799801920186952,1.0,115,0.0,0.9799801920186952,0
1.6,ChargeAsFastAsPossible,19,2022-01-17,765.6146138312271,218.5665206143732,0.9995022321428572,96,0,0,0.9767466130236984,1.0,115,0.0,0.9767466130236984,0
1.0,idle,20,2022-01-17,0.0,0.0,,96,0,0,0.9797574338310536,1.0,115,0.0,0.9797574338310536,0
1.0,RoundRobin_TransformerCapped,20,2022-01-17,652.9595302786338,0.0,0.9985625,96,0,0,0.9797574338310536,1.0,115,0.0,0.9797574338310536,0
1.3,ChargeAsFastAsPossible,20,2022-01-17,766.7630887126636,222.45077035937885,1.0,96,0,0,0.9755848894488685,1.0,115,0.0,0.9755848894488685,0
1.6,idle,20,2022-01-17,0.0,0.0,,96,0,0,0.9778689390190134,1.0,97,0.0,0.9779119362255646,0
1.6,RoundRobin_TransformerCapped,20,2022-01-17,864.9171447716732,0.0,0.9868577806122448,96,0,0,0.9778245251633152,1.0,115,0.0,0.9778245251633152,0
1.0,ChargeAsFastAsPossible,21,2022-01-17,572.313354126722,193.73051185974083,0.9997321428571428,96,0,0,0.9762301020844596,1.0,115,0.0,0.9762301020844596,0
1.3,idle,21,2022-01-17,0.0,0.0,,96,0,0,0.9772030783075152,1.0,84,0.0,0.9772087574507876,0
1.3,RoundRobin_TransformerCapped,21,2022-01-17,677.661250095,0.0,0.9916522108843536,96,0,0,0.976933645415454,1.0,115,0.0,0.976933645415454,0
1.6,ChargeAsFastAsPossible,21,2022-01-17,765.1469391312744,227.4313110318506,0.9997321428571428,96,0,0,0.9753089528417784,1.0,115,0.0,0.9753089528417784,0
1.0,idle,22,2022-01-17,0.0,0.0,,96,0,0,0.9761338702391033,1.0,115,0.0,0.9761338702391033,0
1.0,RoundRobin_TransformerCapped,22,2022-01-17,625.7088094046125,0.0,0.9959,96,0,0,0.9761338702391033,1.0,115,0.0,0.9761338702391033,0
1.3,ChargeAsFastAsPossible,22,2022-01-17,765.6861317364377,211.4486558579676,0.999842261904762,96,0,0,0.9765252510273764,1.0,115,0.0,0.9765252510273764,0
1.6,idle,22,2022-01-17,0.0,0.0,,96,0,0,0.977546121237065,1.0,115,0.0,0.977546121237065,0
1.6,RoundRobin_TransformerCapped,22,2022-01-17,836.5829444106824,0.0,0.9926225198412698,96,0,0,0.9774334643013652,1.0,115,0.0,0.9774334643013652,0
1.0,ChargeAsFastAsPossible,23,2022-01-17,706.2729171977362,91.98332875023326,0.9957113095238096,96,0,0,0.9762883221791734,1.0,115,0.0,0.9762883221791734,0
1.3,idle,23,2022-01-17,0.0,0.0,,96,0,0,0.9771358902919324,1.0,115,0.0,0.9771358902919324,0
1.3,RoundRobin_TransformerCapped,23,2022-01-17,735.5650402029921,0.0,0.9889420493197278,96,0,0,0.9768301023680744,1.0,115,0.0,0.9768301023680744,0
1.6,ChargeAsFastAsPossible,23,2022-01-17,893.6497275436315,283.0008832555834,0.9975833333333332,96,0,0,0.9754223943343392,1.0,115,0.0,0.9754223943343392,0
1.0,idle,24,2022-01-17,0.0,0.0,,96,0,0,0.9755557915511064,1.0,115,0.0,0.9755557915511064,0
1.0,RoundRobin_TransformerCapped,24,2022-01-17,642.2556898591558,0.0,0.987284375,96,0,0,0.9755557915511064,1.0,115,0.0,0.9755557915511064,0
1.3,ChargeAsFastAsPossible,24,2022-01-17,680.1236797588285,109.84521249262136,0.9980172619047618,96,0,0,0.9775792606903758,1.0,115,0.0,0.9775792606903758,0
1.6,idle,24,2022-01-17,0.0,0.0,,96,0,0,0.9784208955917296,1.0,115,0.0,0.9784208955917296,0
1.6,RoundRobin_TransformerCapped,24,2022-01-17,745.7228565944241,0.0,0.9890053571428572,96,0,0,0.9781760979052088,1.0,115,0.0,0.9781760979052088,0
1.0,ChargeAsFastAsPossible,25,2022-01-17,619.773536476899,96.61538262062946,0.9972107142857144,96,0,0,0.9761864264662256,1.0,115,0.0,0.9761864264662256,0
1.3,idle,25,2022-01-17,0.0,0.0,,96,0,0,0.9765515453451482,1.0,115,0.0,0.9765515453451482,0
1.3,RoundRobin_TransformerCapped,25,2022-01-17,673.1209465015786,0.0,0.99695,96,0,0,0.9765107517370376,1.0,115,0.0,0.9765107517370376,0
1.6,ChargeAsFastAsPossible,25,2022-01-17,776.5482091503167,128.42450606386922,0.9948964285714286,96,0,0,0.9752393472300958,1.0,115,0.0,0.9752393472300958,0
1.0,idle,26,2022-01-17,0.0,0.0,,96,0,0,0.9757406447010688,1.0,115,0.0,0.9757406447010688,0
1.0,RoundRobin_TransformerCapped,26,2022-01-17,523.9458244017795,0.0,0.9973892857142856,96,0,0,0.97559751007721,1.0,115,0.0,0.97559751007721,0
1.3,ChargeAsFastAsPossible,26,2022-01-17,686.6874259056488,104.7595615049234,0.99905,96,0,0,0.9779444584053314,1.0,115,0.0,0.9779444584053314,0
1.6,idle,26,2022-01-17,0.0,0.0,,96,0,0,0.9774557588298368,1.0,115,0.0,0.9774557588298368,0
1.6,RoundRobin_TransformerCapped,26,2022-01-17,758.7881390958779,0.0,0.994079761904762,96,0,0,0.9772167503562464,1.0,115,0.0,0.9772167503562464,0
1.0,ChargeAsFastAsPossible,27,2022-01-17,640.5941320008501,197.20737773026903,0.9994791666666668,96,0,0,0.9769750614022568,1.0,115,0.0,0.9769750614022568,0
1.3,idle,27,2022-01-17,0.0,0.0,,96,0,0,0.9755206966989952,1.0,115,0.0,0.9755206966989952,0
1.3,RoundRobin_TransformerCapped,27,2022-01-17,682.7329226399015,0.0,0.969076275510204,96,0,0,0.9753676346850628,1.0,115,0.0,0.9753676346850628,0
1.6,ChargeAsFastAsPossible,27,2022-01-17,841.5195249747082,207.83506525562305,0.9951071428571427,96,0,0,0.9777438540623308,1.0,115,0.0,0.9777438540623308,0
1.0,idle,28,2022-01-17,0.0,0.0,,96,0,0,0.977019027570926,1.0,115,0.0,0.977019027570926,0
1.0,RoundRobin_TransformerCapped,28,2022-01-17,608.965786990015,0.0,0.997,96,0,0,0.9769081535007008,1.0,115,0.0,0.9769081535007008,0
1.3,ChargeAsFastAsPossible,28,2022-01-17,696.0761996223744,235.24397856963748,0.9989732142857144,96,0,0,0.9769017307829272,1.0,115,0.0,0.9769017307829272,0
1.6,idle,28,2022-01-17,0.0,0.0,,96,0,0,0.977201402482164,1.0,115,0.0,0.977201402482164,0
1.6,RoundRobin_TransformerCapped,28,2022-01-17,811.6769958488753,0.0,0.992262648809524,96,0,0,0.977040488033913,1.0,115,0.0,0.977040488033913,0
1.0,ChargeAsFastAsPossible,29,2022-01-17,606.8532637573812,86.85704466616397,0.9962321428571428,96,0,0,0.9756229538301578,1.0,115,0.0,0.9756229538301578,0
1.3,idle,29,2022-01-17,0.0,0.0,,96,0,0,0.9783657545553892,1.0,84,0.0,0.978455903018262,0
1.3,RoundRobin_TransformerCapped,29,2022-01-17,724.8595763854248,0.0,0.9863821853741496,96,0,0,0.9782303019247433,1.0,115,0.0,0.9782303019247433,0
1.6,ChargeAsFastAsPossible,29,2022-01-17,898.8642593240182,367.58825223255633,0.993530612244898,96,0,0,0.978748136344936,1.0,115,0.0,0.978748136344936,0
1.0,idle,30,2022-01-17,0.0,0.0,,96,0,0,0.9757215005031508,1.0,115,0.0,0.9757215005031508,0
1.0,RoundRobin_TransformerCapped,30,2022-01-17,624.9003116048136,0.0,0.9787255952380952,96,0,0,0.9754154679754996,1.0,115,0.0,0.9754154679754996,0
1.3,ChargeAsFastAsPossible,30,2022-01-17,749.8288008673521,209.34707172106667,0.9996845238095238,96,0,0,0.974280971405793,1.0,115,0.0,0.974280971405793,0
1.6,idle,30,2022-01-17,0.0,0.0,,96,0,0,0.9736195267790546,1.0,115,0.0,0.9736195267790546,0
1.6,RoundRobin_TransformerCapped,30,2022-01-17,746.1393866649063,0.0,0.9781921768707482,96,0,0,0.9733279677659108,1.0,115,0.0,0.9733279677659108,0
1.0,ChargeAsFastAsPossible,31,2022-01-17,542.4674284635113,60.90647287011009,1.0,96,0,0,0.9775995801803132,1.0,115,0.0,0.9775995801803132,0
1.3,idle,31,2022-01-17,0.0,0.0,,96,0,0,0.9775753953854764,1.0,115,0.0,0.9775753953854764,0
1.3,RoundRobin_TransformerCapped,31,2022-01-17,669.1189267348387,0.0,0.9957357142857144,96,0,0,0.9775311131973125,1.0,115,0.0,0.9775311131973125,0
1.6,ChargeAsFastAsPossible,31,2022-01-17,777.2124035961813,202.4757939665134,1.0,96,0,0,0.9764997483395012,1.0,115,0.0,0.9764997483395012,0
1.0,idle,32,2022-01-17,0.0,0.0,,96,0,0,0.9784523292896956,1.0,115,0.0,0.9784523292896956,0
1.0,RoundRobin_TransformerCapped,32,2022-01-17,489.3571172408738,0.0,1.0,96,0,0,0.9784046848932054,1.0,115,0.0,0.9784046848932054,0
1.3,ChargeAsFastAsPossible,32,2022-01-17,629.8468320827823,23.45958885837908,1.0,96,0,0,0.9743912427069528,1.0,115,0.0,0.9743912427069528,0
1.6,idle,32,2022-01-17,0.0,0.0,,96,0,0,0.9753568739637076,1.0,115,0.0,0.9753568739637076,0
1.6,RoundRobin_TransformerCapped,32,2022-01-17,713.2454744484164,0.0,0.9992901785714284,96,0,0,0.975142364063277,1.0,115,0.0,0.975142364063277,0
1.0,ChargeAsFastAsPossible,33,2022-01-17,530.887464495792,24.80612651596732,1.0,96,0,0,0.9767871522513972,1.0,115,0.0,0.9767871522513972,0
1.3,idle,33,2022-01-17,0.0,0.0,,96,0,0,0.9775658130852738,1.0,115,0.0,0.9775658130852738,0
1.3,RoundRobin_TransformerCapped,33,2022-01-17,675.9180598987095,0.0,0.9977928571428571,96,0,0,0.9772795335117036,1.0,115,0.0,0.9772795335117036,0
1.6,ChargeAsFastAsPossible,33,2022-01-17,780.0798917595102,131.83998542822064,1.0,96,0,0,0.9765302942389592,1.0,115,0.0,0.9765302942389592,0
1.0,idle,34,2022-01-17,0.0,0.0,,96,0,0,0.9752846505025288,1.0,84,0.0,0.9753181526560196,0
1.0,RoundRobin_TransformerCapped,34,2022-01-17,701.1284078828107,0.0,0.9958928571428572,96,0,0,0.975167724042039,1.0,115,0.0,0.975167724042039,0
1.3,ChargeAsFastAsPossible,34,2022-01-17,752.9599347780179,52.452253031934646,0.9965511904761906,96,0,0,0.9755062956892872,1.0,115,0.0,0.9755062956892872,0
1.6,idle,34,2022-01-17,0.0,0.0,,96,0,0,0.9773837522241964,1.0,84,0.0,0.9774060362330704,0
1.6,RoundRobin_TransformerCapped,34,2022-01-17,794.5969960261924,0.0,0.9889967049319728,96,0,0,0.9772095387809172,1.0,115,0.0,0.9772095387809172,0
1.0,ChargeAsFastAsPossible,35,2022-01-17,448.2384104345174,0.0,0.9959375,96,0,0,0.9737844511501752,1.0,115,0.0,0.9737844511501752,0
1.3,idle,35,2022-01-17,0.0,0.0,,96,0,0,0.978414624302589,1.0,115,0.0,0.978414624302589,0
1.3,RoundRobin_TransformerCapped,35,2022-01-17,624.5349920248566,0.0,0.992529761904762,96,0,0,0.978319221628758,1.0,115,0.0,0.978319221628758,0
1.6,ChargeAsFastAsPossible,35,2022-01-17,739.3367693675727,207.88568486052597,0.9986458333333332,96,0,0,0.9760863625139709,1.0,115,0.0,0.9760863625139709,0
1.0,idle,36,2022-01-17,0.0,0.0,,96,0,0,0.975353569857448,1.0,115,0.0,0.975353569857448,0
1.0,RoundRobin_TransformerCapped,36,2022-01-17,484.1956060901084,0.0,0.9960758928571428,96,0,0,0.9753412152978488,1.0,115,0.0,0.9753412152978488,0
1.3,ChargeAsFastAsPossible,36,2022-01-17,649.9195801816079,162.31375122993745,0.9998464285714286,96,0,0,0.976911491359838,1.0,115,0.0,0.976911491359838,0
1.6,idle,36,2022-01-17,0.0,0.0,,96,0,0,0.9759661154434144,1.0,115,0.0,0.9759661154434144,0
1.6,RoundRobin_TransformerCapped,36,2022-01-17,815.1109356933421,0.0,0.9844714073129252,96,0,0,0.9758608669561136,1.0,115,0.0,0.9758608669561136,0
1.0,ChargeAsFastAsPossible,37,2022-01-17,586.52058239653,107.89938666421811,0.9974866071428572,96,0,0,0.9767664383661556,1.0,115,0.0,0.9767664383661556,0
1.3,idle,37,2022-01-17,0.0,0.0,,96,0,0,0.9750398599743304,1.0,115,0.0,0.9750398599743304,0
1.3,RoundRobin_TransformerCapped,37,2022-01-17,654.3019087001646,0.0,0.9882130952380952,96,0,0,0.974874133346654,1.0,115,0.0,0.974874133346654,0
1.6,ChargeAsFastAsPossible,37,2022-01-17,745.3371716015403,152.05857544622347,0.9960595238095238,96,0,0,0.9773867289978068,1.0,115,0.0,0.9773867289978068,0
1.0,idle,38,2022-01-17,0.0,0.0,,96,0,0,0.9763596008207984,1.0,115,0.0,0.9763596008207984,0
1.0,RoundRobin_TransformerCapped,38,2022-01-17,702.3341963777415,0.0,0.999436224489796,96,0,0,0.9761297178622538,1.0,115,0.0,0.9761297178622538,0
1.3,ChargeAsFastAsPossible,38,2022-01-17,792.6490916198525,59.27802215948863,1.0,96,0,0,0.9765562598155272,1.0,115,0.0,0.9765562598155272,0
1.6,idle,38,2022-01-17,0.0,0.0,,96,0,0,0.976402153764456,1.0,115,0.0,0.976402153764456,0
1.6,RoundRobin_TransformerCapped,38,2022-01-17,828.6442896842519,0.0,0.9928072916666666,96,0,0,0.9761890205650516,1.0,115,0.0,0.9761890205650516,0
1.0,ChargeAsFastAsPossible,39,2022-01-17,618.7148369798027,101.17288052724156,0.9914369047619048,96,0,0,0.9766235806203952,1.0,115,0.0,0.9766235806203952,0
1.3,idle,39,2022-01-17,0.0,0.0,,96,0,0,0.9754579248437144,1.0,115,0.0,0.9754579248437144,0
1.3,RoundRobin_TransformerCapped,39,2022-01-17,714.0042743854865,0.0,0.983508205782313,96,0,0,0.975304829726738,1.0,115,0.0,0.975304829726738,0
1.6,ChargeAsFastAsPossible,39,2022-01-17,777.3702887032896,164.9454671182001,0.99481875,96,0,0,0.9767356312316866,1.0,97,0.0,0.9767678588094816,0
1.0,idle,40,2022-01-17,0.0,0.0,,96,0,0,0.9760743660587814,1.0,115,0.0,0.9760743660587814,0
1.0,RoundRobin_TransformerCapped,40,2022-01-17,715.660621131241,0.0,0.9833774234693876,96,0,0,0.975982379961382,1.0,115,0.0,0.975982379961382,0
1.3,ChargeAsFastAsPossible,40,2022-01-17,832.848114856338,362.5532886074152,0.9989897959183672,96,0,0,0.9777690539623054,1.0,115,0.0,0.9777690539623054,0
1.6,idle,40,2022-01-17,0.0,0.0,,96,0,0,0.9757321156905152,1.0,97,0.0,0.9758241198248124,0
1.6,RoundRobin_TransformerCapped,40,2022-01-17,893.7134367718954,0.0,0.9911770408163264,96,0,0,0.9756577798516428,1.0,97,0.0,0.9756711807326351,0
1.0,ChargeAsFastAsPossible,41,2022-01-17,636.2052078227848,125.11109973118818,0.9975505952380952,96,0,0,0.9759948904180622,1.0,115,0.0,0.9759948904180622,0
1.3,idle,41,2022-01-17,0.0,0.0,,96,0,0,0.9766365306691278,1.0,115,0.0,0.9766365306691278,0
1.3,RoundRobin_TransformerCapped,41,2022-01-17,678.3862755709509,0.0,0.9751454081632652,96,0,0,0.9766365306691278,1.0,115,0.0,0.9766365306691278,0
1.6,ChargeAsFastAsPossible,41,2022-01-17,880.1279177474271,365.911208218761,0.9979005102040815,96,0,0,0.975914391169226,1.0,115,0.0,0.975914391169226,0
1.0,idle,42,2022-01-17,0.0,0.0,,96,0,0,0.9764081231096148,1.0,115,0.0,0.9764081231096148,0
1.0,RoundRobin_TransformerCapped,42,2022-01-17,646.9832459435765,0.0,0.977504761904762,96,0,0,0.9762552926657136,1.0,115,0.0,0.9762552926657136,0
1.3,ChargeAsFastAsPossible,42,2022-01-17,736.4827987598816,129.92692632930329,0.9986178571428572,96,0,0,0.9761274310416944,1.0,115,0.0,0.9761274310416944,0
1.6,idle,42,2022-01-17,0.0,0.0,,96,0,0,0.978628823421618,1.0,115,0.0,0.978628823421618,0
1.6,RoundRobin_TransformerCapped,42,2022-01-17,790.9849319219743,0.0,0.9965565476190476,96,0,0,0.9783420659800894,1.0,115,0.0,0.9783420659800894,0
1.0,ChargeAsFastAsPossible,43,2022-01-17,568.0545907722229,53.82294418745883,1.0,96,0,0,0.9759393356812984,1.0,115,0.0,0.9759393356812984,0
1.3,idle,43,2022-01-17,0.0,0.0,,96,0,0,0.9793935763478444,1.0,115,0.0,0.9793935763478444,0
1.3,RoundRobin_TransformerCapped,43,2022-01-17,685.4867423828732,0.0,0.9956938775510203,96,0,0,0.9793935763478444,1.0,115,0.0,0.9793935763478444,0
1.6,ChargeAsFastAsPossible,43,2022-01-17,770.4742270536153,122.04486447376216,1.0,96,0,0,0.9773771470238743,1.0,115,0.0,0.9773771470238743,0
1.0,idle,44,2022-01-17,0.0,0.0,,96,0,0,0.974904324583554,1.0,115,0.0,0.974904324583554,0
1.0,RoundRobin_TransformerCapped,44,2022-01-17,471.1701296710689,0.0,1.0,96,0,0,0.974904324583554,1.0,115,0.0,0.974904324583554,0
1.3,ChargeAsFastAsPossible,44,2022-01-17,640.5545524926756,148.41427860563778,0.9990059523809524,96,0,0,0.9762726656598416,1.0,115,0.0,0.9762726656598416,0
1.6,idle,44,2022-01-17,0.0,0.0,,96,0,0,0.9750450123582748,1.0,115,0.0,0.9750450123582748,0
1.6,RoundRobin_TransformerCapped,44,2022-01-17,727.8580878232267,0.0,0.9941276785714286,96,0,0,0.9750450123582748,1.0,115,0.0,0.9750450123582748,0
1.0,ChargeAsFastAsPossible,45,2022-01-17,588.7855845879676,51.4861265159673,1.0,96,0,0,0.9768383252533688,1.0,115,0.0,0.9768383252533688,0
1.3,idle,45,2022-01-17,0.0,0.0,,96,0,0,0.9787208567576464,1.0,115,0.0,0.9787208567576464,0
1.3,RoundRobin_TransformerCapped,45,2022-01-17,654.9752454663471,0.0,0.9975773809523808,96,0,0,0.9784158314104826,1.0,115,0.0,0.9784158314104826,0
1.6,ChargeAsFastAsPossible,45,2022-01-17,771.8415192552466,157.1909918061044,1.0,96,0,0,0.9757316693781992,1.0,115,0.0,0.9757316693781992,0
1.0,idle,46,2022-01-17,0.0,0.0,,96,0,0,0.9789475036044628,1.0,84,0.0,0.979037530147266,0
1.0,RoundRobin_TransformerCapped,46,2022-01-17,758.862175879968,0.0,0.9824922831632652,96,0,0,0.9788654028285414,1.0,84,0.0,0.978868388274076,0
1.3,ChargeAsFastAsPossible,46,2022-01-17,936.6765735618228,403.9930881358725,0.9994375,96,0,0,0.9797385434535965,1.0,115,0.0,0.9797385434535965,0
1.6,idle,46,2022-01-17,0.0,0.0,,96,0,0,0.9755381222805016,1.0,115,0.0,0.9755381222805016,0
1.6,RoundRobin_TransformerCapped,46,2022-01-17,917.6652711308664,0.0,0.9853482142857144,96,0,0,0.9752320394460255,1.0,115,0.0,0.9752320394460255,0
1.0,ChargeAsFastAsPossible,47,2022-01-17,507.05956317651226,83.17837954790197,1.0,96,0,0,0.9739824568665258,1.0,115,0.0,0.9739824568665258,0
1.3,idle,47,2022-01-17,0.0,0.0,,96,0,0,0.9778215315123878,1.0,115,0.0,0.9778215315123878,0
1.3,RoundRobin_TransformerCapped,47,2022-01-17,613.5108579747073,0.0,0.9989732142857144,96,0,0,0.9777146688337078,1.0,115,0.0,0.9777146688337078,0
1.6,ChargeAsFastAsPossible,47,2022-01-17,709.5907232795607,231.65783604723197,1.0,96,0,0,0.9776446495905948,1.0,115,0.0,0.9776446495905948,0
1.0,idle,48,2022-01-17,0.0,0.0,,96,0,0,0.9780414960219626,1.0,115,0.0,0.9780414960219626,0
1.0,RoundRobin_TransformerCapped,48,2022-01-17,737.1235798066541,0.0,0.9925571428571428,96,0,0,0.977889047333957,1.0,115,0.0,0.977889047333957,0
1.3,ChargeAsFastAsPossible,48,2022-01-17,792.6167376710965,225.46789221244143,1.0,96,0,0,0.9771657989246918,1.0,115,0.0,0.9771657989246918,0
1.6,idle,48,2022-01-17,0.0,0.0,,96,0,0,0.9801464145775264,1.0,115,0.0,0.9801464145775264,0
1.6,RoundRobin_TransformerCapped,48,2022-01-17,887.7043301833747,0.0,0.992070386904762,96,0,0,0.9798424483490084,1.0,115,0.0,0.9798424483490084,0
1.0,ChargeAsFastAsPossible,49,2022-01-17,749.4702398518627,157.25906103119723,0.9999617346938776,96,0,0,0.9775151819706688,1.0,115,0.0,0.9775151819706688,0
1.3,idle,49,2022-01-17,0.0,0.0,,96,0,0,0.9775572312114568,1.0,115,0.0,0.9775572312114568,0
1.3,RoundRobin_TransformerCapped,49,2022-01-17,765.3607366898269,0.0,0.9850903698979592,96,0,0,0.9774113636729752,1.0,115,0.0,0.9774113636729752,0
1.6,ChargeAsFastAsPossible,49,2022-01-17,907.2412734709746,177.12831787024027,0.999970238095238,96,0,0,0.9764877829405796,1.0,115,0.0,0.9764877829405796,0
1.0,ChargeAsFastAsPossible,0,2022-01-17,645.1125428894029,85.6101813249216,0.9992544642857144,96,0,0,0.9778295270943862,1.0,115,0.0,0.9778295270943862,0
1.3,idle,0,2022-01-17,0.0,0.0,,96,0,0,0.9760478400228674,1.0,115,0.0,0.9760478400228674,0
1.3,RoundRobin_TransformerCapped,0,2022-01-17,670.2454747242267,0.0,0.9949642857142856,96,0,0,0.97582230904588,1.0,115,0.0,0.97582230904588,0
1.6,ChargeAsFastAsPossible,0,2022-01-17,825.3514850573014,306.0715712497605,0.999502976190476,96,0,0,0.9761843769319588,1.0,115,0.0,0.9761843769319588,0
1.0,idle,1,2022-01-17,0.0,0.0,,96,0,0,0.9795350619433276,1.0,115,0.0,0.9795350619433276,0
1.0,RoundRobin_TransformerCapped,1,2022-01-17,584.0707891043387,0.0,0.9961785714285714,96,0,0,0.9793812160601248,1.0,115,0.0,0.9793812160601248,0
1.3,ChargeAsFastAsPossible,1,2022-01-17,745.8848036060494,116.25293440299882,1.0,96,0,0,0.9745972736526144,1.0,115,0.0,0.9745972736526144,0
1.6,idle,1,2022-01-17,0.0,0.0,,96,0,0,0.9783310890890228,1.0,115,0.0,0.9783310890890228,0
1.6,RoundRobin_TransformerCapped,1,2022-01-17,789.9811249219078,0.0,0.989296875,96,0,0,0.9780927730231496,1.0,115,0.0,0.9780927730231496,0
1.0,ChargeAsFastAsPossible,2,2022-01-17,562.6579902645143,61.52546160977832,0.999025,96,0,0,0.9760162723556336,1.0,115,0.0,0.9760162723556336,0
1.3,idle,2,2022-01-17,0.0,0.0,,96,0,0,0.9822771248250468,1.0,115,0.0,0.9822771248250468,0
1.3,RoundRobin_TransformerCapped,2,2022-01-17,603.5323784273517,0.0,0.9910386904761904,96,0,0,0.9821256780455164,1.0,115,0.0,0.9821256780455164,0
1.6,ChargeAsFastAsPossible,2,2022-01-17,819.5515187710939,102.96455626273408,0.9992924107142858,96,0,0,0.9755700239200504,1.0,115,0.0,0.9755700239200504,0
1.0,idle,3,2022-01-17,0.0,0.0,,96,0,0,0.9766427360448842,1.0,115,0.0,0.9766427360448842,0
1.0,RoundRobin_TransformerCapped,3,2022-01-17,669.8187090159538,0.0,0.9927291666666668,96,0,0,0.9764108145653544,1.0,115,0.0,0.9764108145653544,0
1.3,ChargeAsFastAsPossible,3,2022-01-17,762.9434288652167,224.0656133403827,0.9978363095238096,96,0,0,0.9772041113822278,1.0,115,0.0,0.9772041113822278,0
1.6,idle,3,2022-01-17,0.0,0.0,,96,0,0,0.975590339479746,1.0,115,0.0,0.975590339479746,0
1.6,RoundRobin_TransformerCapped,3,2022-01-17,766.7380944938765,0.0,0.981514880952381,96,0,0,0.9754373436291408,1.0,115,0.0,0.9754373436291408,0
1.0,ChargeAsFastAsPossible,4,2022-01-17,611.7547405950426,189.9148193647703,1.0,96,0,0,0.9761677379610576,1.0,115,0.0,0.9761677379610576,0
1.3,idle,4,2022-01-17,0.0,0.0,,96,0,0,0.975606317304584,1.0,115,0.0,0.975606317304584,0
1.3,RoundRobin_TransformerCapped,4,2022-01-17,667.4744841588422,0.0,0.9856885204081632,96,0,0,0.975606317304584,1.0,115,0.0,0.975606317304584,0
1.6,ChargeAsFastAsPossible,4,2022-01-17,813.7763617021235,420.2112116558199,0.998890625,96,0,0,0.9756966268716466,1.0,97,0.0,0.9758441833065712,0
1.0,idle,5,2022-01-17,0.0,0.0,,96,0,0,0.9779388676791856,1.0,115,0.0,0.9779388676791856,0
1.0,RoundRobin_TransformerCapped,5,2022-01-17,596.3965207138469,0.0,0.9908625,96,0,0,0.9778655642981184,1.0,115,0.0,0.9778655642981184,0
1.3,ChargeAsFastAsPossible,5,2022-01-17,635.510219758163,128.22486385106424,1.0,96,0,0,0.9733688352650084,1.0,115,0.0,0.9733688352650084,0
1.6,idle,5,2022-01-17,0.0,0.0,,96,0,0,0.9765119938794624,1.0,115,0.0,0.9765119938794624,0
1.6,RoundRobin_TransformerCapped,5,2022-01-17,707.1809209680201,0.0,0.9929233843537416,96,0,0,0.9763828550489374,1.0,115,0.0,0.9763828550489374,0
1.0,ChargeAsFastAsPossible,6,2022-01-17,519.5129762536749,96.92132133930228,1.0,96,0,0,0.9784917527800616,1.0,115,0.0,0.9784917527800616,0
1.3,idle,6,2022-01-17,0.0,0.0,,96,0,0,0.9775746996358394,1.0,115,0.0,0.9775746996358394,0
1.3,RoundRobin_TransformerCapped,6,2022-01-17,684.5164410296153,0.0,0.987290625,96,0,0,0.9775746996358394,1.0,115,0.0,0.9775746996358394,0
1.6,ChargeAsFastAsPossible,6,2022-01-17,781.9094185065596,374.7425869880019,0.9991041666666668,96,0,0,0.9763423987506016,1.0,115,0.0,0.9763423987506016,0
1.0,idle,7,2022-01-17,0.0,0.0,,96,0,0,0.9775945652684784,1.0,115,0.0,0.9775945652684784,0
1.0,RoundRobin_TransformerCapped,7,2022-01-17,749.014056090002,0.0,0.9754263392857144,96,0,0,0.9775148151276613,1.0,115,0.0,0.9775148151276613,0
1.3,ChargeAsFastAsPossible,7,2022-01-17,872.1126855251798,271.34167708375605,0.9981919642857144,96,0,0,0.9773727464490012,1.0,115,0.0,0.9773727464490012,0
1.6,idle,7,2022-01-17,0.0,0.0,,96,0,0,0.9759377282375172,1.0,115,0.0,0.9759377282375172,0
1.6,RoundRobin_TransformerCapped,7,2022-01-17,888.4745135262681,0.0,0.9847931405895692,96,0,0,0.975698533365666,1.0,115,0.0,0.975698533365666,0
1.0,ChargeAsFastAsPossible,8,2022-01-17,716.827954899093,55.41531628991824,0.9979857142857144,96,0,0,0.978401349605088,1.0,115,0.0,0.978401349605088,0
1.3,idle,8,2022-01-17,0.0,0.0,,96,0,0,0.9773737479386156,1.0,115,0.0,0.9773737479386156,0
1.3,RoundRobin_TransformerCapped,8,2022-01-17,776.5117247935549,0.0,0.9936755952380952,96,0,0,0.9770699819385276,1.0,115,0.0,0.9770699819385276,0
1.6,ChargeAsFastAsPossible,8,2022-01-17,864.0146208294533,95.89837954790194,1.0,96,0,0,0.9773224170535146,1.0,115,0.0,0.9773224170535146,0
1.0,idle,9,2022-01-17,0.0,0.0,,96,0,0,0.9769615122059032,1.0,115,0.0,0.9769615122059032,0
1.0,RoundRobin_TransformerCapped,9,2022-01-17,534.0307853077267,0.0,0.9956320153061224,96,0,0,0.9769615122059032,1.0,115,0.0,0.9769615122059032,0
1.3,ChargeAsFastAsPossible,9,2022-01-17,656.8942975353925,46.82336191744589,0.9978928571428572,96,0,0,0.9757181270557426,1.0,115,0.0,0.9757181270557426,0
1.6,idle,9,2022-01-17,0.0,0.0,,96,0,0,0.978907932625706,1.0,115,0.0,0.978907932625706,0
1.6,RoundRobin_TransformerCapped,9,2022-01-17,683.5159649652489,0.0,0.9957663690476192,96,0,0,0.9787910236969652,1.0,115,0.0,0.9787910236969652,0
1.0,ChargeAsFastAsPossible,10,2022-01-17,659.8195613419928,153.13271988389465,1.0,96,0,0,0.9767224646205048,1.0,115,0.0,0.9767224646205048,0
1.3,idle,10,2022-01-17,0.0,0.0,,96,0,0,0.9767455350546386,1.0,115,0.0,0.9767455350546386,0
1.3,RoundRobin_TransformerCapped,10,2022-01-17,682.3132746905222,0.0,0.9857982142857142,96,0,0,0.9766352759042916,1.0,115,0.0,0.9766352759042916,0
1.6,ChargeAsFastAsPossible,10,2022-01-17,865.6589920236007,149.34564682462965,0.9999933035714286,96,0,0,0.9792019787149954,1.0,115,0.0,0.9792019787149954,0
1.0,idle,11,2022-01-17,0.0,0.0,,96,0,0,0.97749865006749,1.0,115,0.0,0.97749865006749,0
1.0,RoundRobin_TransformerCapped,11,2022-01-17,514.7747438587909,0.0,0.9867877976190476,96,0,0,0.97749865006749,1.0,115,0.0,0.97749865006749,0
1.3,ChargeAsFastAsPossible,11,2022-01-17,644.3794252701638,111.06450606386925,0.9984071428571428,96,0,0,0.9777631373007672,1.0,115,0.0,0.9777631373007672,0
1.6,idle,11,2022-01-17,0.0,0.0,,96,0,0,0.9782254246871216,1.0,115,0.0,0.9782254246871216,0
1.6,RoundRobin_TransformerCapped,11,2022-01-17,700.8342889076489,0.0,0.9903688775510204,96,0,0,0.9780539678949306,1.0,115,0.0,0.9780539678949306,0
1.0,ChargeAsFastAsPossible,12,2022-01-17,572.6629140817281,23.354605075680126,0.9977083333333334,96,0,0,0.9784871824563064,1.0,115,0.0,0.9784871824563064,0
1.3,idle,12,2022-01-17,0.0,0.0,,96,0,0,0.9788687716172112,1.0,115,0.0,0.9788687716172112,0
1.3,RoundRobin_TransformerCapped,12,2022-01-17,736.8052404132411,0.0,0.9872235331632652,96,0,0,0.9786121382230614,1.0,115,0.0,0.9786121382230614,0
1.6,ChargeAsFastAsPossible,12,2022-01-17,807.2430417831125,319.2346064515197,0.9976948341836736,96,0,0,0.9759679285820368,1.0,115,0.0,0.9759679285820368,0
1.0,idle,13,2022-01-17,0.0,0.0,,96,0,0,0.9755821388268248,1.0,115,0.0,0.9755821388268248,0
1.0,RoundRobin_TransformerCapped,13,2022-01-17,708.4444469472921,0.0,0.9904556547619048,96,0,0,0.9755821388268248,1.0,115,0.0,0.9755821388268248,0
1.3,ChargeAsFastAsPossible,13,2022-01-17,808.4417936741086,231.8549261502106,0.9968541666666668,96,0,0,0.9752298516296274,1.0,115,0.0,0.9752298516296274,0
1.6,idle,13,2022-01-17,0.0,0.0,,96,0,0,0.9791770255479364,1.0,115,0.0,0.9791770255479364,0
1.6,RoundRobin_TransformerCapped,13,2022-01-17,841.7622359026373,0.0,0.991590773809524,96,0,0,0.9791770255479364,1.0,115,0.0,0.9791770255479364,0
1.0,ChargeAsFastAsPossible,14,2022-01-17,593.6251624178046,95.14292592090982,1.0,96,0,0,0.9747556300698628,1.0,115,0.0,0.9747556300698628,0
1.3,idle,14,2022-01-17,0.0,0.0,,96,0,0,0.9754258009791478,1.0,115,0.0,0.9754258009791478,0
1.3,RoundRobin_TransformerCapped,14,2022-01-17,769.0414004986026,0.0,0.9904790178571428,96,0,0,0.975272751297351,1.0,115,0.0,0.975272751297351,0
1.6,ChargeAsFastAsPossible,14,2022-01-17,884.643704350116,337.9850094503209,0.9991488095238096,96,0,0,0.9735960837223816,1.0,115,0.0,0.9735960837223816,0
1.0,idle,15,2022-01-17,0.0,0.0,,96,0,0,0.9767420900293604,1.0,84,0.0,0.9767830200450878,0
1.0,RoundRobin_TransformerCapped,15,2022-01-17,667.646109298694,0.0,0.9812281037414966,96,0,0,0.976669863280842,1.0,115,0.0,0.976669863280842,0
1.3,ChargeAsFastAsPossible,15,2022-01-17,789.4159879550402,219.2315619202041,1.0,96,0,0,0.9795924131153252,1.0,115,0.0,0.9795924131153252,0
1.6,idle,15,2022-01-17,0.0,0.0,,96,0,0,0.9753092967541648,1.0,115,0.0,0.9753092967541648,0
1.6,RoundRobin_TransformerCapped,15,2022-01-17,817.2394646550782,0.0,0.9745281675170068,96,0,0,0.9750519117706646,1.0,115,0.0,0.9750519117706646,0
1.0,ChargeAsFastAsPossible,16,2022-01-17,583.3419924924583,44.84536593292415,1.0,96,0,0,0.9755945662974826,1.0,115,0.0,0.9755945662974826,0
1.3,idle,16,2022-01-17,0.0,0.0,,96,0,0,0.9786788474212051,1.0,115,0.0,0.9786788474212051,0
1.3,RoundRobin_TransformerCapped,16,2022-01-17,725.2424767119705,0.0,0.9927433673469388,96,0,0,0.9784924008220444,1.0,115,0.0,0.9784924008220444,0
1.6,ChargeAsFastAsPossible,16,2022-01-17,906.876823332306,492.77446076386434,0.9993647959183674,96,0,0,0.9758575744152854,1.0,115,0.0,0.9758575744152854,0
1.0,idle,17,2022-01-17,0.0,0.0,,96,0,0,0.9784165856098936,1.0,97,0.0,0.9785429072099554,0
1.0,RoundRobin_TransformerCapped,17,2022-01-17,542.2222376834295,0.0,0.9743794642857144,96,0,0,0.9784165856098936,1.0,97,0.0,0.9785429072099554,0
1.3,ChargeAsFastAsPossible,17,2022-01-17,697.3725485313196,166.55414022770074,1.0,96,0,0,0.976404493067872,1.0,115,0.0,0.976404493067872,0
1.6,idle,17,2022-01-17,0.0,0.0,,96,0,0,0.9804566394294658,1.0,115,0.0,0.9804566394294658,0
1.6,RoundRobin_TransformerCapped,17,2022-01-17,656.1057654642224,0.0,0.9905793367346938,96,0,0,0.9804566394294658,1.0,115,0.0,0.9804566394294658,0
1.0,ChargeAsFastAsPossible,18,2022-01-17,536.4331895584371,36.406608505850045,0.9998973214285716,96,0,0,0.9773243785175236,1.0,115,0.0,0.9773243785175236,0
1.3,idle,18,2022-01-17,0.0,0.0,,96,0,0,0.9755304533290358,1.0,115,0.0,0.9755304533290358,0
1.3,RoundRobin_TransformerCapped,18,2022-01-17,657.6121416491826,0.0,0.9962299107142858,96,0,0,0.9753467056713871,1.0,115,0.0,0.9753467056713871,0
1.6,ChargeAsFastAsPossible,18,2022-01-17,809.6594560899393,293.20394482257257,0.9998973214285716,96,0,0,0.9774325559600556,1.0,115,0.0,0.9774325559600556,0
1.0,idle,19,2022-01-17,0.0,0.0,,96,0,0,0.9751486776987608,1.0,115,0.0,0.9751486776987608,0
1.0,RoundRobin_TransformerCapped,19,2022-01-17,504.3201637996744,0.0,0.9755005952380952,96,0,0,0.9748700552083748,1.0,115,0.0,0.9748700552083748,0
1.3,ChargeAsFastAsPossible,19,2022-01-17,647.2612939699364,185.25225063240808,1.0,96,0,0,0.9798310849494632,1.0,115,0.0,0.9798310849494632,0
1.6,idle,19,2022-01-17,0.0,0.0,,96,0,0,0.9771551425719036,1.0,115,0.0,0.9771551425719036,0
1.6,RoundRobin_TransformerCapped,19,2022-01-17,741.5714275521625,0.0,0.9917644770408164,96,0,0,0.9768989712566696,1.0,115,0.0,0.9768989712566696,0
1.0,ChargeAsFastAsPossible,20,2022-01-17,657.8390003643366,127.05138067978972,1.0,96,0,0,0.9797574338310536,1.0,115,0.0,0.9797574338310536,0
1.3,idle,20,2022-01-17,0.0,0.0,,96,0,0,0.9755848894488685,1.0,115,0.0,0.9755848894488685,0
1.3,RoundRobin_TransformerCapped,20,2022-01-17,719.7357736075003,0.0,0.9846357142857144,96,0,0,0.9755848894488685,1.0,115,0.0,0.9755848894488685,0
1.6,ChargeAsFastAsPossible,20,2022-01-17,911.2578848196832,292.0850764136626,0.9983571428571428,96,0,0,0.9778245251633152,1.0,115,0.0,0.9778245251633152,0
1.0,idle,21,2022-01-17,0.0,0.0,,96,0,0,0.9763694796206148,1.0,115,0.0,0.9763694796206148,0
1.0,RoundRobin_TransformerCapped,21,2022-01-17,535.1471814278764,0.0,0.987792261904762,96,0,0,0.9762818664979188,1.0,115,0.0,0.9762818664979188,0
1.3,ChargeAsFastAsPossible,21,2022-01-17,696.3968674738793,199.85253689929223,0.9997321428571428,96,0,0,0.9767480579315426,1.0,115,0.0,0.9767480579315426,0
1.6,idle,21,2022-01-17,0.0,0.0,,96,0,0,0.9756014006637296,1.0,115,0.0,0.9756014006637296,0
1.6,RoundRobin_TransformerCapped,21,2022-01-17,747.3481650571607,0.0,0.993530612244898,96,0,0,0.9753596951497034,1.0,115,0.0,0.9753596951497034,0
1.0,ChargeAsFastAsPossible,22,2022-01-17,634.5280145331668,74.05837954790194,0.9998107142857142,96,0,0,0.9761338702391033,1.0,115,0.0,0.9761338702391033,0
1.3,idle,22,2022-01-17,0.0,0.0,,96,0,0,0.9766780376941968,1.0,115,0.0,0.9766780376941968,0
1.3,RoundRobin_TransformerCapped,22,2022-01-17,754.0408769357812,0.0,0.996680612244898,96,0,0,0.9765252510273764,1.0,115,0.0,0.9765252510273764,0
1.6,ChargeAsFastAsPossible,22,2022-01-17,860.3521204822871,181.52954362158616,0.9978305697278912,96,0,0,0.9774334643013652,1.0,115,0.0,0.9774334643013652,0
1.0,idle,23,2022-01-17,0.0,0.0,,96,0,0,0.9764719327324388,1.0,115,0.0,0.9764719327324388,0
1.0,RoundRobin_TransformerCapped,23,2022-01-17,696.0368687644161,0.0,0.992072023809524,96,0,0,0.9762883221791734,1.0,115,0.0,0.9762883221791734,0
1.3,ChargeAsFastAsPossible,23,2022-01-17,775.9115894936594,230.52878535751523,1.0,96,0,0,0.9766777485819276,1.0,115,0.0,0.9766777485819276,0
1.6,idle,23,2022-01-17,0.0,0.0,,96,0,0,0.9758815631142737,1.0,115,0.0,0.9758815631142737,0
1.6,RoundRobin_TransformerCapped,23,2022-01-17,841.2273376986815,0.0,0.9837906037414964,96,0,0,0.975575089881354,1.0,115,0.0,0.975575089881354,0
1.0,ChargeAsFastAsPossible,24,2022-01-17,681.2446300305614,129.10207430486795,0.9980172619047618,96,0,0,0.9755557915511064,1.0,115,0.0,0.9755557915511064,0
1.3,idle,24,2022-01-17,0.0,0.0,,96,0,0,0.9775792606903758,1.0,115,0.0,0.9775792606903758,0
1.3,RoundRobin_TransformerCapped,24,2022-01-17,654.6895213488995,0.0,0.9904577380952382,96,0,0,0.9775376756919336,1.0,115,0.0,0.9775376756919336,0
1.6,ChargeAsFastAsPossible,24,2022-01-17,776.1801716995875,111.68402639276007,0.9980172619047618,96,0,0,0.9781760979052088,1.0,115,0.0,0.9781760979052088,0
1.0,idle,25,2022-01-17,0.0,0.0,,96,0,0,0.9763392988927388,1.0,115,0.0,0.9763392988927388,0
1.0,RoundRobin_TransformerCapped,25,2022-01-17,595.6464572719344,0.0,0.9864517857142856,96,0,0,0.9761864264662256,1.0,115,0.0,0.9761864264662256,0
1.3,ChargeAsFastAsPossible,25,2022-01-17,674.1814107268391,48.28612651596734,0.9972535714285714,96,0,0,0.9765107517370376,1.0,115,0.0,0.9765107517370376,0
1.6,idle,25,2022-01-17,0.0,0.0,,96,0,0,0.97540835821112,1.0,115,0.0,0.97540835821112,0
1.6,RoundRobin_TransformerCapped,25,2022-01-17,743.9108940451533,0.0,0.9863079931972788,96,0,0,0.9752393472300958,1.0,115,0.0,0.9752393472300958,0
1.0,ChargeAsFastAsPossible,26,2022-01-17,527.6789810970139,7.766718463825526,0.99905,96,0,0,0.97559751007721,1.0,115,0.0,0.97559751007721,0
1.3,idle,26,2022-01-17,0.0,0.0,,96,0,0,0.9781242558065673,1.0,115,0.0,0.9781242558065673,0
1.3,RoundRobin_TransformerCapped,26,2022-01-17,677.6413774723288,0.0,0.9936928571428572,96,0,0,0.9779444584053314,1.0,115,0.0,0.9779444584053314,0
1.6,ChargeAsFastAsPossible,26,2022-01-17,773.8076091815808,66.97531628991831,0.9992083333333333,96,0,0,0.9772167503562464,1.0,115,0.0,0.9772167503562464,0
1.0,idle,27,2022-01-17,0.0,0.0,,96,0,0,0.9770899356551824,1.0,97,0.0,0.9771279069274792,0
1.0,RoundRobin_TransformerCapped,27,2022-01-17,612.5417701770616,0.0,0.9890782738095238,96,0,0,0.9769750614022568,1.0,115,0.0,0.9769750614022568,0
1.3,ChargeAsFastAsPossible,27,2022-01-17,775.977552850228,281.0624840638096,0.9967295918367348,96,0,0,0.9753676346850628,1.0,115,0.0,0.9753676346850628,0
1.6,idle,27,2022-01-17,0.0,0.0,,96,0,0,0.977896326792893,1.0,115,0.0,0.977896326792893,0
1.6,RoundRobin_TransformerCapped,27,2022-01-17,756.8744053043151,0.0,0.9716981292517006,96,0,0,0.9777438540623308,1.0,115,0.0,0.9777438540623308,0
1.0,ChargeAsFastAsPossible,28,2022-01-17,619.101835423335,99.8523878283957,1.0,96,0,0,0.9769081535007008,1.0,115,0.0,0.9769081535007008,0
1.3,idle,28,2022-01-17,0.0,0.0,,96,0,0,0.9770509299023172,1.0,115,0.0,0.9770509299023172,0
1.3,RoundRobin_TransformerCapped,28,2022-01-17,669.2337918943952,0.0,0.9891607142857144,96,0,0,0.9769017307829272,1.0,115,0.0,0.9769017307829272,0
1.6,ChargeAsFastAsPossible,28,2022-01-17,831.439357672664,194.1156943733503,0.9974375,96,0,0,0.977040488033913,1.0,115,0.0,0.977040488033913,0
1.0,idle,29,2022-01-17,0.0,0.0,,96,0,0,0.9759237421658372,1.0,115,0.0,0.9759237421658372,0
1.0,RoundRobin_TransformerCapped,29,2022-01-17,599.4935287145297,0.0,0.9929678571428572,96,0,0,0.9756229538301578,1.0,115,0.0,0.9756229538301578,0
1.3,ChargeAsFastAsPossible,29,2022-01-17,758.112968980858,239.5154242140659,0.9948333333333332,96,0,0,0.9782303019247433,1.0,115,0.0,0.9782303019247433,0
1.6,idle,29,2022-01-17,0.0,0.0,,96,0,0,0.9789004076816852,1.0,115,0.0,0.9789004076816852,0
1.6,RoundRobin_TransformerCapped,29,2022-01-17,845.0007471246217,0.0,0.9804113520408164,96,0,0,0.978748136344936,1.0,115,0.0,0.978748136344936,0
1.0,ChargeAsFastAsPossible,30,2022-01-17,684.6710483623599,193.5998223537875,0.9996845238095238,96,0,0,0.9754154679754996,1.0,115,0.0,0.9754154679754996,0
1.3,idle,30,2022-01-17,0.0,0.0,,96,0,0,0.9743468840757048,1.0,115,0.0,0.9743468840757048,0
1.3,RoundRobin_TransformerCapped,30,2022-01-17,698.7190948814505,0.0,0.9819869047619048,96,0,0,0.974280971405793,1.0,115,0.0,0.974280971405793,0
1.6,ChargeAsFastAsPossible,30,2022-01-17,820.3903283597054,344.4536581945694,1.0,96,0,0,0.9733279677659108,1.0,115,0.0,0.9733279677659108,0
1.0,idle,31,2022-01-17,0.0,0.0,,96,0,0,0.9777520709672552,1.0,115,0.0,0.9777520709672552,0
1.0,RoundRobin_TransformerCapped,31,2022-01-17,539.6776934206598,0.0,0.9987633928571428,96,0,0,0.9775995801803132,1.0,115,0.0,0.9775995801803132,0
1.3,ChargeAsFastAsPossible,31,2022-01-17,682.1425998021924,123.70047767659516,1.0,96,0,0,0.9775311131973125,1.0,115,0.0,0.9775311131973125,0
1.6,idle,31,2022-01-17,0.0,0.0,,96,0,0,0.9764997483395012,1.0,115,0.0,0.9764997483395012,0
1.6,RoundRobin_TransformerCapped,31,2022-01-17,768.7289954859762,0.0,0.9974970238095238,96,0,0,0.9764997483395012,1.0,115,0.0,0.9764997483395012,0
1.0,ChargeAsFastAsPossible,32,2022-01-17,489.3965873265767,53.87288702928046,1.0,96,0,0,0.9784046848932054,1.0,115,0.0,0.9784046848932054,0
1.3,idle,32,2022-01-17,0.0,0.0,,96,0,0,0.9745772915332188,1.0,115,0.0,0.9745772915332188,0
1.3,RoundRobin_TransformerCapped,32,2022-01-17,628.574205301845,0.0,0.9996369047619048,96,0,0,0.9743912427069528,1.0,115,0.0,0.9743912427069528,0
1.6,ChargeAsFastAsPossible,32,2022-01-17,716.5053825619952,146.29246352652098,1.0,96,0,0,0.975142364063277,1.0,115,0.0,0.975142364063277,0
1.0,idle,33,2022-01-17,0.0,0.0,,96,0,0,0.9768464535010662,1.0,115,0.0,0.9768464535010662,0
1.0,RoundRobin_TransformerCapped,33,2022-01-17,524.6811511053234,0.0,0.9963214285714286,96,0,0,0.9767871522513972,1.0,115,0.0,0.9767871522513972,0
1.3,ChargeAsFastAsPossible,33,2022-01-17,682.1309516367953,84.59393042487966,1.0,96,0,0,0.9772795335117036,1.0,115,0.0,0.9772795335117036,0
1.6,idle,33,2022-01-17,0.0,0.0,,96,0,0,0.9765312800592474,1.0,115,0.0,0.9765312800592474,0
1.6,RoundRobin_TransformerCapped,33,2022-01-17,780.027264978573,0.0,1.0,96,0,0,0.9764133916877774,1.0,115,0.0,0.9764133916877774,0
1.0,ChargeAsFastAsPossible,34,2022-01-17,706.968142925662,38.29396590268317,0.997625,96,0,0,0.975118050501738,1.0,115,0.0,0.975118050501738,0
1.3,idle,34,2022-01-17,0.0,0.0,,96,0,0,0.9756840604853804,1.0,115,0.0,0.9756840604853804,0
1.3,RoundRobin_TransformerCapped,34,2022-01-17,747.7567780827835,0.0,0.9952272108843538,96,0,0,0.9755062956892872,1.0,115,0.0,0.9755062956892872,0
1.6,ChargeAsFastAsPossible,34,2022-01-17,824.7082626980357,120.21837954790196,0.9970399659863948,96,0,0,0.9772095387809172,1.0,115,0.0,0.9772095387809172,0
1.0,idle,35,2022-01-17,0.0,0.0,,96,0,0,0.973937911251846,1.0,115,0.0,0.973937911251846,0
1.0,RoundRobin_TransformerCapped,35,2022-01-17,448.2384104345174,0.0,0.9959375,96,0,0,0.9737844511501752,1.0,115,0.0,0.9737844511501752,0
1.3,ChargeAsFastAsPossible,35,2022-01-17,643.1210364811683,182.80918995780104,0.9986458333333332,96,0,0,0.978319221628758,1.0,115,0.0,0.978319221628758,0
1.6,idle,35,2022-01-17,0.0,0.0,,96,0,0,0.9762392038416532,1.0,115,0.0,0.9762392038416532,0
1.6,RoundRobin_TransformerCapped,35,2022-01-17,700.5302200769054,0.0,0.9869678571428572,96,0,0,0.9760863625139709,1.0,115,0.0,0.9760863625139709,0
1.0,ChargeAsFastAsPossible,36,2022-01-17,484.221919480577,72.13312185432433,0.9960758928571428,96,0,0,0.9753412152978488,1.0,115,0.0,0.9753412152978488,0
1.3,idle,36,2022-01-17,0.0,0.0,,96,0,0,0.9770404123744638,1.0,115,0.0,0.9770404123744638,0
1.3,RoundRobin_TransformerCapped,36,2022-01-17,637.439344281409,0.0,0.9954035714285714,96,0,0,0.976911491359838,1.0,115,0.0,0.976911491359838,0
1.6,ChargeAsFastAsPossible,36,2022-01-17,879.3784757267274,393.6334836007709,0.9999040178571428,96,0,0,0.975936789004754,1.0,115,0.0,0.975936789004754,0
1.0,idle,37,2022-01-17,0.0,0.0,,96,0,0,0.9769191364112896,1.0,115,0.0,0.9769191364112896,0
1.0,RoundRobin_TransformerCapped,37,2022-01-17,570.57453396321,0.0,0.9903770833333334,96,0,0,0.9767664383661556,1.0,115,0.0,0.9767664383661556,0
1.3,ChargeAsFastAsPossible,37,2022-01-17,680.3545354811018,77.74301355679978,0.9979892857142856,96,0,0,0.974874133346654,1.0,115,0.0,0.974874133346654,0
1.6,idle,37,2022-01-17,0.0,0.0,,96,0,0,0.9775392871806357,1.0,115,0.0,0.9775392871806357,0
1.6,RoundRobin_TransformerCapped,37,2022-01-17,723.8712780268626,0.0,0.9897402210884354,96,0,0,0.9773867289978068,1.0,115,0.0,0.9773867289978068,0
1.0,ChargeAsFastAsPossible,38,2022-01-17,704.5705097682101,8.766126515967315,1.0,96,0,0,0.9761297178622538,1.0,115,0.0,0.9761297178622538,0
1.3,idle,38,2022-01-17,0.0,0.0,,96,0,0,0.9768856420975772,1.0,115,0.0,0.9768856420975772,0
1.3,RoundRobin_TransformerCapped,38,2022-01-17,773.0233081436811,0.0,0.994343005952381,96,0,0,0.9765797427027484,1.0,115,0.0,0.9765797427027484,0
1.6,ChargeAsFastAsPossible,38,2022-01-17,856.156386550892,119.28763913054397,1.0,96,0,0,0.9761655258105214,1.0,115,0.0,0.9761655258105214,0
1.0,idle,39,2022-01-17,0.0,0.0,,96,0,0,0.976653123739066,1.0,115,0.0,0.976653123739066,0
1.0,RoundRobin_TransformerCapped,39,2022-01-17,591.9877577748382,0.0,0.9825553571428572,96,0,0,0.9766235806203952,1.0,115,0.0,0.9766235806203952,0
1.3,ChargeAsFastAsPossible,39,2022-01-17,747.2236363878676,168.06307886411753,0.993639668367347,96,0,0,0.975304829726738,1.0,115,0.0,0.975304829726738,0
1.6,idle,39,2022-01-17,0.0,0.0,,96,0,0,0.9768114701119118,1.0,97,0.0,0.9769239648584576,0
1.6,RoundRobin_TransformerCapped,39,2022-01-17,744.1043483532912,0.0,0.9852963435374148,96,0,0,0.9767356312316866,1.0,97,0.0,0.9767678588094816,0
1.0,ChargeAsFastAsPossible,40,2022-01-17,775.7587020509003,418.4424783813662,0.9989897959183672,96,0,0,0.975982379961382,1.0,115,0.0,0.975982379961382,0
1.3,idle,40,2022-01-17,0.0,0.0,,96,0,0,0.9777690539623054,1.0,115,0.0,0.9777690539623054,0
1.3,RoundRobin_TransformerCapped,40,2022-01-17,793.7905107297262,0.0,0.989639668367347,96,0,0,0.9777261269968024,1.0,115,0.0,0.9777261269968024,0
1.6,ChargeAsFastAsPossible,40,2022-01-17,925.8673302246756,344.3476356860406,0.9988147321428572,96,0,0,0.9756577798516428,1.0,97,0.0,0.9756711807326351,0
1.0,idle,41,2022-01-17,0.0,0.0,,96,0,0,0.9759948904180622,1.0,115,0.0,0.9759948904180622,0
1.0,RoundRobin_TransformerCapped,41,2022-01-17,604.8668253763681,0.0,0.9835863095238097,96,0,0,0.9759948904180622,1.0,115,0.0,0.9759948904180622,0
1.3,ChargeAsFastAsPossible,41,2022-01-17,748.175924689211,267.4893156173091,0.9979005102040815,96,0,0,0.9766365306691278,1.0,115,0.0,0.9766365306691278,0
1.6,idle,41,2022-01-17,0.0,0.0,,96,0,0,0.975962803062258,1.0,115,0.0,0.975962803062258,0
1.6,RoundRobin_TransformerCapped,41,2022-01-17,815.5651119339327,0.0,0.9819617346938776,96,0,0,0.975914391169226,1.0,115,0.0,0.975914391169226,0
1.0,ChargeAsFastAsPossible,42,2022-01-17,695.3817521768169,256.7264611450608,0.9990464285714286,96,0,0,0.9762552926657136,1.0,115,0.0,0.9762552926657136,0
1.3,idle,42,2022-01-17,0.0,0.0,,96,0,0,0.9765131612387816,1.0,115,0.0,0.9765131612387816,0
1.3,RoundRobin_TransformerCapped,42,2022-01-17,727.7835936313272,0.0,0.9950732142857144,96,0,0,0.9762149063376508,1.0,115,0.0,0.9762149063376508,0
1.6,ChargeAsFastAsPossible,42,2022-01-17,798.5801854838486,130.45116417033177,0.9987857142857144,96,0,0,0.9782443296812126,1.0,115,0.0,0.9782443296812126,0
1.0,idle,43,2022-01-17,0.0,0.0,,96,0,0,0.9760922372096008,1.0,115,0.0,0.9760922372096008,0
1.0,RoundRobin_TransformerCapped,43,2022-01-17,568.0348557293715,0.0,1.0,96,0,0,0.9759393356812984,1.0,115,0.0,0.9759393356812984,0
1.3,ChargeAsFastAsPossible,43,2022-01-17,702.4035566306893,95.23483705743104,1.0,96,0,0,0.9793935763478444,1.0,115,0.0,0.9793935763478444,0
1.6,idle,43,2022-01-17,0.0,0.0,,96,0,0,0.977529710903091,1.0,115,0.0,0.977529710903091,0
1.6,RoundRobin_TransformerCapped,43,2022-01-17,747.3110994153308,0.0,0.9934947278911566,96,0,0,0.9773771470238743,1.0,115,0.0,0.9773771470238743,0
1.0,ChargeAsFastAsPossible,44,2022-01-17,471.1976496677106,85.57707945662699,1.0,96,0,0,0.974904324583554,1.0,115,0.0,0.974904324583554,0
1.3,idle,44,2022-01-17,0.0,0.0,,96,0,0,0.9763231843599596,1.0,115,0.0,0.9763231843599596,0
1.3,RoundRobin_TransformerCapped,44,2022-01-17,616.4131099863038,0.0,0.9936242559523808,96,0,0,0.9762726656598416,1.0,115,0.0,0.9762726656598416,0
1.6,ChargeAsFastAsPossible,44,2022-01-17,737.6721861674855,93.28508883168682,0.9976205357142858,96,0,0,0.9750450123582748,1.0,115,0.0,0.9750450123582748,0
1.0,idle,45,2022-01-17,0.0,0.0,,96,0,0,0.9773020723455804,1.0,115,0.0,0.9773020723455804,0
1.0,RoundRobin_TransformerCapped,45,2022-01-17,587.939271197499,0.0,0.9996383928571428,96,0,0,0.9770755402926656,1.0,115,0.0,0.9770755402926656,0
1.3,ChargeAsFastAsPossible,45,2022-01-17,663.1744505949014,48.90749669728365,1.0,96,0,0,0.9783315672450236,1.0,115,0.0,0.9783315672450236,0
1.6,idle,45,2022-01-17,0.0,0.0,,96,0,0,0.9759621261636896,1.0,115,0.0,0.9759621261636896,0
1.6,RoundRobin_TransformerCapped,45,2022-01-17,758.4925790838407,0.0,0.9961428571428572,96,0,0,0.9757667310274286,1.0,115,0.0,0.9757667310274286,0
1.0,ChargeAsFastAsPossible,46,2022-01-17,821.5028526417733,340.3747085879706,1.0,96,0,0,0.9788654028285414,1.0,84,0.0,0.978868388274076,0
1.3,idle,46,2022-01-17,0.0,0.0,,96,0,0,0.9799497526521896,1.0,115,0.0,0.9799497526521896,0
1.3,RoundRobin_TransformerCapped,46,2022-01-17,864.1619742902872,0.0,0.981531994047619,96,0,0,0.9797385434535965,1.0,115,0.0,0.9797385434535965,0
1.6,ChargeAsFastAsPossible,46,2022-01-17,980.1668609270532,397.3622779098236,1.0,96,0,0,0.9752320394460255,1.0,115,0.0,0.9752320394460255,0
1.0,idle,47,2022-01-17,0.0,0.0,,96,0,0,0.9740564138470033,1.0,115,0.0,0.9740564138470033,0
1.0,RoundRobin_TransformerCapped,47,2022-01-17,487.47932727631337,0.0,0.99165625,96,0,0,0.9739824568665258,1.0,115,0.0,0.9739824568665258,0
1.3,ChargeAsFastAsPossible,47,2022-01-17,617.0114432790056,132.71832290347092,1.0,96,0,0,0.9776231374838388,1.0,115,0.0,0.9776231374838388,0
1.6,idle,47,2022-01-17,0.0,0.0,,96,0,0,0.9777980937609112,1.0,84,0.0,0.9778061039924112,0
1.6,RoundRobin_TransformerCapped,47,2022-01-17,684.143824584794,0.0,0.9938067602040817,96,0,0,0.9776666567474392,1.0,115,0.0,0.9776666567474392,0
1.0,ChargeAsFastAsPossible,48,2022-01-17,758.0293632828256,290.9736954293624,1.0,96,0,0,0.977889047333957,1.0,115,0.0,0.977889047333957,0
1.3,idle,48,2022-01-17,0.0,0.0,,96,0,0,0.97747099882522,1.0,115,0.0,0.97747099882522,0
1.3,RoundRobin_TransformerCapped,48,2022-01-17,772.8343758473079,0.0,0.9934565476190476,96,0,0,0.9771657989246918,1.0,115,0.0,0.9771657989246918,0
1.6,ChargeAsFastAsPossible,48,2022-01-17,911.8171638452756,260.9020733786812,0.9995513392857144,96,0,0,0.9798424483490084,1.0,115,0.0,0.9798424483490084,0
1.0,idle,49,2022-01-17,0.0,0.0,,96,0,0,0.9777627121854212,1.0,115,0.0,0.9777627121854212,0
1.0,RoundRobin_TransformerCapped,49,2022-01-17,719.6063322685447,0.0,0.9916156462585034,96,0,0,0.9776670897738668,1.0,115,0.0,0.9776670897738668,0
1.3,ChargeAsFastAsPossible,49,2022-01-17,817.5106927064649,238.49662726035527,0.9999617346938776,96,0,0,0.9774113636729752,1.0,115,0.0,0.9774113636729752,0
1.6,idle,49,2022-01-17,0.0,0.0,,96,0,0,0.9765585149592708,1.0,115,0.0,0.9765585149592708,0
1.6,RoundRobin_TransformerCapped,49,2022-01-17,862.7815824114853,0.0,0.9878087939342404,96,0,0,0.9764877829405796,1.0,115,0.0,0.9764877829405796,0
