level,algorithm,n_runs,n_clusters,sat_served_mean,sat_served_ci_low,sat_served_status,sat_all_arrivals_mean,sat_all_arrivals_ci_low,sat_all_arrivals_status,ens_rel_served_pct,ens_rel_served_ci_high_pct,ens_rel_served_status,dns_lower_mean,dns_lower_ci_high,dns_status,cells_with_overload,overload_kwh_mean,transformer_status,peak_kw_p95,peak_kw_p95_ci_high,voltage_status,voltage_reason,note,label
1.0,ChargeAsFastAsPossible,100,50,0.9988756679421769,0.9984226395939627,met,0.9792423751936474,0.9715018655710891,met,0.0,0.0,met,0.024230947522029856,0.03152713876806656,met,97,109.67315367565189,not met,206.12887456584195,240.1956835285499,met on node_123,"node_123 (in band idle), bus 115, weekday only, 50 seeds: 0/50 cells out of band, lowest bus 0.9738 p.u.",,AFAP
1.0,RoundRobin,100,50,0.9486290750739161,0.9438158049231407,met,0.9299082335519586,0.9220622719933468,met,22.857473922989925,24.92118146730625,not met,0.2476532775473316,0.2677710499777894,not met,65,45.218695904747584,not met,175.260899780236,215.65510755673722,not evaluated,not rerun on node_123 under DC sessions (the brief's Part 3 covers AFAP and the transformer-aware Round Robin); the 34-node feeder is out of band when idle,,"Round Robin (EV2Gym, follows the setpoint)"
1.0,RoundRobin_TransformerCapped,100,50,0.9924558079648526,0.9909650784190758,met,0.9730023681711834,0.964691178706947,met,2.694883030310603,3.296713714255332,met,0.0500364942219212,0.06063173156328954,met,0,0.0,met,99.89981312549872,99.89981312549872,met on node_123,"node_123 (in band idle), bus 115, weekday only, 50 seeds: 0/50 cells out of band, lowest bus 0.9738 p.u.","recommended operating strategy (round-robin load management, budget = transformer rating)","Round Robin, transformer-aware (recommended)"
1.0,MPC_TrackingG2V,100,50,0.8888976501799565,0.8769163350439934,not met,0.871563878043398,0.8578120199138543,not met,47.34946544745704,52.03398451724812,not met,0.4846105863783625,0.531184719180021,not met,7,3.8051903892718004e-05,not met,100.00054059009408,100.00057691327987,not evaluated,not rerun on node_123 under DC sessions (the brief's Part 3 covers AFAP and the transformer-aware Round Robin); the 34-node feeder is out of band when idle,,"MPC_TrackingG2V (upper bound, non-causal)"
1.0,Optimal_Oracle_Tracking,100,50,0.9131912328053231,0.908197120177652,met,0.8951674572775801,0.887321049271486,not met,38.399239986691775,40.4674977109501,not met,0.3989355257491345,0.4190397861235397,not met,0,0.0,met,100.00007808264726,100.00007808264729,not evaluated,not rerun on node_123 under DC sessions (the brief's Part 3 covers AFAP and the transformer-aware Round Robin); the 34-node feeder is out of band when idle,,"Optimal_Oracle_Tracking (upper bound, non-causal)"
1.0,TD3_vanilla_extended_ts102,100,50,0.9408293110594961,0.9372855404663127,met,0.9222313015706408,0.9152279077188206,met,26.26872535755381,27.933156446547834,not met,0.28080033361631673,0.29649737976659374,not met,81,57.29902873212629,not met,196.57187366047825,222.70725544526945,not evaluated,not rerun on node_123 under DC sessions (the brief's Part 3 covers AFAP and the transformer-aware Round Robin); the 34-node feeder is out of band when idle,out of its training distribution (trained on Dutch durations),Final RL model (out of its training distribution)
1.3,ChargeAsFastAsPossible,100,50,0.9987851874291384,0.9983878291241497,met,0.9469199181192218,0.9366830129844704,met,0.0,0.0,met,0.05533312494121691,0.0650806308099252,met,100,176.73428796444009,not met,226.68467138967193,253.19908144614072,met on node_123,"node_123 (in band idle), bus 115, weekday only, 50 seeds: 0/50 cells out of band, lowest bus 0.9734 p.u.",,AFAP
1.3,RoundRobin,100,50,0.9558407020336256,0.9514036786770335,met,0.9061713895925836,0.8960550921566799,not met,19.020696108150247,20.743254228018426,not met,0.2354789053525755,0.25234826624096496,not met,83,70.83023173404438,not met,195.74762752651532,219.16323168174554,not evaluated,not rerun on node_123 under DC sessions (the brief's Part 3 covers AFAP and the transformer-aware Round Robin); the 34-node feeder is out of band when idle,,"Round Robin (EV2Gym, follows the setpoint)"
1.3,RoundRobin_TransformerCapped,100,50,0.9902288640873016,0.9887627257812498,met,0.9388642446523814,0.9283104007159335,met,3.716609867815905,4.292819768406028,met,0.09009963076456656,0.10200694669820957,met,0,0.0,met,99.89981312549872,99.89981312549872,met on node_123,"node_123 (in band idle), bus 115, weekday only, 50 seeds: 0/50 cells out of band, lowest bus 0.9734 p.u.","recommended operating strategy (round-robin load management, budget = transformer rating)","Round Robin, transformer-aware (recommended)"
1.3,MPC_TrackingG2V,100,50,0.8783773184346724,0.8667185040309743,not met,0.8326049125989876,0.8190210301082292,not met,51.687356809572336,56.243914138439656,not met,0.5436656486331625,0.5871623899841467,not met,7,4.0243681557539e-05,not met,100.00052445396452,100.0007151584841,not evaluated,not rerun on node_123 under DC sessions (the brief's Part 3 covers AFAP and the transformer-aware Round Robin); the 34-node feeder is out of band when idle,,"MPC_TrackingG2V (upper bound, non-causal)"
1.3,Optimal_Oracle_Tracking,100,50,0.918266082930887,0.9134329417931452,met,0.8704593637138894,0.8611107818588215,not met,35.59175814146095,37.316641705163185,not met,0.39207891117985716,0.40787781399383893,not met,0,0.0,met,100.00007808264729,100.00007808264729,not evaluated,not rerun on node_123 under DC sessions (the brief's Part 3 covers AFAP and the transformer-aware Round Robin); the 34-node feeder is out of band when idle,,"Optimal_Oracle_Tracking (upper bound, non-causal)"
1.3,TD3_vanilla_extended_ts102,100,50,0.9430164900167692,0.9401794483523223,met,0.8939442279484916,0.8843675226277575,not met,24.774904871394316,26.170624403621574,not met,0.28992626671783467,0.30397222528755335,not met,95,88.78292453917277,not met,205.7142412142073,240.3750705243245,not evaluated,not rerun on node_123 under DC sessions (the brief's Part 3 covers AFAP and the transformer-aware Round Robin); the 34-node feeder is out of band when idle,out of its training distribution (trained on Dutch durations),Final RL model (out of its training distribution)
1.6,ChargeAsFastAsPossible,100,50,0.998769452026644,0.9983821644044075,met,0.8946179453670902,0.8803593387153944,not met,0.0,0.0,met,0.10456105643367934,0.11822602842365712,met,100,231.52430923752993,not met,234.0428976327608,240.70592534743017,met on node_123,"node_123 (in band idle), bus 115, weekday only, 50 seeds: 0/50 cells out of band, lowest bus 0.9733 p.u.",,AFAP
1.6,RoundRobin,100,50,0.961418381421186,0.9578736719290262,met,0.861064238326687,0.8477055070840712,not met,16.58173789674412,18.045670189159896,not met,0.25344525721492034,0.26875211203416355,not met,96,95.74541895705715,not met,201.70790283593158,250.75660771616924,not evaluated,not rerun on node_123 under DC sessions (the brief's Part 3 covers AFAP and the transformer-aware Round Robin); the 34-node feeder is out of band when idle,,"Round Robin (EV2Gym, follows the setpoint)"
1.6,RoundRobin_TransformerCapped,100,50,0.9891808964582044,0.9877796117604617,met,0.8861097316292844,0.8715599558252268,not met,4.21239118762356,4.753778547597206,met,0.14186435116931226,0.15692564601529713,not met,0,0.0,met,99.89981312549872,99.89981312549874,met on node_123,"node_123 (in band idle), bus 115, weekday only, 50 seeds: 0/50 cells out of band, lowest bus 0.9733 p.u.","recommended operating strategy (round-robin load management, budget = transformer rating)","Round Robin, transformer-aware (recommended)"
1.6,MPC_TrackingG2V,100,50,0.8690708382230246,0.8578956106023706,not met,0.7784412903330795,0.7621699333481254,not met,56.042024089081934,60.436896694853715,not met,0.606333838932223,0.6460716315190179,not met,11,7.244938974508401e-05,not met,100.00057691327984,100.00057691327986,not evaluated,not rerun on node_123 under DC sessions (the brief's Part 3 covers AFAP and the transformer-aware Round Robin); the 34-node feeder is out of band when idle,,"MPC_TrackingG2V (upper bound, non-causal)"
1.6,Optimal_Oracle_Tracking,100,50,0.9211571444246155,0.9169064100800698,met,0.8248335044983758,0.8121930657865698,not met,34.35808678084152,35.98010159146766,not met,0.41326840681106963,0.4276683914997782,not met,0,0.0,met,100.00007808264729,100.00007808264729,not evaluated,not rerun on node_123 under DC sessions (the brief's Part 3 covers AFAP and the transformer-aware Round Robin); the 34-node feeder is out of band when idle,,"Optimal_Oracle_Tracking (upper bound, non-causal)"
1.6,TD3_vanilla_extended_ts102,100,50,0.9477667650370425,0.9448509894117392,met,0.8487504021787542,0.8354716912300014,not met,22.477794906576484,23.767614752183295,not met,0.3063616364737271,0.3211074204291139,not met,98,122.82607495848794,not met,231.5231788662108,253.49471224418255,not evaluated,not rerun on node_123 under DC sessions (the brief's Part 3 covers AFAP and the transformer-aware Round Robin); the 34-node feeder is out of band when idle,out of its training distribution (trained on Dutch durations),Final RL model (out of its training distribution)
