model,level,level_label,spawn_multiplier_base,ports,constant_station_demand,n_cells,arrivals_offered_per_day,arrivals_offered_per_day_ci_low,arrivals_offered_per_day_ci_high,arrivals_served_per_day,arrivals_served_per_day_ci_low,arrivals_served_per_day_ci_high,kwh_requested_per_day,kwh_requested_per_day_ci_low,kwh_requested_per_day_ci_high,kwh_requested_per_port_per_day,mean_port_occupancy,mean_port_occupancy_ci_low,mean_port_occupancy_ci_high,n_clusters
DC 32 min,0.25,0.267x (spawn 8),8,8,False,100,14.21,13.32,15.11,14.21,13.32,15.11,227.8518580048941,212.2049491787055,243.9631939787884,28.481482250611762,0.03989583333333331,0.03682291666666664,0.043007812499999964,50
DC 32 min,0.5,0.5x,15,8,False,100,24.12,22.94,25.28,24.12,22.94,25.28,387.3021431324482,365.0048879791586,409.990694892695,48.41276789155602,0.06796874999999997,0.06432291666666663,0.07160156249999998,50
DC 32 min,0.75,0.733x (spawn 22),22,8,False,100,32.3,31.12,33.47,32.26,31.08,33.43,522.5031920701232,499.8043817111215,545.1174134906662,65.3128990087654,0.0902473958333333,0.0865364583333333,0.09399772135416665,50
DC 32 min,1.0,1x,30,8,False,100,40.43,39.11,41.74,39.93,38.74,41.11,655.3370176863145,628.332632461167,682.9510430116906,81.91712721078932,0.11167968749999996,0.10765624999999997,0.11572949218749995,50
DC 32 min,1.3,1.3x,39,8,False,100,49.13,47.89,50.46,47.23,46.25,48.22,796.776772803049,771.2366559037231,823.7095396360363,99.59709660038112,0.13209635416666662,0.1282942708333333,0.13595052083333325,50
DC 32 min,1.6,1.6x,48,8,False,100,58.37,56.60975,60.25,53.54,52.49,54.58024999999999,944.8877843267431,913.5787209646152,977.7782069752951,118.1109730408429,0.14972656249999997,0.1459114583333333,0.15368489583333328,50
DC 32 min,2.0,2x,60,8,False,100,72.71,70.58,74.89,61.15,60.19,62.11,1164.4297241932495,1126.2966898892664,1203.9647628885523,145.5537155241562,0.16877604166666657,0.16518229166666665,0.1724088541666666,50
DC 32 min,2.5,2.5x,75,8,False,100,93.53,90.98,96.08,68.53,67.69,69.39025,1494.8317179418261,1449.4029164547487,1541.8924740515354,186.85396474272827,0.18998697916666657,0.1869010416666666,0.1932552083333333,50
DC 32 min,3.0,3x,90,8,False,100,117.44,114.64,120.26025,74.49,73.51,75.48,1862.276626495759,1812.7836336464184,1913.4559018768628,232.78457831196988,0.20546874999999998,0.20220019531249997,0.20873697916666661,50
DC 32 min,4.0,4x,120,8,False,100,176.86,173.46,180.31,83.71,82.94,84.51,2779.784339527281,2721.894213191112,2838.9859452547835,347.47304244091015,0.23272135416666664,0.22989583333333333,0.2356123046875,50
DC 32 min,5.0,5x,150,8,False,100,242.04,238.58,245.55,90.87,90.12,91.62,3797.5829971474795,3745.149465734515,3852.320964630131,474.69787464343494,0.2509635416666667,0.24786425781249996,0.25414062499999995,50
DC 42 min,0.25,0.267x (spawn 8),8,8,False,100,13.88,13.04,14.72,13.88,13.04,14.72,222.57706329551925,207.78223261968793,237.5765702966099,27.822132911939907,0.05188802083333331,0.04811197916666663,0.055664388020833296,50
DC 42 min,0.5,0.5x,15,8,False,100,23.4,22.31,24.490249999999996,23.4,22.31,24.490249999999996,375.6097247040023,354.47285682742137,397.17528857443835,46.95121558800029,0.0876692708333333,0.08307291666666665,0.09217447916666663,50
DC 42 min,0.75,0.733x (spawn 22),22,8,False,100,31.1,29.9,32.29,30.95,29.8,32.09,500.958053007777,478.6184365472664,523.738597639959,62.61975662597212,0.1152604166666666,0.11033854166666664,0.12032552083333328,50
DC 42 min,1.0,1x,30,8,False,100,38.88,37.52,40.27,38.0,36.86,39.13,627.1970485271102,600.7525708113774,654.8828089177075,78.39963106588877,0.1409505208333333,0.13562499999999997,0.14636718749999994,50
DC 42 min,1.3,1.3x,39,8,False,500,47.26,46.03,48.63,44.65,43.76,45.55,762.6267292274745,739.1071069402716,788.4821095596324,95.32834115343431,0.16557291666666663,0.16080729166666663,0.17046874999999995,50
DC 42 min,1.6,1.6x,48,8,False,500,56.56,54.7,58.52,50.3,49.35,51.25,910.7080579232296,879.8819328658784,942.4483960972047,113.8385072404037,0.18535156249999998,0.1804554036458333,0.19028678385416664,50
DC 42 min,2.0,2x,60,8,False,100,71.16,68.96,73.42,56.78,55.95,57.62,1136.48934468192,1099.4749896581038,1173.5377662279095,142.06116808524,0.20699218749999995,0.2029557291666666,0.21113281249999993,50
DC 42 min,2.5,2.5x,75,8,False,100,93.46,90.69975000000001,96.25,63.51,62.64,64.36,1491.1525813647102,1444.6939012548935,1537.6566263931616,186.39407267058877,0.23184895833333333,0.22789062499999996,0.23584635416666663,50
DC 42 min,3.0,3x,90,8,False,100,118.59,115.63975,121.4,68.69,67.77,69.6,1877.06284226136,1828.3608967116988,1924.4486647481508,234.63285528267,0.24893229166666667,0.2448958333333333,0.25305989583333327,50
DC 42 min,4.0,4x,120,8,False,100,180.17,176.55975,183.75025,76.99,76.22,77.76,2834.8768096995814,2775.7876139340865,2892.786672825658,354.35960121244767,0.2796354166666667,0.2759892578125,0.2832164713541667,50
DC 42 min,5.0,5x,150,8,False,100,246.13,242.73975000000002,249.41,82.55,81.83,83.23,3852.765942028671,3800.0106858863705,3905.8583922731277,481.59574275358386,0.3016796875,0.29852832031249993,0.30486979166666667,50
DC 42 min,1.3,1.3x,39,10,True,500,48.96,47.72,50.21,48.38,47.26,49.48,789.334376375256,766.610149318237,812.6057909423301,78.9334376375256,0.14362499999999995,0.13958307291666663,0.14773984375,50
DC 42 min,1.6,1.6x,48,10,True,500,56.47,55.38,57.63,54.83,53.94,55.72,912.3226401627325,890.7399431602197,934.8347222023174,91.23226401627325,0.16253125,0.15883333333333333,0.16619817708333331,50
DC 42 min,1.3,1.3x,39,12,True,500,51.7,50.44,52.94024999999999,51.5,50.29,52.68,838.8774834925605,816.7659007714187,861.8604898602288,69.90645695771337,0.12805555555555553,0.12407096354166663,0.1319880642361111,50
DC 42 min,1.6,1.6x,48,12,True,500,59.77,58.51,61.03,59.11,57.93,60.28,967.5331216358887,943.9924121752098,991.3001932839021,80.62776013632406,0.14649305555555553,0.1425520833333333,0.15039062499999997,50
DC 42 min,1.3,1.3x,39,14,True,500,53.93,52.7,55.19,53.93,52.7,55.19,871.173800764333,845.222550365633,897.2595213534863,62.22670005459521,0.11440476190476187,0.11087797619047615,0.11793173363095234,50
DC 42 min,1.6,1.6x,48,14,True,500,62.39,61.159749999999995,63.6,62.32,61.1,63.51,1008.3429719683886,983.6803051776182,1033.5769501167622,72.02449799774205,0.13162202380952373,0.1281175595238095,0.13511904761904753,50
DC 42 min,1.3,1.3x,39,16,True,500,56.27,54.9,57.65024999999999,56.27,54.9,57.65024999999999,915.4224744998784,888.9629164248927,942.6364854848454,57.2139046562424,0.10402343749999994,0.10097656249999995,0.10708333333333328,50
DC 42 min,1.6,1.6x,48,16,True,500,65.21,63.89,66.53,65.18,63.86,66.49,1062.4732911539147,1034.664544463084,1090.6175851470496,66.40458069711967,0.12085286458333329,0.11779947916666662,0.12390624999999994,50
DC 78 min,0.25,0.267x (spawn 8),8,8,False,100,12.96,12.2,13.73,12.96,12.2,13.73,208.4353210716608,195.33435670216335,222.09177083202184,26.0544151339576,0.08899739583333328,0.08276041666666664,0.0953776041666666,50
DC 78 min,0.5,0.5x,15,8,False,100,21.28,20.37,22.21,21.26,20.36,22.19,344.3558613703735,326.0195228807081,362.77824394732994,43.044482671296684,0.14680989583333326,0.13981770833333326,0.1538805338541666,50
DC 78 min,0.75,0.733x (spawn 22),22,8,False,100,27.57,26.63,28.52,27.33,26.44,28.21025,445.835769791075,427.78757102302444,463.91489115285594,55.729471223884374,0.18825520833333328,0.18075520833333328,0.19596386718749995,50
DC 78 min,1.0,1x,30,8,False,100,34.57,33.38,35.79024999999999,32.73,31.85,33.62,556.1891719339592,534.4605814668748,579.2658714479152,69.5236464917449,0.22548177083333334,0.21719986979166658,0.23381542968749996,50
DC 78 min,1.3,1.3x,39,8,False,100,42.82,41.38,44.32,37.39,36.6,38.21,687.6217327083207,664.1606829248302,712.349732551806,85.95271658854008,0.2592057291666666,0.251640625,0.2669794921875,50
DC 78 min,1.6,1.6x,48,8,False,100,53.05,51.049749999999996,55.22,41.36,40.49,42.25,848.5926353932684,814.9471380287019,884.8093757283218,106.07407942415855,0.2834635416666667,0.2760286458333333,0.29096386718750006,50
DC 78 min,2.0,2x,60,8,False,100,69.79,67.27,72.25,45.84,45.05,46.63,1101.0835905757317,1060.4848083834063,1141.0751583340132,137.63544882196646,0.31234375,0.30640625,0.3185807291666667,50
DC 78 min,2.5,2.5x,75,8,False,100,95.49,92.48,98.43025,50.38,49.6,51.2,1509.179853415131,1459.1034938368139,1559.0810215170936,188.64748167689137,0.3397526041666667,0.3343746744791666,0.34550781249999996,50
DC 78 min,3.0,3x,90,8,False,100,123.18,119.68,126.53,53.56,52.76,54.37,1928.1965144161481,1870.7741588159993,1984.4819056084464,241.02456430201852,0.3597656249999999,0.35423144531249995,0.36559895833333333,50
DC 78 min,4.0,4x,120,8,False,100,186.21,182.27975,190.01024999999998,58.36,57.61,59.15,2897.364654499202,2833.7193114713823,2959.702206852818,362.17058181240026,0.3932421875,0.3880468749999999,0.39854166666666657,50
DC 78 min,5.0,5x,150,8,False,100,252.59,249.04975000000002,256.02,61.71,61.1,62.32,3931.172062260802,3875.737443696621,3985.9514618918383,491.3965077826002,0.4194661458333333,0.4148958333333333,0.4240888671875001,50
Dutch (EV2Gym as configured),0.25,0.267x (spawn 8),8,8,False,100,6.74,6.32,7.15,6.74,6.32,7.15,100.03862599949616,92.40045592042611,107.79178205778295,12.50482824993702,,,,50
Dutch (EV2Gym as configured),0.5,0.5x,15,8,False,100,10.33,9.84,10.82,9.81,9.45,10.17,152.77634687282736,142.7207864402956,163.42360628651286,19.09704335910342,,,,50
Dutch (EV2Gym as configured),0.75,0.733x (spawn 22),22,8,False,100,14.81,13.81,15.86,11.89,11.5,12.28,218.20645126629486,201.9122580344624,235.27974198178026,27.275806408286858,,,,50
Dutch (EV2Gym as configured),1.0,1x,30,8,False,100,22.34,20.57,24.18,13.44,13.07,13.8,327.48406933367625,301.3553252350802,355.16460462432184,40.93550866670953,,,,50
Dutch (EV2Gym as configured),1.3,1.3x,39,8,False,100,34.63,32.26,37.03,14.75,14.49,15.0,507.02698963138914,473.03404886333936,542.144741674572,63.37837370392364,,,,50
Dutch (EV2Gym as configured),1.6,1.6x,48,8,False,100,48.5,45.83,51.27,15.59,15.38,15.79,711.9954213861413,671.2754864559943,754.376015560799,88.99942767326766,,,,50
Dutch (EV2Gym as configured),2.0,2x,60,8,False,100,67.26,64.04,70.54025,16.26,16.01,16.51,983.5726715792873,935.9919829346056,1032.8457921281513,122.94658394741091,,,,50
Dutch (EV2Gym as configured),2.5,2.5x,75,8,False,100,92.52,89.18,95.73,16.89,16.62,17.17,1358.0125987725435,1307.2520097874326,1407.0290720659393,169.75157484656793,,,,50
Dutch (EV2Gym as configured),3.0,3x,90,8,False,100,117.6,114.54975,120.59,17.49,17.19,17.8,1722.7209983073728,1674.724543066815,1769.9339349972145,215.3401247884216,,,,50
Dutch (EV2Gym as configured),4.0,4x,120,8,False,100,169.53,166.36,172.62,18.15,17.81,18.49,2484.38627260421,2435.056604177428,2533.1251966512186,310.5482840755262,,,,50
Dutch (EV2Gym as configured),5.0,5x,150,8,False,100,220.23,216.87,223.48,18.7,18.34,19.06,3235.3108195855957,3181.3232927760646,3289.5571752003584,404.41385244819946,,,,50
