td3_algorithm,baseline_algorithm,metric,point_estimate,ci_low,ci_high,unit,n_cells
TD3_vanilla_ts100,ChargeAsFastAsPossible,total_ev_served,0.0,0.0,0.0,pct_diff,50
TD3_vanilla_ts100,ChargeAsFastAsPossible,total_profits,-13.672232654398295,-17.070776932494844,-10.342229762694242,pct_diff,50
TD3_vanilla_ts100,ChargeAsFastAsPossible,average_user_satisfaction,-2.3971904761904765,-2.9966099702380964,-1.8060815476190493,pct_diff,50
TD3_vanilla_ts100,ChargeAsFastAsPossible,energy_user_satisfaction,-2.569896441653585,-3.2094994152276297,-1.961810926216641,pct_diff,50
TD3_vanilla_ts100,ChargeAsFastAsPossible,min_energy_user_satisfaction,-21.748857142857144,-26.292992857142853,-17.234742857142862,pct_diff,50
TD3_vanilla_ts100,ChargeAsFastAsPossible,total_transformer_overload,-4.877933407347245,-8.276256679808029,-1.858438458433603,abs_diff,50
TD3_vanilla_ts100,ChargeAsFastAsPossible,tracking_error,-44.8480504585191,-48.87246168737284,-40.66844563264147,pct_diff,50
TD3_vanilla_ts100,ChargeAsFastAsPossible,energy_tracking_error,-25.447172712562622,-27.593571371009915,-23.247806950237422,pct_diff,50
TD3_vanilla_ts100,ChargeAsFastAsPossible,battery_degradation,-16.35275024430483,-18.73408432050128,-14.064185076043971,pct_diff,50
TD3_vanilla_ts100,RoundRobin,total_ev_served,0.0,0.0,0.0,pct_diff,50
TD3_vanilla_ts100,RoundRobin,total_profits,-11.219809996157496,-14.708527503574999,-7.938290919164837,pct_diff,50
TD3_vanilla_ts100,RoundRobin,average_user_satisfaction,-2.394273924275172,-2.995838095238097,-1.8035189016783102,pct_diff,50
TD3_vanilla_ts100,RoundRobin,energy_user_satisfaction,-2.566013058222442,-3.203805702338877,-1.9579383258083007,pct_diff,50
TD3_vanilla_ts100,RoundRobin,min_energy_user_satisfaction,-21.703754743793365,-26.268181927610133,-17.183983315221933,pct_diff,50
TD3_vanilla_ts100,RoundRobin,total_transformer_overload,0.45221458256061764,0.031992096212989055,0.9804591251281679,abs_diff,50
TD3_vanilla_ts100,RoundRobin,tracking_error,136.94201397793614,117.9242976314686,156.90793823024606,pct_diff,50
TD3_vanilla_ts100,RoundRobin,energy_tracking_error,103.53283962122228,95.42911794409721,112.04045816798117,pct_diff,50
TD3_vanilla_ts100,RoundRobin,battery_degradation,-11.875777093956556,-14.418251502712135,-9.442123847599673,pct_diff,50
TD3_vanilla_ts101,ChargeAsFastAsPossible,total_ev_served,0.0,0.0,0.0,pct_diff,50
TD3_vanilla_ts101,ChargeAsFastAsPossible,total_profits,-15.50798185736729,-19.185006566966454,-11.895384591572752,pct_diff,50
TD3_vanilla_ts101,ChargeAsFastAsPossible,average_user_satisfaction,-2.110324705236311,-2.7312804146376624,-1.5053512602244516,pct_diff,50
TD3_vanilla_ts101,ChargeAsFastAsPossible,energy_user_satisfaction,-2.372162511812511,-3.009211010617036,-1.7304095581228613,pct_diff,50
TD3_vanilla_ts101,ChargeAsFastAsPossible,min_energy_user_satisfaction,-16.195507211385753,-19.62411959962971,-12.623772774182441,pct_diff,50
TD3_vanilla_ts101,ChargeAsFastAsPossible,total_transformer_overload,-2.676268802808476,-6.9693788177003,1.596862316626245,abs_diff,50
TD3_vanilla_ts101,ChargeAsFastAsPossible,tracking_error,-41.61520755204762,-45.47674651090445,-37.629152188592975,pct_diff,50
TD3_vanilla_ts101,ChargeAsFastAsPossible,energy_tracking_error,-24.011815490373003,-25.77742424050277,-22.176595297400713,pct_diff,50
TD3_vanilla_ts101,ChargeAsFastAsPossible,battery_degradation,-14.867904141575494,-17.224445391372896,-12.612620916624785,pct_diff,50
TD3_vanilla_ts101,RoundRobin,total_ev_served,0.0,0.0,0.0,pct_diff,50
TD3_vanilla_ts101,RoundRobin,total_profits,-13.172730391135348,-16.762074380701556,-9.62442298782955,pct_diff,50
TD3_vanilla_ts101,RoundRobin,average_user_satisfaction,-2.107394326952804,-2.7299622052363115,-1.5009022230552376,pct_diff,50
TD3_vanilla_ts101,RoundRobin,energy_user_satisfaction,-2.368254536150277,-3.0078302908361207,-1.7228328167775744,pct_diff,50
TD3_vanilla_ts101,RoundRobin,min_energy_user_satisfaction,-16.148177110240553,-19.569087587876922,-12.558009420508613,pct_diff,50
TD3_vanilla_ts101,RoundRobin,total_transformer_overload,2.6538791870993874,0.8975298773248767,4.799851120401957,abs_diff,50
TD3_vanilla_ts101,RoundRobin,tracking_error,147.13335418521885,133.87563697790986,160.95449273742975,pct_diff,50
TD3_vanilla_ts101,RoundRobin,energy_tracking_error,106.76290819502827,101.00607671842492,112.76708281695288,pct_diff,50
TD3_vanilla_ts101,RoundRobin,battery_degradation,-10.3677521154075,-12.708061849075209,-8.081730597919787,pct_diff,50
TD3_vanilla_ts102,ChargeAsFastAsPossible,total_ev_served,0.0,0.0,0.0,pct_diff,50
TD3_vanilla_ts102,ChargeAsFastAsPossible,total_profits,-7.272970104578082,-9.819677203924293,-4.664423967737737,pct_diff,50
TD3_vanilla_ts102,ChargeAsFastAsPossible,average_user_satisfaction,-0.92323788230453,-1.180900382304529,-0.6760253644787422,pct_diff,50
TD3_vanilla_ts102,ChargeAsFastAsPossible,energy_user_satisfaction,-1.2190157692062238,-1.51940628769158,-0.9101503360784996,pct_diff,50
TD3_vanilla_ts102,ChargeAsFastAsPossible,min_energy_user_satisfaction,-14.507329926396281,-17.97525621884384,-10.887195587779775,pct_diff,50
TD3_vanilla_ts102,ChargeAsFastAsPossible,total_transformer_overload,-4.368395054273869,-8.099218048510455,-0.9898138609630799,abs_diff,50
TD3_vanilla_ts102,ChargeAsFastAsPossible,tracking_error,-37.86673291932041,-42.29683364262258,-33.27449528200741,pct_diff,50
TD3_vanilla_ts102,ChargeAsFastAsPossible,energy_tracking_error,-21.22918358222489,-23.407497317737285,-18.88032462044843,pct_diff,50
TD3_vanilla_ts102,ChargeAsFastAsPossible,battery_degradation,-10.891273696417874,-11.872400346517916,-9.934248035453841,pct_diff,50
TD3_vanilla_ts102,RoundRobin,total_ev_served,0.0,0.0,0.0,pct_diff,50
TD3_vanilla_ts102,RoundRobin,total_profits,-4.835614942779948,-7.041450935642061,-2.6112517554592634,pct_diff,50
TD3_vanilla_ts102,RoundRobin,average_user_satisfaction,-0.9203050163221987,-1.1791040434239681,-0.671078119532528,pct_diff,50
TD3_vanilla_ts102,RoundRobin,energy_user_satisfaction,-1.2151033688054413,-1.5177418032621672,-0.9068840309784895,pct_diff,50
TD3_vanilla_ts102,RoundRobin,min_energy_user_satisfaction,-14.459348650796516,-17.96444747448954,-10.831459749970586,pct_diff,50
TD3_vanilla_ts102,RoundRobin,total_transformer_overload,0.9617529356339941,0.21334263522811342,1.836724839764314,abs_diff,50
TD3_vanilla_ts102,RoundRobin,tracking_error,164.2571485506099,146.11909089374763,183.86174854573727,pct_diff,50
TD3_vanilla_ts102,RoundRobin,energy_tracking_error,114.18938494657137,107.42681254277784,121.27361228526635,pct_diff,50
TD3_vanilla_ts102,RoundRobin,battery_degradation,-6.128218505386188,-7.176766035683643,-5.129201711391396,pct_diff,50
