family,metric,mean_ts100,mean_ts101,mean_ts102,across_seed_mean,across_seed_std,across_seed_range,relative_range_pct
"TD3_vanilla (original 60k, trained pre-setpoint-fix)",total_ev_served,13.44,13.44,13.44,13.44,0.0,0.0,0.0
"TD3_vanilla (original 60k, trained pre-setpoint-fix)",total_transformer_overload,4.983631206625729,4.483569891284004,4.7017073394317315,4.7229694791138215,0.2507077755340259,0.5000613153417248,10.58785828604491
"TD3_vanilla (original 60k, trained pre-setpoint-fix)",average_user_satisfaction,0.9797995153061224,0.9806806798840628,0.9834479976801568,0.9813093976234474,0.0019037647977816082,0.0036484823740343675,0.3717973539100234
"TD3_vanilla (original 60k, trained pre-setpoint-fix)",min_energy_user_satisfaction,82.94257142857143,83.26482603443412,83.9439869476589,83.3837948035548,0.5111980403785582,1.0014155190874732,1.200971389520858
"TD3_vanilla (original 60k, trained pre-setpoint-fix)",tracking_error,30887.604652308924,34999.43227426023,34452.555393240225,33446.53077326979,2232.9007479398683,4111.827621951306,12.293734288392766
"TD3_vanilla (original 60k, trained pre-setpoint-fix)",energy_tracking_error,284.17864582097206,301.7787307031522,299.34888588525797,295.10208746979407,9.5376736970383,17.600084882180113,5.964066548320034
"TD3_vanilla (original 60k, trained pre-setpoint-fix)",battery_degradation,0.0004037957551620013,0.0004126564469378006,0.0004165587018030421,0.00041100363463428133,6.540033877856591e-06,1.2762946641040767e-05,3.1053123538426797
"TD3_vanilla (original 60k, trained pre-setpoint-fix)",total_energy_charged,182.015452858074,182.59968286439565,185.12752268302097,183.2475528018302,1.654099827915457,3.112069824946957,1.6982872498780104
"TD3_vanilla (original 60k, trained pre-setpoint-fix)",energy_user_satisfaction,97.92404355465963,97.91335989687383,98.20399590822068,98.01379978658473,0.1648012701709025,0.290636011346848,0.29652560351672824
"TD3_vanilla_new60k (new run @60k, post-fix)",total_ev_served,13.44,13.44,13.44,13.44,0.0,0.0,0.0
"TD3_vanilla_new60k (new run @60k, post-fix)",total_transformer_overload,6.041613024222631,7.03048253223135,5.160045305466111,6.077380287306698,0.9357314399167651,1.8704372267652385,30.777031193388705
"TD3_vanilla_new60k (new run @60k, post-fix)",average_user_satisfaction,0.9817493027210885,0.9602686552410082,0.9924330016910037,0.9781503198843667,0.01638141641412905,0.03216434644999544,3.2882825672231837
"TD3_vanilla_new60k (new run @60k, post-fix)",min_energy_user_satisfaction,84.18142857142857,74.56854518425948,91.71002719540195,83.48666698369667,8.59183459061108,17.14148201114247,20.53199945626033
"TD3_vanilla_new60k (new run @60k, post-fix)",tracking_error,31124.706936974588,33827.955403595224,32574.68711746233,32509.116486010713,1352.8165799004048,2703.2484666206365,8.315355072119218
"TD3_vanilla_new60k (new run @60k, post-fix)",energy_tracking_error,286.59009635689347,298.1169131730058,293.2674139710098,292.6581411669697,5.787511251855988,11.52681681611233,3.9386626219073664
"TD3_vanilla_new60k (new run @60k, post-fix)",battery_degradation,0.00040841802542238405,0.00037925259407646365,0.00042892733754772345,0.00040553265234885707,2.4962753615415568e-05,4.96747434712598e-05,12.249258643796553
"TD3_vanilla_new60k (new run @60k, post-fix)",total_energy_charged,183.36998189623552,162.16516280512553,194.14583012422497,179.89365827519532,16.27127499559823,31.98066731909944,17.77754014551001
"TD3_vanilla_new60k (new run @60k, post-fix)",energy_user_satisfaction,98.03714668129489,95.74744345725775,99.19114181872395,97.6585773190922,1.752783692498926,3.443698361466204,3.5262630851299144
TD3_vanilla_extended (primary checkpoint),total_ev_served,13.44,13.44,13.44,13.44,0.0,0.0,0.0
TD3_vanilla_extended (primary checkpoint),total_transformer_overload,9.228805788373853,7.652608360722975,3.5778615505963773,6.819758566564402,2.9160798650482977,5.650944237777475,82.86135326670748
TD3_vanilla_extended (primary checkpoint),average_user_satisfaction,0.9969945280014546,0.996262583954067,0.9958723033843278,0.9963764717799498,0.0005697147097316452,0.0011222246171268546,0.112630581804294
TD3_vanilla_extended (primary checkpoint),min_energy_user_satisfaction,96.3587372857932,94.92333844909633,94.65143504437793,95.31117025975583,0.9173496448492022,1.7073022414152632,1.7912929164150178
TD3_vanilla_extended (primary checkpoint),tracking_error,44365.39002149169,44071.27589197766,41195.03347375602,43210.56646240845,1751.6865306197383,3170.356547735668,7.336993720028542
TD3_vanilla_extended (primary checkpoint),energy_tracking_error,341.7339395258834,341.3849602549552,332.7035319368937,338.6074772392441,5.115943142055384,9.030407588989704,2.666925037396396
TD3_vanilla_extended (primary checkpoint),battery_degradation,0.0004620843391507817,0.00046037986363117506,0.00046051905704968274,0.0004609944199438799,9.464600414804468e-07,1.7044755196066511e-06,0.36973886144091483
TD3_vanilla_extended (primary checkpoint),total_energy_charged,199.1951071018844,198.3337658471954,197.88768688671814,198.47218661193264,0.6646105143910769,1.3074202151662462,0.6587422839869296
TD3_vanilla_extended (primary checkpoint),energy_user_satisfaction,99.68521812742641,99.58630411295111,99.5555988707519,99.60904037037648,0.06773471027839202,0.12961925667451624,0.13012800463949128
TD3_vanilla_extended_last (last checkpoint),total_ev_served,13.44,13.44,13.44,13.44,0.0,0.0,0.0
TD3_vanilla_extended_last (last checkpoint),total_transformer_overload,8.636397556439453,10.7406347374592,4.475634017275116,7.950888770391256,3.1882597491090228,6.265000720184084,78.7962314793619
TD3_vanilla_extended_last (last checkpoint),average_user_satisfaction,0.9974233904081578,0.9983073542002142,0.998439094967251,0.9980566131918742,0.0005523289126853614,0.0010157045590932778,0.10176823094683615
TD3_vanilla_extended_last (last checkpoint),min_energy_user_satisfaction,96.0823425062277,97.8331331193044,97.54383766188758,97.1531044291399,0.9385207973665076,1.7507906130767026,1.8020943575237665
TD3_vanilla_extended_last (last checkpoint),tracking_error,46370.08973341832,47909.689337199095,44449.2639184364,46243.01432968461,1733.7090697058447,3460.425418762694,7.4831311689414575
TD3_vanilla_extended_last (last checkpoint),energy_tracking_error,349.7001846896555,353.5522098631577,344.0896651263346,349.1140198930493,4.758427271765337,9.462544736823133,2.710445355280196
TD3_vanilla_extended_last (last checkpoint),battery_degradation,0.000462641726532596,0.00046500666436848667,0.00046440738215534785,0.0004640185910188102,1.2294721033006516e-06,2.3649378358906858e-06,0.5096644577748862
TD3_vanilla_extended_last (last checkpoint),total_energy_charged,199.12874481820745,200.17227639053152,200.3058526619492,199.86895795689603,0.6445132062936227,1.1771078437417373,0.5889398012449706
TD3_vanilla_extended_last (last checkpoint),energy_user_satisfaction,99.65260996916186,99.79552824630187,99.81561645180663,99.75458488909011,0.08888220981097421,0.16300648264477502,0.16340750936511853
