setting_A,setting_B,algorithm_A,algorithm_B,metric,mean_A,mean_B,diff_B_minus_A,ci_low,ci_high,ci_excludes_zero,n_pairs,n_clusters
base,base,RoundRobin,ChargeAsFastAsPossible,total_ev_served,13.44,13.44,0.0,0.0,0.0,False,100,50
base,base,RoundRobin,ChargeAsFastAsPossible,total_transformer_overload,0.0,14.224736566656393,14.224736566656393,9.578984011133345,19.275366721261026,True,100,50
base,base,RoundRobin,ChargeAsFastAsPossible,average_user_satisfaction,0.9990921428571429,1.0,0.0009078571428571447,0.0003740892857142826,0.001545270089285726,True,100,50
base,base,RoundRobin,ChargeAsFastAsPossible,min_energy_user_satisfaction,98.79914285714285,100.0,1.2008571428571433,0.5227071428571435,1.990728571428573,True,100,50
base,base,RoundRobin,ChargeAsFastAsPossible,tracking_error,13581.153658462878,56257.260319147725,42676.10666068484,39395.81373256015,45965.078774705435,True,100,50
base,base,RoundRobin,ChargeAsFastAsPossible,energy_tracking_error,145.6212052795089,382.0113863550796,236.39018107557072,227.79467632138508,245.2880718015147,True,100,50
base,base,RoundRobin,ChargeAsFastAsPossible,battery_degradation,0.000449894789712842,0.00047309245287231906,2.3197663159477004e-05,2.1845751292403254e-05,2.462767185101962e-05,True,100,50
base,base,RoundRobin,ChargeAsFastAsPossible,total_energy_charged,201.17140597007776,202.11607496056212,0.9446689904844399,0.46948848364191403,1.496332382212347,True,100,50
base,base,RoundRobin,ChargeAsFastAsPossible,energy_user_satisfaction,99.91518455354169,100.0,0.08481544645830467,0.03677991086294726,0.14045843524035637,True,100,50
base,base,RoundRobin,MPC_TrackingG2V,total_ev_served,13.44,13.44,0.0,0.0,0.0,False,100,50
base,base,RoundRobin,MPC_TrackingG2V,total_transformer_overload,0.0,0.0,0.0,0.0,0.0,False,100,50
base,base,RoundRobin,MPC_TrackingG2V,average_user_satisfaction,0.9990921428571429,1.0,0.0009078571428571447,0.0003740892857142826,0.001545270089285726,True,100,50
base,base,RoundRobin,MPC_TrackingG2V,min_energy_user_satisfaction,98.79914285714285,100.0,1.2008571428571433,0.5227071428571435,1.990728571428573,True,100,50
base,base,RoundRobin,MPC_TrackingG2V,tracking_error,13581.153658462878,8585.914429957855,-4995.239228505024,-5541.296541148634,-4502.512414971654,True,100,50
base,base,RoundRobin,MPC_TrackingG2V,energy_tracking_error,145.6212052795089,145.65514488444757,0.033939604938680645,-0.5079937258902044,0.5027880805978473,False,100,50
base,base,RoundRobin,MPC_TrackingG2V,battery_degradation,0.000449894789712842,0.00042485365254670904,-2.5041137166132995e-05,-2.7197793851098326e-05,-2.2929631002641204e-05,True,100,50
base,base,RoundRobin,MPC_TrackingG2V,total_energy_charged,201.17140597007776,201.13728366437968,-0.034122305698091965,-0.5029325879576818,0.5077846242792822,False,100,50
base,base,RoundRobin,MPC_TrackingG2V,energy_user_satisfaction,99.91518455354169,100.0,0.08481544645830467,0.03677991086294726,0.14045843524035637,True,100,50
base,base,RoundRobin,TD3_vanilla_extended_ts102,total_ev_served,13.44,13.44,0.0,0.0,0.0,False,100,50
base,base,RoundRobin,TD3_vanilla_extended_ts102,total_transformer_overload,0.0,3.577861550596378,3.577861550596378,1.7118620769927426,5.7138365458813745,True,100,50
base,base,RoundRobin,TD3_vanilla_extended_ts102,average_user_satisfaction,0.9990921428571429,0.9958723033843278,-0.0032198394728151845,-0.005132040964916453,-0.0015965927943468936,True,100,50
base,base,RoundRobin,TD3_vanilla_extended_ts102,min_energy_user_satisfaction,98.79914285714285,94.65143504437796,-4.147707812764906,-6.5614195791445455,-2.074022751276634,True,100,50
base,base,RoundRobin,TD3_vanilla_extended_ts102,tracking_error,13581.153658462878,41195.03347375601,27613.879815293138,25309.388635190247,29959.746636988453,True,100,50
base,base,RoundRobin,TD3_vanilla_extended_ts102,energy_tracking_error,145.6212052795089,332.7035319368937,187.0823266573848,178.29498198712673,195.52152066271898,True,100,50
base,base,RoundRobin,TD3_vanilla_extended_ts102,battery_degradation,0.000449894789712842,0.0004605190570496319,1.0624267336789999e-05,6.9265123324781975e-06,1.3814312164874526e-05,True,100,50
base,base,RoundRobin,TD3_vanilla_extended_ts102,total_energy_charged,201.17140597007776,197.88768688671814,-3.283719083359531,-5.369578988083177,-1.5506165189743917,True,100,50
base,base,RoundRobin,TD3_vanilla_extended_ts102,energy_user_satisfaction,99.91518455354169,99.5555988707519,-0.3595856827898159,-0.5737740051788516,-0.18119414080587254,True,100,50
base,base,RoundRobin,Optimal_Oracle_Tracking,total_ev_served,13.44,13.44,0.0,0.0,0.0,False,100,50
base,base,RoundRobin,Optimal_Oracle_Tracking,total_transformer_overload,0.0,0.0,0.0,0.0,0.0,False,100,50
base,base,RoundRobin,Optimal_Oracle_Tracking,average_user_satisfaction,0.9990921428571429,1.0,0.0009078571428571447,0.0003740892857142826,0.001545270089285726,True,100,50
base,base,RoundRobin,Optimal_Oracle_Tracking,min_energy_user_satisfaction,98.79914285714285,100.0,1.2008571428571433,0.5227071428571435,1.990728571428573,True,100,50
base,base,RoundRobin,Optimal_Oracle_Tracking,tracking_error,13581.153658462878,5936.919603217396,-7644.234055245483,-8469.307593267358,-6902.313294435654,True,100,50
base,base,RoundRobin,Optimal_Oracle_Tracking,energy_tracking_error,145.6212052795089,145.66263545069495,0.04143017118606991,-0.50161506955412,0.5104867876181262,False,100,50
base,base,RoundRobin,Optimal_Oracle_Tracking,battery_degradation,0.000449894789712842,0.00042093039189493206,-2.8964397817909995e-05,-3.12683996799945e-05,-2.6595840645806074e-05,True,100,50
base,base,RoundRobin,Optimal_Oracle_Tracking,total_energy_charged,201.17140597007776,201.12911002789812,-0.042295942179564464,-0.5113905255375073,0.500779715197413,False,100,50
base,base,RoundRobin,Optimal_Oracle_Tracking,energy_user_satisfaction,99.91518455354169,100.0,0.08481544645830467,0.03677991086294726,0.14045843524035637,True,100,50
spawn1.3,spawn1.3,RoundRobin,ChargeAsFastAsPossible,total_ev_served,14.75,14.75,0.0,0.0,0.0,False,100,50
spawn1.3,spawn1.3,RoundRobin,ChargeAsFastAsPossible,total_transformer_overload,0.0,24.049296169780877,24.049296169780877,17.862442322337504,30.626932831435173,True,100,50
spawn1.3,spawn1.3,RoundRobin,ChargeAsFastAsPossible,average_user_satisfaction,0.9988629166666668,1.0,0.0011370833333333309,0.0006220052083333324,0.0017375937499999959,True,100,50
spawn1.3,spawn1.3,RoundRobin,ChargeAsFastAsPossible,min_energy_user_satisfaction,98.17471428571429,100.0,1.8252857142857142,1.025964285714286,2.748864285714284,True,100,50
spawn1.3,spawn1.3,RoundRobin,ChargeAsFastAsPossible,tracking_error,16178.94429301408,66513.64748395373,50334.70319093966,46713.85019481749,54124.369636424766,True,100,50
spawn1.3,spawn1.3,RoundRobin,ChargeAsFastAsPossible,energy_tracking_error,164.33627332952688,419.23024551244566,254.89397218291873,245.81551437802085,264.1697216293973,True,100,50
spawn1.3,spawn1.3,RoundRobin,ChargeAsFastAsPossible,battery_degradation,0.0004987906579736921,0.0005246985885381051,2.5907930564413007e-05,2.4270622751893103e-05,2.7623545162688927e-05,True,100,50
spawn1.3,spawn1.3,RoundRobin,ChargeAsFastAsPossible,total_energy_charged,223.26128951026985,224.63056431184626,1.369274801576361,0.8083969780630887,2.0134973357478305,True,100,50
spawn1.3,spawn1.3,RoundRobin,ChargeAsFastAsPossible,energy_user_satisfaction,99.87789706207657,100.0,0.12210293792342114,0.06900812439398817,0.18385358939817129,True,100,50
spawn1.3,spawn1.3,RoundRobin,MPC_TrackingG2V,total_ev_served,14.75,14.75,0.0,0.0,0.0,False,100,50
spawn1.3,spawn1.3,RoundRobin,MPC_TrackingG2V,total_transformer_overload,0.0,0.0,0.0,0.0,0.0,False,100,50
spawn1.3,spawn1.3,RoundRobin,MPC_TrackingG2V,average_user_satisfaction,0.9988629166666668,1.0,0.0011370833333333309,0.0006220052083333324,0.0017375937499999959,True,100,50
spawn1.3,spawn1.3,RoundRobin,MPC_TrackingG2V,min_energy_user_satisfaction,98.17471428571429,100.0,1.8252857142857142,1.025964285714286,2.748864285714284,True,100,50
spawn1.3,spawn1.3,RoundRobin,MPC_TrackingG2V,tracking_error,16178.94429301408,10326.294751530037,-5852.649541484041,-6391.32992265114,-5348.855146077327,True,100,50
spawn1.3,spawn1.3,RoundRobin,MPC_TrackingG2V,energy_tracking_error,164.33627332952688,164.05651505935595,-0.2797582701709348,-0.9197723334698424,0.2751294517046765,False,100,50
spawn1.3,spawn1.3,RoundRobin,MPC_TrackingG2V,battery_degradation,0.0004987906579736921,0.000470951254237039,-2.7839403736652992e-05,-2.9948961065987296e-05,-2.5723430282961165e-05,True,100,50
spawn1.3,spawn1.3,RoundRobin,MPC_TrackingG2V,total_energy_charged,223.26128951026985,223.54087210894744,0.279582598677629,-0.27529547468988247,0.9196152688960725,False,100,50
spawn1.3,spawn1.3,RoundRobin,MPC_TrackingG2V,energy_user_satisfaction,99.87789706207657,100.0,0.12210293792342114,0.06900812439398817,0.18385358939817129,True,100,50
spawn1.3,spawn1.3,RoundRobin,TD3_vanilla_extended_ts102,total_ev_served,14.75,14.75,0.0,0.0,0.0,False,100,50
spawn1.3,spawn1.3,RoundRobin,TD3_vanilla_extended_ts102,total_transformer_overload,0.0,4.168447502491244,4.168447502491244,2.138098097335437,6.449885644274885,True,100,50
spawn1.3,spawn1.3,RoundRobin,TD3_vanilla_extended_ts102,average_user_satisfaction,0.9988629166666668,0.9970856436803709,-0.001777272986295716,-0.0033469564942213473,-0.00038530668361947133,True,100,50
spawn1.3,spawn1.3,RoundRobin,TD3_vanilla_extended_ts102,min_energy_user_satisfaction,98.17471428571429,95.813111514669,-2.3616027710452845,-4.573112901823395,-0.34709397065973263,True,100,50
spawn1.3,spawn1.3,RoundRobin,TD3_vanilla_extended_ts102,tracking_error,16178.94429301408,48531.49256739742,32352.548274383345,29938.980797124168,34918.225863805485,True,100,50
spawn1.3,spawn1.3,RoundRobin,TD3_vanilla_extended_ts102,energy_tracking_error,164.33627332952688,363.8699307939623,199.53365746443535,190.9346244156324,208.35632432896608,True,100,50
spawn1.3,spawn1.3,RoundRobin,TD3_vanilla_extended_ts102,battery_degradation,0.0004987906579736921,0.000514106242104721,1.5315584131029e-05,1.267533800871028e-05,1.774895549334198e-05,True,100,50
spawn1.3,spawn1.3,RoundRobin,TD3_vanilla_extended_ts102,total_energy_charged,223.26128951026985,221.54203170036777,-1.7192578099020628,-3.283239197375445,-0.29593110140554757,True,100,50
spawn1.3,spawn1.3,RoundRobin,TD3_vanilla_extended_ts102,energy_user_satisfaction,99.87789706207657,99.70284502902145,-0.17505203305513548,-0.3255564305087412,-0.036506149454581326,True,100,50
spawn1.3,spawn1.3,RoundRobin,Optimal_Oracle_Tracking,total_ev_served,14.75,14.75,0.0,0.0,0.0,False,100,50
spawn1.3,spawn1.3,RoundRobin,Optimal_Oracle_Tracking,total_transformer_overload,0.0,0.0,0.0,0.0,0.0,False,100,50
spawn1.3,spawn1.3,RoundRobin,Optimal_Oracle_Tracking,average_user_satisfaction,0.9988629166666668,1.0,0.0011370833333333309,0.0006220052083333324,0.0017375937499999959,True,100,50
spawn1.3,spawn1.3,RoundRobin,Optimal_Oracle_Tracking,min_energy_user_satisfaction,98.17471428571429,100.0,1.8252857142857142,1.025964285714286,2.748864285714284,True,100,50
spawn1.3,spawn1.3,RoundRobin,Optimal_Oracle_Tracking,tracking_error,16178.94429301408,7280.132804604555,-8898.811488409525,-9626.393148746023,-8185.486405385841,True,100,50
spawn1.3,spawn1.3,RoundRobin,Optimal_Oracle_Tracking,energy_tracking_error,164.33627332952688,164.04922209894457,-0.2870512305823165,-0.9286636935127517,0.2653838340733347,False,100,50
spawn1.3,spawn1.3,RoundRobin,Optimal_Oracle_Tracking,battery_degradation,0.0004987906579736921,0.00046679068771530703,-3.199997025838499e-05,-3.4362885375753975e-05,-2.9636202917160263e-05,True,100,50
spawn1.3,spawn1.3,RoundRobin,Optimal_Oracle_Tracking,total_energy_charged,223.26128951026985,223.54751044315654,0.28622093288669587,-0.2662606694004844,0.9278312675065062,False,100,50
spawn1.3,spawn1.3,RoundRobin,Optimal_Oracle_Tracking,energy_user_satisfaction,99.87789706207657,100.0,0.12210293792342114,0.06900812439398817,0.18385358939817129,True,100,50
spawn1.6,spawn1.6,RoundRobin,ChargeAsFastAsPossible,total_ev_served,15.59,15.59,0.0,0.0,0.0,False,100,50
spawn1.6,spawn1.6,RoundRobin,ChargeAsFastAsPossible,total_transformer_overload,0.0,26.40136129526941,26.40136129526941,20.495956387467494,32.39986143661903,True,100,50
spawn1.6,spawn1.6,RoundRobin,ChargeAsFastAsPossible,average_user_satisfaction,0.9992978571428572,1.0,0.0007021428571428556,0.0002788087797619022,0.0012247715773809527,True,100,50
spawn1.6,spawn1.6,RoundRobin,ChargeAsFastAsPossible,min_energy_user_satisfaction,98.77714285714285,100.0,1.2228571428571426,0.5037035714285715,2.1152999999999995,True,100,50
spawn1.6,spawn1.6,RoundRobin,ChargeAsFastAsPossible,tracking_error,18249.548561380027,72278.72377717373,54029.175215793686,50502.82186443474,57706.47704985832,True,100,50
spawn1.6,spawn1.6,RoundRobin,ChargeAsFastAsPossible,energy_tracking_error,174.73513569815302,442.58446787489714,267.8493321767442,258.5564900296312,277.6424227778685,True,100,50
spawn1.6,spawn1.6,RoundRobin,ChargeAsFastAsPossible,battery_degradation,0.000530514217519776,0.000556336050487576,2.58218329678e-05,2.4623303786748308e-05,2.7079074857022558e-05,True,100,50
spawn1.6,spawn1.6,RoundRobin,ChargeAsFastAsPossible,total_energy_charged,238.51392697764769,239.46579264011905,0.9518656624713699,0.4474964427934188,1.576728215317331,True,100,50
spawn1.6,spawn1.6,RoundRobin,ChargeAsFastAsPossible,energy_user_satisfaction,99.92103107743097,100.0,0.07896892256902788,0.03199039315726397,0.13729195053021265,True,100,50
spawn1.6,spawn1.6,RoundRobin,MPC_TrackingG2V,total_ev_served,15.59,15.59,0.0,0.0,0.0,False,100,50
spawn1.6,spawn1.6,RoundRobin,MPC_TrackingG2V,total_transformer_overload,0.0,0.0,0.0,0.0,0.0,False,100,50
spawn1.6,spawn1.6,RoundRobin,MPC_TrackingG2V,average_user_satisfaction,0.9992978571428572,1.0,0.0007021428571428556,0.0002788087797619022,0.0012247715773809527,True,100,50
spawn1.6,spawn1.6,RoundRobin,MPC_TrackingG2V,min_energy_user_satisfaction,98.77714285714285,100.0,1.2228571428571426,0.5037035714285715,2.1152999999999995,True,100,50
spawn1.6,spawn1.6,RoundRobin,MPC_TrackingG2V,tracking_error,18249.548561380027,11688.718323643865,-6560.830237736163,-7128.326697229328,-6019.801128831199,True,100,50
spawn1.6,spawn1.6,RoundRobin,MPC_TrackingG2V,energy_tracking_error,174.73513569815302,174.95287599137424,0.21774029322117527,-0.4166980368524143,0.7284032731175275,False,100,50
spawn1.6,spawn1.6,RoundRobin,MPC_TrackingG2V,battery_degradation,0.000530514217519776,0.000497493809720554,-3.3020407799221995e-05,-3.549955367093714e-05,-3.058896101706856e-05,True,100,50
spawn1.6,spawn1.6,RoundRobin,MPC_TrackingG2V,total_energy_charged,238.51392697764769,238.296033869295,-0.2178931083526632,-0.7285530755284151,0.4165781679165294,False,100,50
spawn1.6,spawn1.6,RoundRobin,MPC_TrackingG2V,energy_user_satisfaction,99.92103107743097,100.0,0.07896892256902788,0.03199039315726397,0.13729195053021265,True,100,50
spawn1.6,spawn1.6,RoundRobin,TD3_vanilla_extended_ts102,total_ev_served,15.59,15.59,0.0,0.0,0.0,False,100,50
spawn1.6,spawn1.6,RoundRobin,TD3_vanilla_extended_ts102,total_transformer_overload,0.0,7.36941698993143,7.36941698993143,4.435810335327727,10.592845371256043,True,100,50
spawn1.6,spawn1.6,RoundRobin,TD3_vanilla_extended_ts102,average_user_satisfaction,0.9992978571428572,0.9983488190600113,-0.0009490380828457911,-0.0021103632316553087,4.918377976190361e-05,False,100,50
spawn1.6,spawn1.6,RoundRobin,TD3_vanilla_extended_ts102,min_energy_user_satisfaction,98.77714285714285,97.12682478173245,-1.6503180754104085,-3.6410615233138306,0.06011822963587178,False,100,50
spawn1.6,spawn1.6,RoundRobin,TD3_vanilla_extended_ts102,tracking_error,18249.548561380027,51689.78476016693,33440.2361987869,30921.90072990565,36077.48912749731,True,100,50
spawn1.6,spawn1.6,RoundRobin,TD3_vanilla_extended_ts102,energy_tracking_error,174.73513569815302,378.3469825116964,203.6118468135433,194.1103828779202,213.4418109013587,True,100,50
spawn1.6,spawn1.6,RoundRobin,TD3_vanilla_extended_ts102,battery_degradation,0.000530514217519776,0.0005472123641810059,1.6698146661230003e-05,1.4113401481886612e-05,1.906050737087753e-05,True,100,50
spawn1.6,spawn1.6,RoundRobin,TD3_vanilla_extended_ts102,total_energy_charged,238.51392697764769,237.32947515426176,-1.1844518233859083,-2.652088408495527,0.06623872579407766,False,100,50
spawn1.6,spawn1.6,RoundRobin,TD3_vanilla_extended_ts102,energy_user_satisfaction,99.92103107743097,99.80771504793536,-0.11331602949560889,-0.244650106146417,-0.00018734897822397735,True,100,50
spawn1.6,spawn1.6,RoundRobin,Optimal_Oracle_Tracking,total_ev_served,15.59,15.59,0.0,0.0,0.0,False,100,50
spawn1.6,spawn1.6,RoundRobin,Optimal_Oracle_Tracking,total_transformer_overload,0.0,0.0,0.0,0.0,0.0,False,100,50
spawn1.6,spawn1.6,RoundRobin,Optimal_Oracle_Tracking,average_user_satisfaction,0.9992978571428572,1.0,0.0007021428571428556,0.0002788087797619022,0.0012247715773809527,True,100,50
spawn1.6,spawn1.6,RoundRobin,Optimal_Oracle_Tracking,min_energy_user_satisfaction,98.77714285714285,100.0,1.2228571428571426,0.5037035714285715,2.1152999999999995,True,100,50
spawn1.6,spawn1.6,RoundRobin,Optimal_Oracle_Tracking,tracking_error,18249.548561380027,8213.713340468574,-10035.835220911455,-10860.173051991873,-9253.178477854291,True,100,50
spawn1.6,spawn1.6,RoundRobin,Optimal_Oracle_Tracking,energy_tracking_error,174.73513569815302,174.92362538164346,0.18848968349046744,-0.4373738815170714,0.6974173077098513,False,100,50
spawn1.6,spawn1.6,RoundRobin,Optimal_Oracle_Tracking,battery_degradation,0.000530514217519776,0.0004944242131082318,-3.6090004411543994e-05,-3.8786756290755056e-05,-3.346154824401143e-05,True,100,50
spawn1.6,spawn1.6,RoundRobin,Optimal_Oracle_Tracking,total_energy_charged,238.51392697764769,238.3245577799147,-0.18936919773296323,-0.6983031146891089,0.43651786775789975,False,100,50
spawn1.6,spawn1.6,RoundRobin,Optimal_Oracle_Tracking,energy_user_satisfaction,99.92103107743097,100.0,0.07896892256902788,0.03199039315726397,0.13729195053021265,True,100,50
load1.3,load1.3,RoundRobin,ChargeAsFastAsPossible,total_ev_served,13.44,13.44,0.0,0.0,0.0,False,100,50
load1.3,load1.3,RoundRobin,ChargeAsFastAsPossible,total_transformer_overload,0.0,14.224736566656393,14.224736566656393,9.578984011133345,19.275366721261026,True,100,50
load1.3,load1.3,RoundRobin,ChargeAsFastAsPossible,average_user_satisfaction,0.9990921428571429,1.0,0.0009078571428571447,0.0003740892857142826,0.001545270089285726,True,100,50
load1.3,load1.3,RoundRobin,ChargeAsFastAsPossible,min_energy_user_satisfaction,98.79914285714285,100.0,1.2008571428571433,0.5227071428571435,1.990728571428573,True,100,50
load1.3,load1.3,RoundRobin,ChargeAsFastAsPossible,tracking_error,13581.153658462878,56257.260319147725,42676.10666068484,39395.81373256015,45965.078774705435,True,100,50
load1.3,load1.3,RoundRobin,ChargeAsFastAsPossible,energy_tracking_error,145.6212052795089,382.0113863550796,236.39018107557072,227.79467632138508,245.2880718015147,True,100,50
load1.3,load1.3,RoundRobin,ChargeAsFastAsPossible,battery_degradation,0.000449894789712842,0.00047309245287231906,2.3197663159477004e-05,2.1845751292403254e-05,2.462767185101962e-05,True,100,50
load1.3,load1.3,RoundRobin,ChargeAsFastAsPossible,total_energy_charged,201.17140597007776,202.11607496056212,0.9446689904844399,0.46948848364191403,1.496332382212347,True,100,50
load1.3,load1.3,RoundRobin,ChargeAsFastAsPossible,energy_user_satisfaction,99.91518455354169,100.0,0.08481544645830467,0.03677991086294726,0.14045843524035637,True,100,50
load1.3,load1.3,RoundRobin,MPC_TrackingG2V,total_ev_served,13.44,13.44,0.0,0.0,0.0,False,100,50
load1.3,load1.3,RoundRobin,MPC_TrackingG2V,total_transformer_overload,0.0,0.0,0.0,0.0,0.0,False,100,50
load1.3,load1.3,RoundRobin,MPC_TrackingG2V,average_user_satisfaction,0.9990921428571429,1.0,0.0009078571428571447,0.0003740892857142826,0.001545270089285726,True,100,50
load1.3,load1.3,RoundRobin,MPC_TrackingG2V,min_energy_user_satisfaction,98.79914285714285,100.0,1.2008571428571433,0.5227071428571435,1.990728571428573,True,100,50
load1.3,load1.3,RoundRobin,MPC_TrackingG2V,tracking_error,13581.153658462878,8585.914429957855,-4995.239228505024,-5541.296541148634,-4502.512414971654,True,100,50
load1.3,load1.3,RoundRobin,MPC_TrackingG2V,energy_tracking_error,145.6212052795089,145.65514488444757,0.033939604938680645,-0.5079937258902044,0.5027880805978473,False,100,50
load1.3,load1.3,RoundRobin,MPC_TrackingG2V,battery_degradation,0.000449894789712842,0.00042485365254670904,-2.5041137166132995e-05,-2.7197793851098326e-05,-2.2929631002641204e-05,True,100,50
load1.3,load1.3,RoundRobin,MPC_TrackingG2V,total_energy_charged,201.17140597007776,201.13728366437968,-0.034122305698091965,-0.5029325879576818,0.5077846242792822,False,100,50
load1.3,load1.3,RoundRobin,MPC_TrackingG2V,energy_user_satisfaction,99.91518455354169,100.0,0.08481544645830467,0.03677991086294726,0.14045843524035637,True,100,50
load1.3,load1.3,RoundRobin,TD3_vanilla_extended_ts102,total_ev_served,13.44,13.44,0.0,0.0,0.0,False,100,50
load1.3,load1.3,RoundRobin,TD3_vanilla_extended_ts102,total_transformer_overload,0.0,3.577861550596378,3.577861550596378,1.7118620769927426,5.7138365458813745,True,100,50
load1.3,load1.3,RoundRobin,TD3_vanilla_extended_ts102,average_user_satisfaction,0.9990921428571429,0.9958723033843278,-0.0032198394728151845,-0.005132040964916453,-0.0015965927943468936,True,100,50
load1.3,load1.3,RoundRobin,TD3_vanilla_extended_ts102,min_energy_user_satisfaction,98.79914285714285,94.65143504437796,-4.147707812764906,-6.5614195791445455,-2.074022751276634,True,100,50
load1.3,load1.3,RoundRobin,TD3_vanilla_extended_ts102,tracking_error,13581.153658462878,41195.03347375601,27613.879815293138,25309.388635190247,29959.746636988453,True,100,50
load1.3,load1.3,RoundRobin,TD3_vanilla_extended_ts102,energy_tracking_error,145.6212052795089,332.7035319368937,187.0823266573848,178.29498198712673,195.52152066271898,True,100,50
load1.3,load1.3,RoundRobin,TD3_vanilla_extended_ts102,battery_degradation,0.000449894789712842,0.0004605190570496319,1.0624267336789999e-05,6.9265123324781975e-06,1.3814312164874526e-05,True,100,50
load1.3,load1.3,RoundRobin,TD3_vanilla_extended_ts102,total_energy_charged,201.17140597007776,197.88768688671814,-3.283719083359531,-5.369578988083177,-1.5506165189743917,True,100,50
load1.3,load1.3,RoundRobin,TD3_vanilla_extended_ts102,energy_user_satisfaction,99.91518455354169,99.5555988707519,-0.3595856827898159,-0.5737740051788516,-0.18119414080587254,True,100,50
load1.3,load1.3,RoundRobin,Optimal_Oracle_Tracking,total_ev_served,13.44,13.44,0.0,0.0,0.0,False,100,50
load1.3,load1.3,RoundRobin,Optimal_Oracle_Tracking,total_transformer_overload,0.0,0.0,0.0,0.0,0.0,False,100,50
load1.3,load1.3,RoundRobin,Optimal_Oracle_Tracking,average_user_satisfaction,0.9990921428571429,1.0,0.0009078571428571447,0.0003740892857142826,0.001545270089285726,True,100,50
load1.3,load1.3,RoundRobin,Optimal_Oracle_Tracking,min_energy_user_satisfaction,98.79914285714285,100.0,1.2008571428571433,0.5227071428571435,1.990728571428573,True,100,50
load1.3,load1.3,RoundRobin,Optimal_Oracle_Tracking,tracking_error,13581.153658462878,5936.919603217396,-7644.234055245483,-8469.307593267358,-6902.313294435654,True,100,50
load1.3,load1.3,RoundRobin,Optimal_Oracle_Tracking,energy_tracking_error,145.6212052795089,145.66263545069495,0.04143017118606991,-0.50161506955412,0.5104867876181262,False,100,50
load1.3,load1.3,RoundRobin,Optimal_Oracle_Tracking,battery_degradation,0.000449894789712842,0.00042093039189493206,-2.8964397817909995e-05,-3.12683996799945e-05,-2.6595840645806074e-05,True,100,50
load1.3,load1.3,RoundRobin,Optimal_Oracle_Tracking,total_energy_charged,201.17140597007776,201.12911002789812,-0.042295942179564464,-0.5113905255375073,0.500779715197413,False,100,50
load1.3,load1.3,RoundRobin,Optimal_Oracle_Tracking,energy_user_satisfaction,99.91518455354169,100.0,0.08481544645830467,0.03677991086294726,0.14045843524035637,True,100,50
load1.6,load1.6,RoundRobin,ChargeAsFastAsPossible,total_ev_served,13.44,13.44,0.0,0.0,0.0,False,100,50
load1.6,load1.6,RoundRobin,ChargeAsFastAsPossible,total_transformer_overload,0.0,14.224736566656391,14.224736566656391,9.578984011133345,19.275366721261026,True,100,50
load1.6,load1.6,RoundRobin,ChargeAsFastAsPossible,average_user_satisfaction,0.9990921428571427,1.0,0.0009078571428571447,0.0003740892857142826,0.001545270089285726,True,100,50
load1.6,load1.6,RoundRobin,ChargeAsFastAsPossible,min_energy_user_satisfaction,98.79914285714285,100.0,1.2008571428571433,0.5227071428571435,1.990728571428573,True,100,50
load1.6,load1.6,RoundRobin,ChargeAsFastAsPossible,tracking_error,13581.153658462874,56257.260319147725,42676.10666068484,39395.81373256016,45965.07877470544,True,100,50
load1.6,load1.6,RoundRobin,ChargeAsFastAsPossible,energy_tracking_error,145.6212052795089,382.01138635507965,236.39018107557072,227.79467632138508,245.2880718015147,True,100,50
load1.6,load1.6,RoundRobin,ChargeAsFastAsPossible,battery_degradation,0.00044989478971284205,0.00047309245287231895,2.3197663159477004e-05,2.1845751292403254e-05,2.462767185101962e-05,True,100,50
load1.6,load1.6,RoundRobin,ChargeAsFastAsPossible,total_energy_charged,201.17140597007767,202.11607496056214,0.9446689904844399,0.46948848364191403,1.496332382212347,True,100,50
load1.6,load1.6,RoundRobin,ChargeAsFastAsPossible,energy_user_satisfaction,99.91518455354169,100.0,0.08481544645830467,0.03677991086294726,0.14045843524035637,True,100,50
load1.6,load1.6,RoundRobin,MPC_TrackingG2V,total_ev_served,13.44,13.44,0.0,0.0,0.0,False,100,50
load1.6,load1.6,RoundRobin,MPC_TrackingG2V,total_transformer_overload,0.0,0.0,0.0,0.0,0.0,False,100,50
load1.6,load1.6,RoundRobin,MPC_TrackingG2V,average_user_satisfaction,0.9990921428571427,1.0,0.0009078571428571447,0.0003740892857142826,0.001545270089285726,True,100,50
load1.6,load1.6,RoundRobin,MPC_TrackingG2V,min_energy_user_satisfaction,98.79914285714285,100.0,1.2008571428571433,0.5227071428571435,1.990728571428573,True,100,50
load1.6,load1.6,RoundRobin,MPC_TrackingG2V,tracking_error,13581.153658462874,8585.914429957855,-4995.239228505025,-5541.296541148635,-4502.512414971654,True,100,50
load1.6,load1.6,RoundRobin,MPC_TrackingG2V,energy_tracking_error,145.6212052795089,145.65514488444757,0.033939604938680645,-0.5079937258902044,0.5027880805978473,False,100,50
load1.6,load1.6,RoundRobin,MPC_TrackingG2V,battery_degradation,0.00044989478971284205,0.00042485365254670904,-2.5041137166133e-05,-2.7197793851098326e-05,-2.2929631002641204e-05,True,100,50
load1.6,load1.6,RoundRobin,MPC_TrackingG2V,total_energy_charged,201.17140597007767,201.13728366437965,-0.034122305698091965,-0.5029325879576818,0.5077846242792822,False,100,50
load1.6,load1.6,RoundRobin,MPC_TrackingG2V,energy_user_satisfaction,99.91518455354169,100.0,0.08481544645830467,0.03677991086294726,0.14045843524035637,True,100,50
load1.6,load1.6,RoundRobin,TD3_vanilla_extended_ts102,total_ev_served,13.44,13.44,0.0,0.0,0.0,False,100,50
load1.6,load1.6,RoundRobin,TD3_vanilla_extended_ts102,total_transformer_overload,0.0,3.5778615505963773,3.5778615505963773,1.7118620769927426,5.7138365458813745,True,100,50
load1.6,load1.6,RoundRobin,TD3_vanilla_extended_ts102,average_user_satisfaction,0.9990921428571427,0.9958723033843278,-0.0032198394728151845,-0.005132040964916453,-0.0015965927943468936,True,100,50
load1.6,load1.6,RoundRobin,TD3_vanilla_extended_ts102,min_energy_user_satisfaction,98.79914285714285,94.65143504437793,-4.147707812764906,-6.5614195791445455,-2.074022751276634,True,100,50
load1.6,load1.6,RoundRobin,TD3_vanilla_extended_ts102,tracking_error,13581.153658462874,41195.03347375602,27613.87981529313,25309.388635190247,29959.746636988453,True,100,50
load1.6,load1.6,RoundRobin,TD3_vanilla_extended_ts102,energy_tracking_error,145.6212052795089,332.7035319368937,187.08232665738475,178.29498198712673,195.52152066271898,True,100,50
load1.6,load1.6,RoundRobin,TD3_vanilla_extended_ts102,battery_degradation,0.00044989478971284205,0.00046051905704963205,1.0624267336789999e-05,6.9265123324781975e-06,1.3814312164874526e-05,True,100,50
load1.6,load1.6,RoundRobin,TD3_vanilla_extended_ts102,total_energy_charged,201.17140597007767,197.88768688671814,-3.2837190833595304,-5.369578988083177,-1.5506165189743917,True,100,50
load1.6,load1.6,RoundRobin,TD3_vanilla_extended_ts102,energy_user_satisfaction,99.91518455354169,99.55559887075188,-0.3595856827898159,-0.5737740051788516,-0.18119414080587254,True,100,50
load1.6,load1.6,RoundRobin,Optimal_Oracle_Tracking,total_ev_served,13.44,13.44,0.0,0.0,0.0,False,100,50
load1.6,load1.6,RoundRobin,Optimal_Oracle_Tracking,total_transformer_overload,0.0,0.0,0.0,0.0,0.0,False,100,50
load1.6,load1.6,RoundRobin,Optimal_Oracle_Tracking,average_user_satisfaction,0.9990921428571427,1.0,0.0009078571428571447,0.0003740892857142826,0.001545270089285726,True,100,50
load1.6,load1.6,RoundRobin,Optimal_Oracle_Tracking,min_energy_user_satisfaction,98.79914285714285,100.0,1.2008571428571433,0.5227071428571435,1.990728571428573,True,100,50
load1.6,load1.6,RoundRobin,Optimal_Oracle_Tracking,tracking_error,13581.153658462874,5936.919603217397,-7644.2340552454825,-8469.30759326736,-6902.313294435654,True,100,50
load1.6,load1.6,RoundRobin,Optimal_Oracle_Tracking,energy_tracking_error,145.6212052795089,145.66263545069495,0.04143017118606991,-0.50161506955412,0.5104867876181262,False,100,50
load1.6,load1.6,RoundRobin,Optimal_Oracle_Tracking,battery_degradation,0.00044989478971284205,0.000420930391894932,-2.8964397817909998e-05,-3.12683996799945e-05,-2.6595840645806074e-05,True,100,50
load1.6,load1.6,RoundRobin,Optimal_Oracle_Tracking,total_energy_charged,201.17140597007767,201.12911002789818,-0.042295942179564464,-0.5113905255375073,0.500779715197413,False,100,50
load1.6,load1.6,RoundRobin,Optimal_Oracle_Tracking,energy_user_satisfaction,99.91518455354169,100.0,0.08481544645830467,0.03677991086294726,0.14045843524035637,True,100,50
