run_id,config_name,setting,algorithm,seed,eval_day,day_type,lib_voltage_violation,lib_voltage_violation_counter,n_steps,n_bus_steps_outside,n_steps_any_bus_outside,min_voltage_pu,max_voltage_pu,worst_bus,excursion_pu_steps,station_bus_min_voltage_pu,station_bus_steps_outside,load_multiplier
station_v0_bogota_grid_probe_sp30_lm0.5__ChargeAsFastAsPossible__seed0__2022-01-17,station_v0_bogota_grid_probe_sp30_lm0.5,probe_lm0.5,ChargeAsFastAsPossible,0,2022-01-17,weekday,0.0,0,96,0,0,0.9716067655201563,1.0,27,0.0,0.9716067655201563,0,0.5
station_v0_bogota_grid_probe_sp30_lm0.5__RoundRobin__seed0__2022-01-17,station_v0_bogota_grid_probe_sp30_lm0.5,probe_lm0.5,RoundRobin,0,2022-01-17,weekday,0.0,0,96,0,0,0.9730988919592274,1.0,27,0.0,0.9730988919592274,0,0.5
station_v0_bogota_grid_probe_sp30_lm0.5__ChargeAsFastAsPossible__seed0__2022-03-05,station_v0_bogota_grid_probe_sp30_lm0.5,probe_lm0.5,ChargeAsFastAsPossible,0,2022-03-05,weekend,0.0,0,96,0,0,0.9779068068256714,1.0179664797738894,27,0.0,0.9779068068256714,0,0.5
station_v0_bogota_grid_probe_sp30_lm0.5__RoundRobin__seed0__2022-03-05,station_v0_bogota_grid_probe_sp30_lm0.5,probe_lm0.5,RoundRobin,0,2022-03-05,weekend,0.0,0,96,0,0,0.9766822225541246,1.0176923576178603,27,0.0,0.9766822225541246,0,0.5
station_v0_bogota_grid_probe_sp30_lm0.5__ChargeAsFastAsPossible__seed1__2022-01-17,station_v0_bogota_grid_probe_sp30_lm0.5,probe_lm0.5,ChargeAsFastAsPossible,1,2022-01-17,weekday,0.0,0,96,0,0,0.9657673890065991,1.0,27,0.0,0.9657673890065991,0,0.5
station_v0_bogota_grid_probe_sp30_lm0.5__RoundRobin__seed1__2022-01-17,station_v0_bogota_grid_probe_sp30_lm0.5,probe_lm0.5,RoundRobin,1,2022-01-17,weekday,0.0,0,96,0,0,0.9664835510914648,1.0,27,0.0,0.9664835510914648,0,0.5
station_v0_bogota_grid_probe_sp30_lm0.5__ChargeAsFastAsPossible__seed1__2022-03-05,station_v0_bogota_grid_probe_sp30_lm0.5,probe_lm0.5,ChargeAsFastAsPossible,1,2022-03-05,weekend,0.0,0,96,0,0,0.9699384145902323,1.0121787979233705,27,0.0,0.9699384145902323,0,0.5
station_v0_bogota_grid_probe_sp30_lm0.5__RoundRobin__seed1__2022-03-05,station_v0_bogota_grid_probe_sp30_lm0.5,probe_lm0.5,RoundRobin,1,2022-03-05,weekend,0.0,0,96,0,0,0.9699384145902323,1.0120653791544467,27,0.0,0.9699384145902323,0,0.5
station_v0_bogota_grid_probe_sp30_lm0.5__ChargeAsFastAsPossible__seed2__2022-01-17,station_v0_bogota_grid_probe_sp30_lm0.5,probe_lm0.5,ChargeAsFastAsPossible,2,2022-01-17,weekday,0.0,0,96,0,0,0.9704207170627102,1.0,27,0.0,0.9704207170627102,0,0.5
station_v0_bogota_grid_probe_sp30_lm0.5__RoundRobin__seed2__2022-01-17,station_v0_bogota_grid_probe_sp30_lm0.5,probe_lm0.5,RoundRobin,2,2022-01-17,weekday,0.0,0,96,0,0,0.9713039852403244,1.0,27,0.0,0.9713039852403244,0,0.5
station_v0_bogota_grid_probe_sp30_lm0.5__ChargeAsFastAsPossible__seed2__2022-03-05,station_v0_bogota_grid_probe_sp30_lm0.5,probe_lm0.5,ChargeAsFastAsPossible,2,2022-03-05,weekend,0.0,0,96,0,0,0.9770742763893323,1.020070909742688,27,0.0,0.9770742763893323,0,0.5
station_v0_bogota_grid_probe_sp30_lm0.5__RoundRobin__seed2__2022-03-05,station_v0_bogota_grid_probe_sp30_lm0.5,probe_lm0.5,RoundRobin,2,2022-03-05,weekend,0.0,0,96,0,0,0.9773651702826166,1.0198475127961109,27,0.0,0.9773651702826166,0,0.5
station_v0_bogota_grid_probe_sp30_lm0.5__ChargeAsFastAsPossible__seed3__2022-01-17,station_v0_bogota_grid_probe_sp30_lm0.5,probe_lm0.5,ChargeAsFastAsPossible,3,2022-01-17,weekday,0.0,0,96,0,0,0.9753594204274841,1.0,27,0.0,0.9753594204274841,0,0.5
station_v0_bogota_grid_probe_sp30_lm0.5__RoundRobin__seed3__2022-01-17,station_v0_bogota_grid_probe_sp30_lm0.5,probe_lm0.5,RoundRobin,3,2022-01-17,weekday,0.0,0,96,0,0,0.9756962454329379,1.0,27,0.0,0.9756962454329379,0,0.5
station_v0_bogota_grid_probe_sp30_lm0.5__ChargeAsFastAsPossible__seed3__2022-03-05,station_v0_bogota_grid_probe_sp30_lm0.5,probe_lm0.5,ChargeAsFastAsPossible,3,2022-03-05,weekend,0.0,0,96,0,0,0.9734184515964237,1.013867764301286,27,0.0,0.9734184515964237,0,0.5
station_v0_bogota_grid_probe_sp30_lm0.5__RoundRobin__seed3__2022-03-05,station_v0_bogota_grid_probe_sp30_lm0.5,probe_lm0.5,RoundRobin,3,2022-03-05,weekend,0.0,0,96,0,0,0.9732303015650892,1.0142728645501273,27,0.0,0.9732303015650892,0,0.5
station_v0_bogota_grid_probe_sp30_lm0.5__ChargeAsFastAsPossible__seed4__2022-01-17,station_v0_bogota_grid_probe_sp30_lm0.5,probe_lm0.5,ChargeAsFastAsPossible,4,2022-01-17,weekday,0.0,0,96,0,0,0.9748731569902789,1.0,27,0.0,0.9748731569902789,0,0.5
station_v0_bogota_grid_probe_sp30_lm0.5__RoundRobin__seed4__2022-01-17,station_v0_bogota_grid_probe_sp30_lm0.5,probe_lm0.5,RoundRobin,4,2022-01-17,weekday,0.0,0,96,0,0,0.9754679131954161,1.0,27,0.0,0.9754679131954161,0,0.5
station_v0_bogota_grid_probe_sp30_lm0.5__ChargeAsFastAsPossible__seed4__2022-03-05,station_v0_bogota_grid_probe_sp30_lm0.5,probe_lm0.5,ChargeAsFastAsPossible,4,2022-03-05,weekend,0.0,0,96,0,0,0.9697503219624001,1.0119075220083347,27,0.0,0.9697503219624001,0,0.5
station_v0_bogota_grid_probe_sp30_lm0.5__RoundRobin__seed4__2022-03-05,station_v0_bogota_grid_probe_sp30_lm0.5,probe_lm0.5,RoundRobin,4,2022-03-05,weekend,0.0,0,96,0,0,0.9697495972085973,1.0118868949705488,27,0.0,0.9697495972085973,0,0.5
station_v0_bogota_grid_probe_sp30_lm0.5__ChargeAsFastAsPossible__seed5__2022-01-17,station_v0_bogota_grid_probe_sp30_lm0.5,probe_lm0.5,ChargeAsFastAsPossible,5,2022-01-17,weekday,0.0,0,96,0,0,0.9690365682525421,1.0,27,0.0,0.9690365682525421,0,0.5
station_v0_bogota_grid_probe_sp30_lm0.5__RoundRobin__seed5__2022-01-17,station_v0_bogota_grid_probe_sp30_lm0.5,probe_lm0.5,RoundRobin,5,2022-01-17,weekday,0.0,0,96,0,0,0.9696882498164971,1.0,27,0.0,0.9696882498164971,0,0.5
station_v0_bogota_grid_probe_sp30_lm0.5__ChargeAsFastAsPossible__seed5__2022-03-05,station_v0_bogota_grid_probe_sp30_lm0.5,probe_lm0.5,ChargeAsFastAsPossible,5,2022-03-05,weekend,0.0,0,96,0,0,0.975646851811705,1.0149871920431923,27,0.0,0.975646851811705,0,0.5
station_v0_bogota_grid_probe_sp30_lm0.5__RoundRobin__seed5__2022-03-05,station_v0_bogota_grid_probe_sp30_lm0.5,probe_lm0.5,RoundRobin,5,2022-03-05,weekend,0.0,0,96,0,0,0.975436429005306,1.0146808161119647,27,0.0,0.975436429005306,0,0.5
station_v0_bogota_grid_probe_sp30_lm0.5__ChargeAsFastAsPossible__seed6__2022-01-17,station_v0_bogota_grid_probe_sp30_lm0.5,probe_lm0.5,ChargeAsFastAsPossible,6,2022-01-17,weekday,0.0,0,96,0,0,0.9659735428968435,1.0,27,0.0,0.9659735428968435,0,0.5
station_v0_bogota_grid_probe_sp30_lm0.5__RoundRobin__seed6__2022-01-17,station_v0_bogota_grid_probe_sp30_lm0.5,probe_lm0.5,RoundRobin,6,2022-01-17,weekday,0.0,0,96,0,0,0.9663218907965784,1.0,27,0.0,0.9663218907965784,0,0.5
station_v0_bogota_grid_probe_sp30_lm0.5__ChargeAsFastAsPossible__seed6__2022-03-05,station_v0_bogota_grid_probe_sp30_lm0.5,probe_lm0.5,ChargeAsFastAsPossible,6,2022-03-05,weekend,0.0,0,96,0,0,0.9712733458604896,1.0116034238380913,27,0.0,0.9712733458604896,0,0.5
station_v0_bogota_grid_probe_sp30_lm0.5__RoundRobin__seed6__2022-03-05,station_v0_bogota_grid_probe_sp30_lm0.5,probe_lm0.5,RoundRobin,6,2022-03-05,weekend,0.0,0,96,0,0,0.9710492204772726,1.0111323853630287,27,0.0,0.9710492204772726,0,0.5
station_v0_bogota_grid_probe_sp30_lm0.5__ChargeAsFastAsPossible__seed7__2022-01-17,station_v0_bogota_grid_probe_sp30_lm0.5,probe_lm0.5,ChargeAsFastAsPossible,7,2022-01-17,weekday,0.0,0,96,0,0,0.9668782072035581,1.0,27,0.0,0.9668782072035581,0,0.5
station_v0_bogota_grid_probe_sp30_lm0.5__RoundRobin__seed7__2022-01-17,station_v0_bogota_grid_probe_sp30_lm0.5,probe_lm0.5,RoundRobin,7,2022-01-17,weekday,0.0,0,96,0,0,0.968875373095601,1.0,27,0.0,0.968875373095601,0,0.5
station_v0_bogota_grid_probe_sp30_lm0.5__ChargeAsFastAsPossible__seed7__2022-03-05,station_v0_bogota_grid_probe_sp30_lm0.5,probe_lm0.5,ChargeAsFastAsPossible,7,2022-03-05,weekend,0.0,0,96,0,0,0.9785443050966907,1.0163569612920689,27,0.0,0.9785443050966907,0,0.5
station_v0_bogota_grid_probe_sp30_lm0.5__RoundRobin__seed7__2022-03-05,station_v0_bogota_grid_probe_sp30_lm0.5,probe_lm0.5,RoundRobin,7,2022-03-05,weekend,0.0,0,96,0,0,0.9785604835479486,1.0163569612920689,27,0.0,0.9785604835479486,0,0.5
station_v0_bogota_grid_probe_sp30_lm0.5__ChargeAsFastAsPossible__seed8__2022-01-17,station_v0_bogota_grid_probe_sp30_lm0.5,probe_lm0.5,ChargeAsFastAsPossible,8,2022-01-17,weekday,0.0,0,96,0,0,0.9682729357894259,1.0,27,0.0,0.9682729357894259,0,0.5
station_v0_bogota_grid_probe_sp30_lm0.5__RoundRobin__seed8__2022-01-17,station_v0_bogota_grid_probe_sp30_lm0.5,probe_lm0.5,RoundRobin,8,2022-01-17,weekday,0.0,0,96,0,0,0.9706247896160305,1.0,27,0.0,0.9706247896160305,0,0.5
station_v0_bogota_grid_probe_sp30_lm0.5__ChargeAsFastAsPossible__seed8__2022-03-05,station_v0_bogota_grid_probe_sp30_lm0.5,probe_lm0.5,ChargeAsFastAsPossible,8,2022-03-05,weekend,0.0,0,96,0,0,0.9740212215296389,1.011883096983846,27,0.0,0.9740212215296389,0,0.5
station_v0_bogota_grid_probe_sp30_lm0.5__RoundRobin__seed8__2022-03-05,station_v0_bogota_grid_probe_sp30_lm0.5,probe_lm0.5,RoundRobin,8,2022-03-05,weekend,0.0,0,96,0,0,0.9730297080409813,1.011294675914988,27,0.0,0.9730297080409813,0,0.5
station_v0_bogota_grid_probe_sp30_lm0.5__ChargeAsFastAsPossible__seed9__2022-01-17,station_v0_bogota_grid_probe_sp30_lm0.5,probe_lm0.5,ChargeAsFastAsPossible,9,2022-01-17,weekday,0.0,0,96,0,0,0.9729316478807821,1.0,27,0.0,0.9729316478807821,0,0.5
station_v0_bogota_grid_probe_sp30_lm0.5__RoundRobin__seed9__2022-01-17,station_v0_bogota_grid_probe_sp30_lm0.5,probe_lm0.5,RoundRobin,9,2022-01-17,weekday,0.0,0,96,0,0,0.9736871336684988,1.0,27,0.0,0.9736871336684988,0,0.5
station_v0_bogota_grid_probe_sp30_lm0.5__ChargeAsFastAsPossible__seed9__2022-03-05,station_v0_bogota_grid_probe_sp30_lm0.5,probe_lm0.5,ChargeAsFastAsPossible,9,2022-03-05,weekend,0.0,0,96,0,0,0.977673319047102,1.0157905980714732,27,0.0,0.977673319047102,0,0.5
station_v0_bogota_grid_probe_sp30_lm0.5__RoundRobin__seed9__2022-03-05,station_v0_bogota_grid_probe_sp30_lm0.5,probe_lm0.5,RoundRobin,9,2022-03-05,weekend,0.0,0,96,0,0,0.977673319047102,1.015419612495357,27,0.0,0.977673319047102,0,0.5
station_v0_bogota_grid_probe_sp30_lm0.7__ChargeAsFastAsPossible__seed0__2022-01-17,station_v0_bogota_grid_probe_sp30_lm0.7,probe_lm0.7,ChargeAsFastAsPossible,0,2022-01-17,weekday,0.0,0,96,0,0,0.9607339100162867,1.0,27,0.0,0.9607339100162867,0,0.7
station_v0_bogota_grid_probe_sp30_lm0.7__RoundRobin__seed0__2022-01-17,station_v0_bogota_grid_probe_sp30_lm0.7,probe_lm0.7,RoundRobin,0,2022-01-17,weekday,0.0,0,96,0,0,0.9622698643109693,1.0,27,0.0,0.9622698643109693,0,0.7
station_v0_bogota_grid_probe_sp30_lm0.7__ChargeAsFastAsPossible__seed0__2022-03-05,station_v0_bogota_grid_probe_sp30_lm0.7,probe_lm0.7,ChargeAsFastAsPossible,0,2022-03-05,weekend,0.0,0,96,0,0,0.9685905564393843,1.0106438863282554,27,0.0,0.9685905564393843,0,0.7
station_v0_bogota_grid_probe_sp30_lm0.7__RoundRobin__seed0__2022-03-05,station_v0_bogota_grid_probe_sp30_lm0.7,probe_lm0.7,RoundRobin,0,2022-03-05,weekend,0.0,0,96,0,0,0.9673473120283889,1.0103901138994504,27,0.0,0.9673473120283889,0,0.7
station_v0_bogota_grid_probe_sp30_lm0.7__ChargeAsFastAsPossible__seed1__2022-01-17,station_v0_bogota_grid_probe_sp30_lm0.7,probe_lm0.7,ChargeAsFastAsPossible,1,2022-01-17,weekday,0.0,0,96,0,0,0.9520135170744711,1.0,27,0.0,0.9520135170744711,0,0.7
station_v0_bogota_grid_probe_sp30_lm0.7__RoundRobin__seed1__2022-01-17,station_v0_bogota_grid_probe_sp30_lm0.7,probe_lm0.7,RoundRobin,1,2022-01-17,weekday,0.0,0,96,0,0,0.9527318911279418,1.0,27,0.0,0.9527318911279418,0,0.7
station_v0_bogota_grid_probe_sp30_lm0.7__ChargeAsFastAsPossible__seed1__2022-03-05,station_v0_bogota_grid_probe_sp30_lm0.7,probe_lm0.7,ChargeAsFastAsPossible,1,2022-03-05,weekend,0.0,0,96,0,0,0.9570437862535612,1.0024200102967469,27,0.0,0.9570437862535612,0,0.7
station_v0_bogota_grid_probe_sp30_lm0.7__RoundRobin__seed1__2022-03-05,station_v0_bogota_grid_probe_sp30_lm0.7,probe_lm0.7,RoundRobin,1,2022-03-05,weekend,0.0,0,96,0,0,0.9570437862535612,1.0023382035630146,27,0.0,0.9570437862535612,0,0.7
station_v0_bogota_grid_probe_sp30_lm0.7__ChargeAsFastAsPossible__seed2__2022-01-17,station_v0_bogota_grid_probe_sp30_lm0.7,probe_lm0.7,ChargeAsFastAsPossible,2,2022-01-17,weekday,0.0,0,96,0,0,0.9585532978509835,1.0,27,0.0,0.9585532978509835,0,0.7
station_v0_bogota_grid_probe_sp30_lm0.7__RoundRobin__seed2__2022-01-17,station_v0_bogota_grid_probe_sp30_lm0.7,probe_lm0.7,RoundRobin,2,2022-01-17,weekday,0.0,0,96,0,0,0.9594539046037848,1.0,27,0.0,0.9594539046037848,0,0.7
station_v0_bogota_grid_probe_sp30_lm0.7__ChargeAsFastAsPossible__seed2__2022-03-05,station_v0_bogota_grid_probe_sp30_lm0.7,probe_lm0.7,ChargeAsFastAsPossible,2,2022-03-05,weekend,0.0,0,96,0,0,0.9679239480653119,1.013668286284161,27,0.0,0.9679239480653119,0,0.7
station_v0_bogota_grid_probe_sp30_lm0.7__RoundRobin__seed2__2022-03-05,station_v0_bogota_grid_probe_sp30_lm0.7,probe_lm0.7,RoundRobin,2,2022-03-05,weekend,0.0,0,96,0,0,0.9683588296410474,1.0134428071895847,27,0.0,0.9683588296410474,0,0.7
station_v0_bogota_grid_probe_sp30_lm0.7__ChargeAsFastAsPossible__seed3__2022-01-17,station_v0_bogota_grid_probe_sp30_lm0.7,probe_lm0.7,ChargeAsFastAsPossible,3,2022-01-17,weekday,0.0,0,96,0,0,0.9653656452028558,1.0,27,0.0,0.9653656452028558,0,0.7
station_v0_bogota_grid_probe_sp30_lm0.7__RoundRobin__seed3__2022-01-17,station_v0_bogota_grid_probe_sp30_lm0.7,probe_lm0.7,RoundRobin,3,2022-01-17,weekday,0.0,0,96,0,0,0.9654396682004294,1.0,27,0.0,0.9654396682004294,0,0.7
station_v0_bogota_grid_probe_sp30_lm0.7__ChargeAsFastAsPossible__seed3__2022-03-05,station_v0_bogota_grid_probe_sp30_lm0.7,probe_lm0.7,ChargeAsFastAsPossible,3,2022-03-05,weekend,0.0,0,96,0,0,0.96226088783442,1.004987997485666,27,0.0,0.96226088783442,0,0.7
station_v0_bogota_grid_probe_sp30_lm0.7__RoundRobin__seed3__2022-03-05,station_v0_bogota_grid_probe_sp30_lm0.7,probe_lm0.7,RoundRobin,3,2022-03-05,weekend,0.0,0,96,0,0,0.9620733345851423,1.0055775471273196,27,0.0,0.9620733345851423,0,0.7
station_v0_bogota_grid_probe_sp30_lm0.7__ChargeAsFastAsPossible__seed4__2022-01-17,station_v0_bogota_grid_probe_sp30_lm0.7,probe_lm0.7,ChargeAsFastAsPossible,4,2022-01-17,weekday,0.0,0,96,0,0,0.9649322702689881,1.0,27,0.0,0.9649322702689881,0,0.7
station_v0_bogota_grid_probe_sp30_lm0.7__RoundRobin__seed4__2022-01-17,station_v0_bogota_grid_probe_sp30_lm0.7,probe_lm0.7,RoundRobin,4,2022-01-17,weekday,0.0,0,96,0,0,0.9655238838300902,1.0,27,0.0,0.9655238838300902,0,0.7
station_v0_bogota_grid_probe_sp30_lm0.7__ChargeAsFastAsPossible__seed4__2022-03-05,station_v0_bogota_grid_probe_sp30_lm0.7,probe_lm0.7,ChargeAsFastAsPossible,4,2022-03-05,weekend,0.0,0,96,0,0,0.9566614055079911,1.0020707461320766,27,0.0,0.9566614055079911,0,0.7
station_v0_bogota_grid_probe_sp30_lm0.7__RoundRobin__seed4__2022-03-05,station_v0_bogota_grid_probe_sp30_lm0.7,probe_lm0.7,RoundRobin,4,2022-03-05,weekend,0.0,0,96,0,0,0.9562284100933294,1.002049809462401,27,0.0,0.9562284100933294,0,0.7
station_v0_bogota_grid_probe_sp30_lm0.7__ChargeAsFastAsPossible__seed5__2022-01-17,station_v0_bogota_grid_probe_sp30_lm0.7,probe_lm0.7,ChargeAsFastAsPossible,5,2022-01-17,weekday,0.0,0,96,0,0,0.9565373579048622,1.0,27,0.0,0.9565373579048622,0,0.7
station_v0_bogota_grid_probe_sp30_lm0.7__RoundRobin__seed5__2022-01-17,station_v0_bogota_grid_probe_sp30_lm0.7,probe_lm0.7,RoundRobin,5,2022-01-17,weekday,0.0,0,96,0,0,0.9571849700756213,1.0,27,0.0,0.9571849700756213,0,0.7
station_v0_bogota_grid_probe_sp30_lm0.7__ChargeAsFastAsPossible__seed5__2022-03-05,station_v0_bogota_grid_probe_sp30_lm0.7,probe_lm0.7,ChargeAsFastAsPossible,5,2022-03-05,weekend,0.0,0,96,0,0,0.9653695212101514,1.0064554853660095,27,0.0,0.9653695212101514,0,0.7
station_v0_bogota_grid_probe_sp30_lm0.7__RoundRobin__seed5__2022-03-05,station_v0_bogota_grid_probe_sp30_lm0.7,probe_lm0.7,RoundRobin,5,2022-03-05,weekend,0.0,0,96,0,0,0.9651554804358706,1.0061494073493051,27,0.0,0.9651554804358706,0,0.7
station_v0_bogota_grid_probe_sp30_lm0.7__ChargeAsFastAsPossible__seed6__2022-01-17,station_v0_bogota_grid_probe_sp30_lm0.7,probe_lm0.7,ChargeAsFastAsPossible,6,2022-01-17,weekday,0.0,0,96,0,0,0.9520543695847208,1.0,27,0.0,0.9520543695847208,0,0.7
station_v0_bogota_grid_probe_sp30_lm0.7__RoundRobin__seed6__2022-01-17,station_v0_bogota_grid_probe_sp30_lm0.7,probe_lm0.7,RoundRobin,6,2022-01-17,weekday,0.0,0,96,0,0,0.9523349498406813,1.0,27,0.0,0.9523349498406813,0,0.7
station_v0_bogota_grid_probe_sp30_lm0.7__ChargeAsFastAsPossible__seed6__2022-03-05,station_v0_bogota_grid_probe_sp30_lm0.7,probe_lm0.7,ChargeAsFastAsPossible,6,2022-03-05,weekend,0.0,0,96,0,0,0.9593059714446397,1.0016542517843938,27,0.0,0.9593059714446397,0,0.7
station_v0_bogota_grid_probe_sp30_lm0.7__RoundRobin__seed6__2022-03-05,station_v0_bogota_grid_probe_sp30_lm0.7,probe_lm0.7,RoundRobin,6,2022-03-05,weekend,0.0,0,96,0,0,0.9588326238946262,1.0012151230819102,27,0.0,0.9588326238946262,0,0.7
station_v0_bogota_grid_probe_sp30_lm0.7__ChargeAsFastAsPossible__seed7__2022-01-17,station_v0_bogota_grid_probe_sp30_lm0.7,probe_lm0.7,ChargeAsFastAsPossible,7,2022-01-17,weekday,0.0,0,96,0,0,0.9542907272480741,1.0,27,0.0,0.9542907272480741,0,0.7
station_v0_bogota_grid_probe_sp30_lm0.7__RoundRobin__seed7__2022-01-17,station_v0_bogota_grid_probe_sp30_lm0.7,probe_lm0.7,RoundRobin,7,2022-01-17,weekday,0.0,0,96,0,0,0.956223015891621,1.0,27,0.0,0.956223015891621,0,0.7
station_v0_bogota_grid_probe_sp30_lm0.7__ChargeAsFastAsPossible__seed7__2022-03-05,station_v0_bogota_grid_probe_sp30_lm0.7,probe_lm0.7,ChargeAsFastAsPossible,7,2022-03-05,weekend,0.0,0,96,0,0,0.9701814577551902,1.0084017478524825,27,0.0,0.9701814577551902,0,0.7
station_v0_bogota_grid_probe_sp30_lm0.7__RoundRobin__seed7__2022-03-05,station_v0_bogota_grid_probe_sp30_lm0.7,probe_lm0.7,RoundRobin,7,2022-03-05,weekend,0.0,0,96,0,0,0.9697624752304671,1.0084017478524825,27,0.0,0.9697624752304671,0,0.7
station_v0_bogota_grid_probe_sp30_lm0.7__ChargeAsFastAsPossible__seed8__2022-01-17,station_v0_bogota_grid_probe_sp30_lm0.7,probe_lm0.7,ChargeAsFastAsPossible,8,2022-01-17,weekday,0.0,0,96,0,0,0.9561916522843472,1.0,27,0.0,0.9561916522843472,0,0.7
station_v0_bogota_grid_probe_sp30_lm0.7__RoundRobin__seed8__2022-01-17,station_v0_bogota_grid_probe_sp30_lm0.7,probe_lm0.7,RoundRobin,8,2022-01-17,weekday,0.0,0,96,0,0,0.95839616337364,1.0,27,0.0,0.95839616337364,0,0.7
station_v0_bogota_grid_probe_sp30_lm0.7__ChargeAsFastAsPossible__seed8__2022-03-05,station_v0_bogota_grid_probe_sp30_lm0.7,probe_lm0.7,ChargeAsFastAsPossible,8,2022-03-05,weekend,0.0,0,96,0,0,0.9628136386976337,1.0024716932623077,27,0.0,0.9628136386976337,0,0.7
station_v0_bogota_grid_probe_sp30_lm0.7__RoundRobin__seed8__2022-03-05,station_v0_bogota_grid_probe_sp30_lm0.7,probe_lm0.7,RoundRobin,8,2022-03-05,weekend,0.0,0,96,0,0,0.96188219514036,1.0021894969027998,27,0.0,0.96188219514036,0,0.7
station_v0_bogota_grid_probe_sp30_lm0.7__ChargeAsFastAsPossible__seed9__2022-01-17,station_v0_bogota_grid_probe_sp30_lm0.7,probe_lm0.7,ChargeAsFastAsPossible,9,2022-01-17,weekday,0.0,0,96,0,0,0.9621700397444519,1.0,27,0.0,0.9621700397444519,0,0.7
station_v0_bogota_grid_probe_sp30_lm0.7__RoundRobin__seed9__2022-01-17,station_v0_bogota_grid_probe_sp30_lm0.7,probe_lm0.7,RoundRobin,9,2022-01-17,weekday,0.0,0,96,0,0,0.9624567042774708,1.0,27,0.0,0.9624567042774708,0,0.7
station_v0_bogota_grid_probe_sp30_lm0.7__ChargeAsFastAsPossible__seed9__2022-03-05,station_v0_bogota_grid_probe_sp30_lm0.7,probe_lm0.7,ChargeAsFastAsPossible,9,2022-03-05,weekend,0.0,0,96,0,0,0.9680940510711488,1.0076789691626793,27,0.0,0.9680940510711488,0,0.7
station_v0_bogota_grid_probe_sp30_lm0.7__RoundRobin__seed9__2022-03-05,station_v0_bogota_grid_probe_sp30_lm0.7,probe_lm0.7,RoundRobin,9,2022-03-05,weekend,0.0,0,96,0,0,0.9680940510711488,1.007170252255572,27,0.0,0.9680940510711488,0,0.7
station_v0_bogota_grid_probe_sp30_lm0.8__ChargeAsFastAsPossible__seed0__2022-01-17,station_v0_bogota_grid_probe_sp30_lm0.8,probe_lm0.8,ChargeAsFastAsPossible,0,2022-01-17,weekday,0.0,0,96,0,0,0.9552153643662835,1.0,27,0.0,0.9552153643662835,0,0.8
station_v0_bogota_grid_probe_sp30_lm0.8__RoundRobin__seed0__2022-01-17,station_v0_bogota_grid_probe_sp30_lm0.8,probe_lm0.8,RoundRobin,0,2022-01-17,weekday,0.0,0,96,0,0,0.9567127139490599,1.0,27,0.0,0.9567127139490599,0,0.8
station_v0_bogota_grid_probe_sp30_lm0.8__ChargeAsFastAsPossible__seed0__2022-03-05,station_v0_bogota_grid_probe_sp30_lm0.8,probe_lm0.8,ChargeAsFastAsPossible,0,2022-03-05,weekend,0.0,0,96,0,0,0.9638769975610881,1.00694381774033,27,0.0,0.9638769975610881,0,0.8
station_v0_bogota_grid_probe_sp30_lm0.8__RoundRobin__seed0__2022-03-05,station_v0_bogota_grid_probe_sp30_lm0.8,probe_lm0.8,RoundRobin,0,2022-03-05,weekend,0.0,0,96,0,0,0.9626240756486145,1.0067049505954018,27,0.0,0.9626240756486145,0,0.8
station_v0_bogota_grid_probe_sp30_lm0.8__ChargeAsFastAsPossible__seed1__2022-01-17,station_v0_bogota_grid_probe_sp30_lm0.8,probe_lm0.8,ChargeAsFastAsPossible,1,2022-01-17,weekday,-0.04996567018695114,20,96,20,6,0.9449958465477807,1.0,27,0.049965670186950306,0.9449958465477807,6,0.8
station_v0_bogota_grid_probe_sp30_lm0.8__RoundRobin__seed1__2022-01-17,station_v0_bogota_grid_probe_sp30_lm0.8,probe_lm0.8,RoundRobin,1,2022-01-17,weekday,-0.037569774204014,22,96,22,7,0.9457230290037978,1.0,27,0.037569774204013084,0.9457230290037978,7,0.8
station_v0_bogota_grid_probe_sp30_lm0.8__ChargeAsFastAsPossible__seed1__2022-03-05,station_v0_bogota_grid_probe_sp30_lm0.8,probe_lm0.8,ChargeAsFastAsPossible,1,2022-03-05,weekend,0.0,0,96,0,0,0.9504780801759495,1.0,27,0.0,0.9504780801759495,0,0.8
station_v0_bogota_grid_probe_sp30_lm0.8__RoundRobin__seed1__2022-03-05,station_v0_bogota_grid_probe_sp30_lm0.8,probe_lm0.8,RoundRobin,1,2022-03-05,weekend,0.0,0,96,0,0,0.9504780801759495,1.0,27,0.0,0.9504780801759495,0,0.8
station_v0_bogota_grid_probe_sp30_lm0.8__ChargeAsFastAsPossible__seed2__2022-01-17,station_v0_bogota_grid_probe_sp30_lm0.8,probe_lm0.8,ChargeAsFastAsPossible,2,2022-01-17,weekday,0.0,0,96,0,0,0.9525251159307294,1.0,27,0.0,0.9525251159307294,0,0.8
station_v0_bogota_grid_probe_sp30_lm0.8__RoundRobin__seed2__2022-01-17,station_v0_bogota_grid_probe_sp30_lm0.8,probe_lm0.8,RoundRobin,2,2022-01-17,weekday,0.0,0,96,0,0,0.9534348080202623,1.0,27,0.0,0.9534348080202623,0,0.8
station_v0_bogota_grid_probe_sp30_lm0.8__ChargeAsFastAsPossible__seed2__2022-03-05,station_v0_bogota_grid_probe_sp30_lm0.8,probe_lm0.8,ChargeAsFastAsPossible,2,2022-03-05,weekend,0.0,0,96,0,0,0.9632919670090555,1.010433750191364,27,0.0,0.9632919670090555,0,0.8
station_v0_bogota_grid_probe_sp30_lm0.8__RoundRobin__seed2__2022-03-05,station_v0_bogota_grid_probe_sp30_lm0.8,probe_lm0.8,RoundRobin,2,2022-03-05,weekend,0.0,0,96,0,0,0.9638020848614104,1.0102072031758735,27,0.0,0.9638020848614104,0,0.8
station_v0_bogota_grid_probe_sp30_lm0.8__ChargeAsFastAsPossible__seed3__2022-01-17,station_v0_bogota_grid_probe_sp30_lm0.8,probe_lm0.8,ChargeAsFastAsPossible,3,2022-01-17,weekday,0.0,0,96,0,0,0.9602419505982835,1.0,27,0.0,0.9602419505982835,0,0.8
station_v0_bogota_grid_probe_sp30_lm0.8__RoundRobin__seed3__2022-01-17,station_v0_bogota_grid_probe_sp30_lm0.8,probe_lm0.8,RoundRobin,3,2022-01-17,weekday,0.0,0,96,0,0,0.9602419505982835,1.0,27,0.0,0.9602419505982835,0,0.8
station_v0_bogota_grid_probe_sp30_lm0.8__ChargeAsFastAsPossible__seed3__2022-03-05,station_v0_bogota_grid_probe_sp30_lm0.8,probe_lm0.8,ChargeAsFastAsPossible,3,2022-03-05,weekend,0.0,0,96,0,0,0.9565755769986627,1.0005287245084167,27,0.0,0.9565755769986627,0,0.8
station_v0_bogota_grid_probe_sp30_lm0.8__RoundRobin__seed3__2022-03-05,station_v0_bogota_grid_probe_sp30_lm0.8,probe_lm0.8,RoundRobin,3,2022-03-05,weekend,0.0,0,96,0,0,0.9563496134728299,1.0011908010816475,27,0.0,0.9563496134728299,0,0.8
station_v0_bogota_grid_probe_sp30_lm0.8__ChargeAsFastAsPossible__seed4__2022-01-17,station_v0_bogota_grid_probe_sp30_lm0.8,probe_lm0.8,ChargeAsFastAsPossible,4,2022-01-17,weekday,0.0,0,96,0,0,0.9598876843707319,1.0,27,0.0,0.9598876843707319,0,0.8
station_v0_bogota_grid_probe_sp30_lm0.8__RoundRobin__seed4__2022-01-17,station_v0_bogota_grid_probe_sp30_lm0.8,probe_lm0.8,RoundRobin,4,2022-01-17,weekday,0.0,0,96,0,0,0.960488740087772,1.0,27,0.0,0.960488740087772,0,0.8
station_v0_bogota_grid_probe_sp30_lm0.8__ChargeAsFastAsPossible__seed4__2022-03-05,station_v0_bogota_grid_probe_sp30_lm0.8,probe_lm0.8,ChargeAsFastAsPossible,4,2022-03-05,weekend,-0.00031849032327366245,2,96,2,1,0.949775207597681,1.0,27,0.0003184903232735792,0.949775207597681,1,0.8
station_v0_bogota_grid_probe_sp30_lm0.8__RoundRobin__seed4__2022-03-05,station_v0_bogota_grid_probe_sp30_lm0.8,probe_lm0.8,RoundRobin,4,2022-03-05,weekend,-0.0012734524627036198,3,96,3,1,0.9493370774768449,1.0,27,0.0012734524627034949,0.9493370774768449,1,0.8
station_v0_bogota_grid_probe_sp30_lm0.8__ChargeAsFastAsPossible__seed5__2022-01-17,station_v0_bogota_grid_probe_sp30_lm0.8,probe_lm0.8,ChargeAsFastAsPossible,5,2022-01-17,weekday,0.0,0,96,0,0,0.9501728480383903,1.0,27,0.0,0.9501728480383903,0,0.8
station_v0_bogota_grid_probe_sp30_lm0.8__RoundRobin__seed5__2022-01-17,station_v0_bogota_grid_probe_sp30_lm0.8,probe_lm0.8,RoundRobin,5,2022-01-17,weekday,0.0,0,96,0,0,0.9508275979015005,1.0,27,0.0,0.9508275979015005,0,0.8
station_v0_bogota_grid_probe_sp30_lm0.8__ChargeAsFastAsPossible__seed5__2022-03-05,station_v0_bogota_grid_probe_sp30_lm0.8,probe_lm0.8,ChargeAsFastAsPossible,5,2022-03-05,weekend,0.0,0,96,0,0,0.9601515615674632,1.0021491413580608,27,0.0,0.9601515615674632,0,0.8
station_v0_bogota_grid_probe_sp30_lm0.8__RoundRobin__seed5__2022-03-05,station_v0_bogota_grid_probe_sp30_lm0.8,probe_lm0.8,RoundRobin,5,2022-03-05,weekend,0.0,0,96,0,0,0.9599356316375989,1.0018496629201976,27,0.0,0.9599356316375989,0,0.8
station_v0_bogota_grid_probe_sp30_lm0.8__ChargeAsFastAsPossible__seed6__2022-01-17,station_v0_bogota_grid_probe_sp30_lm0.8,probe_lm0.8,ChargeAsFastAsPossible,6,2022-01-17,weekday,-0.0733393799720785,37,96,37,10,0.9449583542669746,1.0,27,0.07333937997207696,0.9449583542669746,10,0.8
station_v0_bogota_grid_probe_sp30_lm0.8__RoundRobin__seed6__2022-01-17,station_v0_bogota_grid_probe_sp30_lm0.8,probe_lm0.8,RoundRobin,6,2022-01-17,weekday,-0.0765963708694842,34,96,34,9,0.9452051587146486,1.0,27,0.07659637086948279,0.9452051587146486,9,0.8
station_v0_bogota_grid_probe_sp30_lm0.8__ChargeAsFastAsPossible__seed6__2022-03-05,station_v0_bogota_grid_probe_sp30_lm0.8,probe_lm0.8,ChargeAsFastAsPossible,6,2022-03-05,weekend,0.0,0,96,0,0,0.9531267472420981,1.0,27,0.0,0.9531267472420981,0,0.8
station_v0_bogota_grid_probe_sp30_lm0.8__RoundRobin__seed6__2022-03-05,station_v0_bogota_grid_probe_sp30_lm0.8,probe_lm0.8,RoundRobin,6,2022-03-05,weekend,0.0,0,96,0,0,0.9526286948927319,1.0,27,0.0,0.9526286948927319,0,0.8
station_v0_bogota_grid_probe_sp30_lm0.8__ChargeAsFastAsPossible__seed7__2022-01-17,station_v0_bogota_grid_probe_sp30_lm0.8,probe_lm0.8,ChargeAsFastAsPossible,7,2022-01-17,weekday,-0.005252948344068434,3,96,3,1,0.9478844316246309,1.0,27,0.005252948344068309,0.9478844316246309,1,0.8
station_v0_bogota_grid_probe_sp30_lm0.8__RoundRobin__seed7__2022-01-17,station_v0_bogota_grid_probe_sp30_lm0.8,probe_lm0.8,RoundRobin,7,2022-01-17,weekday,-0.00024295216432676514,2,96,2,1,0.9497817225276768,1.0,27,0.00024295216432668187,0.9497817225276768,1,0.8
station_v0_bogota_grid_probe_sp30_lm0.8__ChargeAsFastAsPossible__seed7__2022-03-05,station_v0_bogota_grid_probe_sp30_lm0.8,probe_lm0.8,ChargeAsFastAsPossible,7,2022-03-05,weekend,0.0,0,96,0,0,0.9659522720521951,1.004379771327931,27,0.0,0.9659522720521951,0,0.8
station_v0_bogota_grid_probe_sp30_lm0.8__RoundRobin__seed7__2022-03-05,station_v0_bogota_grid_probe_sp30_lm0.8,probe_lm0.8,RoundRobin,7,2022-03-05,weekend,0.0,0,96,0,0,0.9653162379503004,1.004379771327931,27,0.0,0.9653162379503004,0,0.8
station_v0_bogota_grid_probe_sp30_lm0.8__ChargeAsFastAsPossible__seed8__2022-01-17,station_v0_bogota_grid_probe_sp30_lm0.8,probe_lm0.8,ChargeAsFastAsPossible,8,2022-01-17,weekday,0.0,0,96,0,0,0.9500515971917765,1.0,27,0.0,0.9500515971917765,0,0.8
station_v0_bogota_grid_probe_sp30_lm0.8__RoundRobin__seed8__2022-01-17,station_v0_bogota_grid_probe_sp30_lm0.8,probe_lm0.8,RoundRobin,8,2022-01-17,weekday,0.0,0,96,0,0,0.9521858979068825,1.0,27,0.0,0.9521858979068825,0,0.8
station_v0_bogota_grid_probe_sp30_lm0.8__ChargeAsFastAsPossible__seed8__2022-03-05,station_v0_bogota_grid_probe_sp30_lm0.8,probe_lm0.8,ChargeAsFastAsPossible,8,2022-03-05,weekend,0.0,0,96,0,0,0.9570477619522367,1.0,27,0.0,0.9570477619522367,0,0.8
station_v0_bogota_grid_probe_sp30_lm0.8__RoundRobin__seed8__2022-03-05,station_v0_bogota_grid_probe_sp30_lm0.8,probe_lm0.8,RoundRobin,8,2022-03-05,weekend,0.0,0,96,0,0,0.9562122921887621,1.0,27,0.0,0.9562122921887621,0,0.8
station_v0_bogota_grid_probe_sp30_lm0.8__ChargeAsFastAsPossible__seed9__2022-01-17,station_v0_bogota_grid_probe_sp30_lm0.8,probe_lm0.8,ChargeAsFastAsPossible,9,2022-01-17,weekday,0.0,0,96,0,0,0.9567040793731014,1.0,27,0.0,0.9567040793731014,0,0.8
station_v0_bogota_grid_probe_sp30_lm0.8__RoundRobin__seed9__2022-01-17,station_v0_bogota_grid_probe_sp30_lm0.8,probe_lm0.8,RoundRobin,9,2022-01-17,weekday,0.0,0,96,0,0,0.9567568247873252,1.0,27,0.0,0.9567568247873252,0,0.8
station_v0_bogota_grid_probe_sp30_lm0.8__ChargeAsFastAsPossible__seed9__2022-03-05,station_v0_bogota_grid_probe_sp30_lm0.8,probe_lm0.8,ChargeAsFastAsPossible,9,2022-03-05,weekend,0.0,0,96,0,0,0.9632444691412787,1.0035784328639963,27,0.0,0.9632444691412787,0,0.8
station_v0_bogota_grid_probe_sp30_lm0.8__RoundRobin__seed9__2022-03-05,station_v0_bogota_grid_probe_sp30_lm0.8,probe_lm0.8,RoundRobin,9,2022-03-05,weekend,0.0,0,96,0,0,0.9632444691412787,1.0030530206117216,27,0.0,0.9632444691412787,0,0.8
station_v0_bogota_grid_probe_sp30_lm0.9__ChargeAsFastAsPossible__seed0__2022-01-17,station_v0_bogota_grid_probe_sp30_lm0.9,probe_lm0.9,ChargeAsFastAsPossible,0,2022-01-17,weekday,-0.0010224178896128255,4,96,4,2,0.9496392059555145,1.0,27,0.001022417889612659,0.9496392059555145,2,0.9
station_v0_bogota_grid_probe_sp30_lm0.9__RoundRobin__seed0__2022-01-17,station_v0_bogota_grid_probe_sp30_lm0.9,probe_lm0.9,RoundRobin,0,2022-01-17,weekday,0.0,0,96,0,0,0.9510905755374435,1.0,27,0.0,0.9510905755374435,0,0.9
station_v0_bogota_grid_probe_sp30_lm0.9__ChargeAsFastAsPossible__seed0__2022-03-05,station_v0_bogota_grid_probe_sp30_lm0.9,probe_lm0.9,ChargeAsFastAsPossible,0,2022-03-05,weekend,0.0,0,96,0,0,0.9591145737097694,1.0032252717384573,27,0.0,0.9591145737097694,0,0.9
station_v0_bogota_grid_probe_sp30_lm0.9__RoundRobin__seed0__2022-03-05,station_v0_bogota_grid_probe_sp30_lm0.9,probe_lm0.9,RoundRobin,0,2022-03-05,weekend,0.0,0,96,0,0,0.9578517138219035,1.002994497918291,27,0.0,0.9578517138219035,0,0.9
station_v0_bogota_grid_probe_sp30_lm0.9__ChargeAsFastAsPossible__seed1__2022-01-17,station_v0_bogota_grid_probe_sp30_lm0.9,probe_lm0.9,ChargeAsFastAsPossible,1,2022-01-17,weekday,-0.3597677396071326,80,96,80,17,0.9378814164819502,1.0,27,0.35976773960712927,0.9378814164819502,17,0.9
station_v0_bogota_grid_probe_sp30_lm0.9__RoundRobin__seed1__2022-01-17,station_v0_bogota_grid_probe_sp30_lm0.9,probe_lm0.9,RoundRobin,1,2022-01-17,weekday,-0.3622492433758885,79,96,79,17,0.9386177639705177,1.0,27,0.36224924337588515,0.9386177639705177,17,0.9
station_v0_bogota_grid_probe_sp30_lm0.9__ChargeAsFastAsPossible__seed1__2022-03-05,station_v0_bogota_grid_probe_sp30_lm0.9,probe_lm0.9,ChargeAsFastAsPossible,1,2022-03-05,weekend,-0.1735809926816822,57,96,57,13,0.9438297428814227,1.0,27,0.1735809926816798,0.9438297428814227,13,0.9
station_v0_bogota_grid_probe_sp30_lm0.9__RoundRobin__seed1__2022-03-05,station_v0_bogota_grid_probe_sp30_lm0.9,probe_lm0.9,RoundRobin,1,2022-03-05,weekend,-0.18526021648866633,54,96,54,12,0.9438297428814227,1.0,27,0.1852602164886641,0.9438297428814227,12,0.9
station_v0_bogota_grid_probe_sp30_lm0.9__ChargeAsFastAsPossible__seed2__2022-01-17,station_v0_bogota_grid_probe_sp30_lm0.9,probe_lm0.9,ChargeAsFastAsPossible,2,2022-01-17,weekday,-0.0333294631369697,21,96,21,6,0.9464312957272346,1.0,27,0.03332946313696883,0.9464312957272346,6,0.9
station_v0_bogota_grid_probe_sp30_lm0.9__RoundRobin__seed2__2022-01-17,station_v0_bogota_grid_probe_sp30_lm0.9,probe_lm0.9,RoundRobin,2,2022-01-17,weekday,-0.026552250850118156,19,96,19,5,0.9473503704125367,1.0,27,0.026552250850117365,0.9473503704125367,5,0.9
station_v0_bogota_grid_probe_sp30_lm0.9__ChargeAsFastAsPossible__seed2__2022-03-05,station_v0_bogota_grid_probe_sp30_lm0.9,probe_lm0.9,ChargeAsFastAsPossible,2,2022-03-05,weekend,0.0,0,96,0,0,0.9586249548506915,1.0071835427670304,27,0.0,0.9586249548506915,0,0.9
station_v0_bogota_grid_probe_sp30_lm0.9__RoundRobin__seed2__2022-03-05,station_v0_bogota_grid_probe_sp30_lm0.9,probe_lm0.9,RoundRobin,2,2022-03-05,weekend,0.0,0,96,0,0,0.9592012150506642,1.0069559115799207,27,0.0,0.9592012150506642,0,0.9
station_v0_bogota_grid_probe_sp30_lm0.9__ChargeAsFastAsPossible__seed3__2022-01-17,station_v0_bogota_grid_probe_sp30_lm0.9,probe_lm0.9,ChargeAsFastAsPossible,3,2022-01-17,weekday,0.0,0,96,0,0,0.9549865794038963,1.0,27,0.0,0.9549865794038963,0,0.9
station_v0_bogota_grid_probe_sp30_lm0.9__RoundRobin__seed3__2022-01-17,station_v0_bogota_grid_probe_sp30_lm0.9,probe_lm0.9,RoundRobin,3,2022-01-17,weekday,0.0,0,96,0,0,0.9549865794038963,1.0,27,0.0,0.9549865794038963,0,0.9
station_v0_bogota_grid_probe_sp30_lm0.9__ChargeAsFastAsPossible__seed3__2022-03-05,station_v0_bogota_grid_probe_sp30_lm0.9,probe_lm0.9,ChargeAsFastAsPossible,3,2022-03-05,weekend,0.0,0,96,0,0,0.9508218583597433,1.0,27,0.0,0.9508218583597433,0,0.9
station_v0_bogota_grid_probe_sp30_lm0.9__RoundRobin__seed3__2022-03-05,station_v0_bogota_grid_probe_sp30_lm0.9,probe_lm0.9,RoundRobin,3,2022-03-05,weekend,0.0,0,96,0,0,0.9505532486513676,1.0,27,0.0,0.9505532486513676,0,0.9
station_v0_bogota_grid_probe_sp30_lm0.9__ChargeAsFastAsPossible__seed4__2022-01-17,station_v0_bogota_grid_probe_sp30_lm0.9,probe_lm0.9,ChargeAsFastAsPossible,4,2022-01-17,weekday,0.0,0,96,0,0,0.9548044702461549,1.0,27,0.0,0.9548044702461549,0,0.9
station_v0_bogota_grid_probe_sp30_lm0.9__RoundRobin__seed4__2022-01-17,station_v0_bogota_grid_probe_sp30_lm0.9,probe_lm0.9,RoundRobin,4,2022-01-17,weekday,0.0,0,96,0,0,0.9553998233955527,1.0,27,0.0,0.9553998233955527,0,0.9
station_v0_bogota_grid_probe_sp30_lm0.9__ChargeAsFastAsPossible__seed4__2022-03-05,station_v0_bogota_grid_probe_sp30_lm0.9,probe_lm0.9,ChargeAsFastAsPossible,4,2022-03-05,weekend,-0.23215033969391716,66,96,66,15,0.9428007087064701,1.0,27,0.2321503396939144,0.9428007087064701,15,0.9
station_v0_bogota_grid_probe_sp30_lm0.9__RoundRobin__seed4__2022-03-05,station_v0_bogota_grid_probe_sp30_lm0.9,probe_lm0.9,RoundRobin,4,2022-03-05,weekend,-0.24039223616348035,66,96,66,15,0.9423572454746851,1.0,27,0.2403922361634776,0.9423572454746851,15,0.9
station_v0_bogota_grid_probe_sp30_lm0.9__ChargeAsFastAsPossible__seed5__2022-01-17,station_v0_bogota_grid_probe_sp30_lm0.9,probe_lm0.9,ChargeAsFastAsPossible,5,2022-01-17,weekday,-0.14269810803019972,57,96,57,15,0.9437364252274318,1.0,27,0.14269810803019733,0.9437364252274318,15,0.9
station_v0_bogota_grid_probe_sp30_lm0.9__RoundRobin__seed5__2022-01-17,station_v0_bogota_grid_probe_sp30_lm0.9,probe_lm0.9,RoundRobin,5,2022-01-17,weekday,-0.13344049939448727,57,96,57,15,0.944398564258222,1.0,27,0.13344049939448488,0.944398564258222,15,0.9
station_v0_bogota_grid_probe_sp30_lm0.9__ChargeAsFastAsPossible__seed5__2022-03-05,station_v0_bogota_grid_probe_sp30_lm0.9,probe_lm0.9,ChargeAsFastAsPossible,5,2022-03-05,weekend,0.0,0,96,0,0,0.9548903114175876,1.0,27,0.0,0.9548903114175876,0,0.9
station_v0_bogota_grid_probe_sp30_lm0.9__RoundRobin__seed5__2022-03-05,station_v0_bogota_grid_probe_sp30_lm0.9,probe_lm0.9,RoundRobin,5,2022-03-05,weekend,0.0,0,96,0,0,0.9546724416473954,1.0,27,0.0,0.9546724416473954,0,0.9
station_v0_bogota_grid_probe_sp30_lm0.9__ChargeAsFastAsPossible__seed6__2022-01-17,station_v0_bogota_grid_probe_sp30_lm0.9,probe_lm0.9,ChargeAsFastAsPossible,6,2022-01-17,weekday,-0.5365507232008082,99,96,99,19,0.9377607217615593,1.0,27,0.5365507232008042,0.9377607217615593,19,0.9
station_v0_bogota_grid_probe_sp30_lm0.9__RoundRobin__seed6__2022-01-17,station_v0_bogota_grid_probe_sp30_lm0.9,probe_lm0.9,RoundRobin,6,2022-01-17,weekday,-0.5347210568895027,99,96,99,19,0.9379774783930969,1.0,27,0.5347210568894986,0.9379774783930969,19,0.9
station_v0_bogota_grid_probe_sp30_lm0.9__ChargeAsFastAsPossible__seed6__2022-03-05,station_v0_bogota_grid_probe_sp30_lm0.9,probe_lm0.9,ChargeAsFastAsPossible,6,2022-03-05,weekend,-0.07230137809406788,45,96,45,13,0.9468447588070108,1.0,27,0.072301378094066,0.9468447588070108,13,0.9
station_v0_bogota_grid_probe_sp30_lm0.9__RoundRobin__seed6__2022-03-05,station_v0_bogota_grid_probe_sp30_lm0.9,probe_lm0.9,RoundRobin,6,2022-03-05,weekend,-0.07687802587249731,44,96,44,12,0.9463413384384605,1.0,27,0.07687802587249548,0.9463413384384605,12,0.9
station_v0_bogota_grid_probe_sp30_lm0.9__ChargeAsFastAsPossible__seed7__2022-01-17,station_v0_bogota_grid_probe_sp30_lm0.9,probe_lm0.9,ChargeAsFastAsPossible,7,2022-01-17,weekday,-0.1715596233988648,46,96,46,10,0.9413994953195551,1.0,27,0.17155962339886288,0.9413994953195551,10,0.9
station_v0_bogota_grid_probe_sp30_lm0.9__RoundRobin__seed7__2022-01-17,station_v0_bogota_grid_probe_sp30_lm0.9,probe_lm0.9,RoundRobin,7,2022-01-17,weekday,-0.16725308879070677,51,96,51,12,0.9432586471418375,1.0,27,0.16725308879070466,0.9432586471418375,12,0.9
station_v0_bogota_grid_probe_sp30_lm0.9__ChargeAsFastAsPossible__seed7__2022-03-05,station_v0_bogota_grid_probe_sp30_lm0.9,probe_lm0.9,ChargeAsFastAsPossible,7,2022-03-05,weekend,0.0,0,96,0,0,0.9614922363221934,1.0004645206133054,27,0.0,0.9614922363221934,0,0.9
station_v0_bogota_grid_probe_sp30_lm0.9__RoundRobin__seed7__2022-03-05,station_v0_bogota_grid_probe_sp30_lm0.9,probe_lm0.9,RoundRobin,7,2022-03-05,weekend,0.0,0,96,0,0,0.9608216323270702,1.0005294768782478,27,0.0,0.9608216323270702,0,0.9
station_v0_bogota_grid_probe_sp30_lm0.9__ChargeAsFastAsPossible__seed8__2022-01-17,station_v0_bogota_grid_probe_sp30_lm0.9,probe_lm0.9,ChargeAsFastAsPossible,8,2022-01-17,weekday,-0.0699835044326641,32,96,32,10,0.9438384321926899,1.0,27,0.06998350443266277,0.9438384321926899,10,0.9
station_v0_bogota_grid_probe_sp30_lm0.9__RoundRobin__seed8__2022-01-17,station_v0_bogota_grid_probe_sp30_lm0.9,probe_lm0.9,RoundRobin,8,2022-01-17,weekday,-0.05051453710577941,28,96,28,8,0.9458909791528958,1.0,27,0.050514537105778246,0.9458909791528958,8,0.9
station_v0_bogota_grid_probe_sp30_lm0.9__ChargeAsFastAsPossible__seed8__2022-03-05,station_v0_bogota_grid_probe_sp30_lm0.9,probe_lm0.9,ChargeAsFastAsPossible,8,2022-03-05,weekend,0.0,0,96,0,0,0.9512283944565119,1.0,27,0.0,0.9512283944565119,0,0.9
station_v0_bogota_grid_probe_sp30_lm0.9__RoundRobin__seed8__2022-03-05,station_v0_bogota_grid_probe_sp30_lm0.9,probe_lm0.9,RoundRobin,8,2022-03-05,weekend,0.0,0,96,0,0,0.9504927570692402,1.0,27,0.0,0.9504927570692402,0,0.9
station_v0_bogota_grid_probe_sp30_lm0.9__ChargeAsFastAsPossible__seed9__2022-01-17,station_v0_bogota_grid_probe_sp30_lm0.9,probe_lm0.9,ChargeAsFastAsPossible,9,2022-01-17,weekday,0.0,0,96,0,0,0.9509895446986854,1.0,27,0.0,0.9509895446986854,0,0.9
station_v0_bogota_grid_probe_sp30_lm0.9__RoundRobin__seed9__2022-01-17,station_v0_bogota_grid_probe_sp30_lm0.9,probe_lm0.9,RoundRobin,9,2022-01-17,weekday,0.0,0,96,0,0,0.9509895446986854,1.0,27,0.0,0.9509895446986854,0,0.9
station_v0_bogota_grid_probe_sp30_lm0.9__ChargeAsFastAsPossible__seed9__2022-03-05,station_v0_bogota_grid_probe_sp30_lm0.9,probe_lm0.9,ChargeAsFastAsPossible,9,2022-03-05,weekend,0.0,0,96,0,0,0.9583485331973602,1.0,27,0.0,0.9583485331973602,0,0.9
station_v0_bogota_grid_probe_sp30_lm0.9__RoundRobin__seed9__2022-03-05,station_v0_bogota_grid_probe_sp30_lm0.9,probe_lm0.9,RoundRobin,9,2022-03-05,weekend,0.0,0,96,0,0,0.9583485331973602,1.0,27,0.0,0.9583485331973602,0,0.9
station_v0_bogota_grid_probe_sp30_lm1.0__ChargeAsFastAsPossible__seed0__2022-01-17,station_v0_bogota_grid_probe_sp30_lm1.0,probe_lm1.0,ChargeAsFastAsPossible,0,2022-01-17,weekday,-0.10352983347172998,38,96,38,9,0.9439876272580844,1.0,27,0.1035298334717284,0.9439876272580844,9,1.0
station_v0_bogota_grid_probe_sp30_lm1.0__RoundRobin__seed0__2022-01-17,station_v0_bogota_grid_probe_sp30_lm1.0,probe_lm1.0,RoundRobin,0,2022-01-17,weekday,-0.08691082258331524,39,96,39,10,0.9454173074931699,1.0,27,0.08691082258331362,0.9454173074931699,10,1.0
station_v0_bogota_grid_probe_sp30_lm1.0__ChargeAsFastAsPossible__seed0__2022-03-05,station_v0_bogota_grid_probe_sp30_lm1.0,probe_lm1.0,ChargeAsFastAsPossible,0,2022-03-05,weekend,0.0,0,96,0,0,0.9542484497460961,1.0,27,0.0,0.9542484497460961,0,1.0
station_v0_bogota_grid_probe_sp30_lm1.0__RoundRobin__seed0__2022-03-05,station_v0_bogota_grid_probe_sp30_lm1.0,probe_lm1.0,RoundRobin,0,2022-03-05,weekend,0.0,0,96,0,0,0.953043058633759,1.0,27,0.0,0.953043058633759,0,1.0
station_v0_bogota_grid_probe_sp30_lm1.0__ChargeAsFastAsPossible__seed1__2022-01-17,station_v0_bogota_grid_probe_sp30_lm1.0,probe_lm1.0,ChargeAsFastAsPossible,1,2022-01-17,weekday,-1.0463947447151376,151,96,151,29,0.9306697154887806,1.0,27,1.0463947447151312,0.9306697154887806,29,1.0
station_v0_bogota_grid_probe_sp30_lm1.0__RoundRobin__seed1__2022-01-17,station_v0_bogota_grid_probe_sp30_lm1.0,probe_lm1.0,RoundRobin,1,2022-01-17,weekday,-1.0585026974914578,152,96,152,29,0.9314156059934241,1.0,27,1.0585026974914513,0.9314156059934241,29,1.0
station_v0_bogota_grid_probe_sp30_lm1.0__ChargeAsFastAsPossible__seed1__2022-03-05,station_v0_bogota_grid_probe_sp30_lm1.0,probe_lm1.0,ChargeAsFastAsPossible,1,2022-03-05,weekend,-0.7218245169093647,118,96,118,21,0.9370953275934135,1.0,27,0.7218245169093597,0.9370953275934135,21,1.0
station_v0_bogota_grid_probe_sp30_lm1.0__RoundRobin__seed1__2022-03-05,station_v0_bogota_grid_probe_sp30_lm1.0,probe_lm1.0,RoundRobin,1,2022-03-05,weekend,-0.7262737839871616,116,96,116,21,0.9370736517547958,1.0,27,0.7262737839871567,0.9370736517547958,21,1.0
station_v0_bogota_grid_probe_sp30_lm1.0__ChargeAsFastAsPossible__seed2__2022-01-17,station_v0_bogota_grid_probe_sp30_lm1.0,probe_lm1.0,ChargeAsFastAsPossible,2,2022-01-17,weekday,-0.23386996978412894,52,96,52,10,0.9402598047159094,1.0,27,0.23386996978412677,0.9402598047159094,10,1.0
station_v0_bogota_grid_probe_sp30_lm1.0__RoundRobin__seed2__2022-01-17,station_v0_bogota_grid_probe_sp30_lm1.0,probe_lm1.0,RoundRobin,2,2022-01-17,weekday,-0.22053650456108503,50,96,50,10,0.9411885944507357,1.0,27,0.22053650456108298,0.9411885944507357,10,1.0
station_v0_bogota_grid_probe_sp30_lm1.0__ChargeAsFastAsPossible__seed2__2022-03-05,station_v0_bogota_grid_probe_sp30_lm1.0,probe_lm1.0,ChargeAsFastAsPossible,2,2022-03-05,weekend,0.0,0,96,0,0,0.953911802893764,1.003920467242222,27,0.0,0.953911802893764,0,1.0
station_v0_bogota_grid_probe_sp30_lm1.0__RoundRobin__seed2__2022-03-05,station_v0_bogota_grid_probe_sp30_lm1.0,probe_lm1.0,RoundRobin,2,2022-03-05,weekend,0.0,0,96,0,0,0.9545718544904852,1.0036917368904548,27,0.0,0.9545718544904852,0,1.0
station_v0_bogota_grid_probe_sp30_lm1.0__ChargeAsFastAsPossible__seed3__2022-01-17,station_v0_bogota_grid_probe_sp30_lm1.0,probe_lm1.0,ChargeAsFastAsPossible,3,2022-01-17,weekday,-0.000542239576014375,2,96,2,1,0.949685861343565,1.0,27,0.0005422395760142917,0.949685861343565,1,1.0
station_v0_bogota_grid_probe_sp30_lm1.0__RoundRobin__seed3__2022-01-17,station_v0_bogota_grid_probe_sp30_lm1.0,probe_lm1.0,RoundRobin,3,2022-01-17,weekday,-0.000542239576014375,2,96,2,1,0.949685861343565,1.0,27,0.0005422395760142917,0.949685861343565,1,1.0
station_v0_bogota_grid_probe_sp30_lm1.0__ChargeAsFastAsPossible__seed3__2022-03-05,station_v0_bogota_grid_probe_sp30_lm1.0,probe_lm1.0,ChargeAsFastAsPossible,3,2022-03-05,weekend,-0.17808493261001312,67,96,67,17,0.9450137984849543,1.0,27,0.17808493261001035,0.9450137984849543,17,1.0
station_v0_bogota_grid_probe_sp30_lm1.0__RoundRobin__seed3__2022-03-05,station_v0_bogota_grid_probe_sp30_lm1.0,probe_lm1.0,RoundRobin,3,2022-03-05,weekend,-0.18357618644086732,65,96,65,16,0.9446634059626537,1.0,27,0.1835761864408646,0.9446634059626537,16,1.0
station_v0_bogota_grid_probe_sp30_lm1.0__ChargeAsFastAsPossible__seed4__2022-01-17,station_v0_bogota_grid_probe_sp30_lm1.0,probe_lm1.0,ChargeAsFastAsPossible,4,2022-01-17,weekday,-0.000458681008141143,2,96,2,1,0.949669283807384,1.0,27,0.0004586810081410597,0.949669283807384,1,1.0
station_v0_bogota_grid_probe_sp30_lm1.0__RoundRobin__seed4__2022-01-17,station_v0_bogota_grid_probe_sp30_lm1.0,probe_lm1.0,RoundRobin,4,2022-01-17,weekday,0.0,0,96,0,0,0.9502682149171231,1.0,27,0.0,0.9502682149171231,0,1.0
station_v0_bogota_grid_probe_sp30_lm1.0__ChargeAsFastAsPossible__seed4__2022-03-05,station_v0_bogota_grid_probe_sp30_lm1.0,probe_lm1.0,ChargeAsFastAsPossible,4,2022-03-05,weekend,-0.8483658232730336,127,96,127,22,0.9357333997332192,1.0,27,0.8483658232730283,0.9357333997332192,22,1.0
station_v0_bogota_grid_probe_sp30_lm1.0__RoundRobin__seed4__2022-03-05,station_v0_bogota_grid_probe_sp30_lm1.0,probe_lm1.0,RoundRobin,4,2022-03-05,weekend,-0.8522361654133216,125,96,125,22,0.9352843907393821,1.0,27,0.8522361654133164,0.9352843907393821,22,1.0
station_v0_bogota_grid_probe_sp30_lm1.0__ChargeAsFastAsPossible__seed5__2022-01-17,station_v0_bogota_grid_probe_sp30_lm1.0,probe_lm1.0,ChargeAsFastAsPossible,5,2022-01-17,weekday,-0.7600711229505916,158,96,158,34,0.9372069052367564,1.0,27,0.7600711229505851,0.9372069052367564,34,1.0
station_v0_bogota_grid_probe_sp30_lm1.0__RoundRobin__seed5__2022-01-17,station_v0_bogota_grid_probe_sp30_lm1.0,probe_lm1.0,RoundRobin,5,2022-01-17,weekday,-0.7415154093264249,157,96,157,33,0.9378767220790404,1.0,27,0.7415154093264184,0.9378767220790404,33,1.0
station_v0_bogota_grid_probe_sp30_lm1.0__ChargeAsFastAsPossible__seed5__2022-03-05,station_v0_bogota_grid_probe_sp30_lm1.0,probe_lm1.0,ChargeAsFastAsPossible,5,2022-03-05,weekend,-0.0007212934618596456,2,96,2,1,0.9495795263194351,1.0,27,0.0007212934618595623,0.9495795263194351,1,1.0
station_v0_bogota_grid_probe_sp30_lm1.0__RoundRobin__seed5__2022-03-05,station_v0_bogota_grid_probe_sp30_lm1.0,probe_lm1.0,RoundRobin,5,2022-03-05,weekend,-0.0014124326586038571,4,96,4,2,0.9493596609542335,1.0,27,0.0014124326586036906,0.9493596609542335,2,1.0
station_v0_bogota_grid_probe_sp30_lm1.0__ChargeAsFastAsPossible__seed6__2022-01-17,station_v0_bogota_grid_probe_sp30_lm1.0,probe_lm1.0,ChargeAsFastAsPossible,6,2022-01-17,weekday,-1.3932308888520888,181,96,181,32,0.9304712648981213,1.0,27,1.3932308888520812,0.9304712648981213,32,1.0
station_v0_bogota_grid_probe_sp30_lm1.0__RoundRobin__seed6__2022-01-17,station_v0_bogota_grid_probe_sp30_lm1.0,probe_lm1.0,RoundRobin,6,2022-01-17,weekday,-1.383395698411638,175,96,175,30,0.9306487423729753,1.0,27,1.383395698411631,0.9306487423729753,30,1.0
station_v0_bogota_grid_probe_sp30_lm1.0__ChargeAsFastAsPossible__seed6__2022-03-05,station_v0_bogota_grid_probe_sp30_lm1.0,probe_lm1.0,ChargeAsFastAsPossible,6,2022-03-05,weekend,-0.5469928358246372,127,96,127,27,0.9405001060195564,1.0,27,0.5469928358246319,0.9405001060195564,27,1.0
station_v0_bogota_grid_probe_sp30_lm1.0__RoundRobin__seed6__2022-03-05,station_v0_bogota_grid_probe_sp30_lm1.0,probe_lm1.0,RoundRobin,6,2022-03-05,weekend,-0.5526442207670259,129,96,129,28,0.9399911392859454,1.0,27,0.5526442207670206,0.9399911392859454,28,1.0
station_v0_bogota_grid_probe_sp30_lm1.0__ChargeAsFastAsPossible__seed7__2022-01-17,station_v0_bogota_grid_probe_sp30_lm1.0,probe_lm1.0,ChargeAsFastAsPossible,7,2022-01-17,weekday,-0.7149514753474582,143,96,143,29,0.9348338828962794,1.0,27,0.7149514753474522,0.9348338828962794,29,1.0
station_v0_bogota_grid_probe_sp30_lm1.0__RoundRobin__seed7__2022-01-17,station_v0_bogota_grid_probe_sp30_lm1.0,probe_lm1.0,RoundRobin,7,2022-01-17,weekday,-0.6847356577519884,137,96,137,29,0.9366596575251048,1.0,27,0.6847356577519828,0.9366596575251048,29,1.0
station_v0_bogota_grid_probe_sp30_lm1.0__ChargeAsFastAsPossible__seed7__2022-03-05,station_v0_bogota_grid_probe_sp30_lm1.0,probe_lm1.0,ChargeAsFastAsPossible,7,2022-03-05,weekend,0.0,0,96,0,0,0.9569354900052641,1.0,27,0.0,0.9569354900052641,0,1.0
station_v0_bogota_grid_probe_sp30_lm1.0__RoundRobin__seed7__2022-03-05,station_v0_bogota_grid_probe_sp30_lm1.0,probe_lm1.0,RoundRobin,7,2022-03-05,weekend,0.0,0,96,0,0,0.9562665252673509,1.0,27,0.0,0.9562665252673509,0,1.0
station_v0_bogota_grid_probe_sp30_lm1.0__ChargeAsFastAsPossible__seed8__2022-01-17,station_v0_bogota_grid_probe_sp30_lm1.0,probe_lm1.0,ChargeAsFastAsPossible,8,2022-01-17,weekday,-0.4605600007621238,116,96,116,26,0.9375514149818536,1.0,27,0.460560000762119,0.9375514149818536,26,1.0
station_v0_bogota_grid_probe_sp30_lm1.0__RoundRobin__seed8__2022-01-17,station_v0_bogota_grid_probe_sp30_lm1.0,probe_lm1.0,RoundRobin,8,2022-01-17,weekday,-0.4260341142889071,110,96,110,25,0.9395312302940784,1.0,27,0.4260341142889025,0.9395312302940784,25,1.0
station_v0_bogota_grid_probe_sp30_lm1.0__ChargeAsFastAsPossible__seed8__2022-03-05,station_v0_bogota_grid_probe_sp30_lm1.0,probe_lm1.0,ChargeAsFastAsPossible,8,2022-03-05,weekend,-0.10326917088414593,41,96,41,10,0.9453405443941076,1.0,27,0.10326917088414422,0.9453405443941076,10,1.0
station_v0_bogota_grid_probe_sp30_lm1.0__RoundRobin__seed8__2022-03-05,station_v0_bogota_grid_probe_sp30_lm1.0,probe_lm1.0,RoundRobin,8,2022-03-05,weekend,-0.10893432173649727,39,96,39,10,0.944683521951741,1.0,27,0.10893432173649564,0.944683521951741,10,1.0
station_v0_bogota_grid_probe_sp30_lm1.0__ChargeAsFastAsPossible__seed9__2022-01-17,station_v0_bogota_grid_probe_sp30_lm1.0,probe_lm1.0,ChargeAsFastAsPossible,9,2022-01-17,weekday,-0.10379262788372245,48,96,48,12,0.945170121282706,1.0,27,0.10379262788372046,0.945170121282706,12,1.0
station_v0_bogota_grid_probe_sp30_lm1.0__RoundRobin__seed9__2022-01-17,station_v0_bogota_grid_probe_sp30_lm1.0,probe_lm1.0,RoundRobin,9,2022-01-17,weekday,-0.0911985765778139,47,96,47,13,0.945170121282706,1.0,27,0.09119857657781194,0.945170121282706,13,1.0
station_v0_bogota_grid_probe_sp30_lm1.0__ChargeAsFastAsPossible__seed9__2022-03-05,station_v0_bogota_grid_probe_sp30_lm1.0,probe_lm1.0,ChargeAsFastAsPossible,9,2022-03-05,weekend,0.0,0,96,0,0,0.9534074743906661,1.0,27,0.0,0.9534074743906661,0,1.0
station_v0_bogota_grid_probe_sp30_lm1.0__RoundRobin__seed9__2022-03-05,station_v0_bogota_grid_probe_sp30_lm1.0,probe_lm1.0,RoundRobin,9,2022-03-05,weekend,0.0,0,96,0,0,0.9534074743906661,1.0,27,0.0,0.9534074743906661,0,1.0
