setting,algorithm,gross_margin_cop_per_day_mean,gross_margin_ci_low,gross_margin_ci_high,margin_conceded_vs_afap_cop_per_day,conceded_ci_low,conceded_ci_high,unit_margin_cop_per_kwh,n_clusters
base,ChargeAsFastAsPossible,118083.99246084639,112672.73553189517,123672.40214189784,-0.0,-0.0,-0.0,584.2385,50
base,RoundRobin,117532.08046684928,112136.76906239816,123123.9035894968,551.9119939971434,274.2932474502261,874.214986485169,584.2385,50
base,MPC_TrackingG2V,117512.14490215167,112098.7996746556,123081.07008535284,571.8475586947385,550.6207200644832,593.0720204500282,584.2385,50
base,TD3_vanilla_extended_ts102,115613.60535516594,110004.31747124079,121381.03156207563,2470.3871056804905,1353.5147043524596,3797.851651255349,584.2385,50
base,Optimal_Oracle_Tracking,117507.36954903418,112099.31643942799,123073.82480890247,576.6229118122205,555.5606431452231,598.0705528445247,584.2385,50
spawn1.3,ChargeAsFastAsPossible,131237.8239477066,126410.4411121316,136155.6269343209,-0.0,-0.0,-0.0,584.2385,50
spawn1.3,RoundRobin,130437.84089154581,125536.89299400173,135423.77161273535,799.9830561607711,472.29663786811216,1176.3626631913094,584.2385,50
spawn1.3,MPC_TrackingG2V,130601.18380962333,125769.53657243494,135510.97851330848,636.6401380832513,617.1364073346766,656.4443152202749,584.2385,50
spawn1.3,TD3_vanilla_extended_ts102,129433.38428757533,124545.15239604123,134342.78247394925,1804.4396601312371,920.083872887737,2824.461248330194,584.2385,50
spawn1.3,Optimal_Oracle_Tracking,130605.06218004413,125775.40402775697,135515.97981456423,632.7617676624479,612.8009697756947,653.0907780955043,584.2385,50
spawn1.6,ChargeAsFastAsPossible,139905.1354933742,134615.259842164,145437.27349128836,-0.0,-0.0,-0.0,584.2385,50
spawn1.6,RoundRobin,139349.0189265304,133955.99405547755,144948.86141377245,556.1165668437804,261.44465049296275,921.1853274246747,584.2385,50
spawn1.6,MPC_TrackingG2V,139221.71738374612,133928.7765477871,144751.06238382965,683.4181096280776,666.392909030928,700.171020491595,584.2385,50
spawn1.6,TD3_vanilla_extended_ts102,138657.0165699132,133445.1990147195,144053.7058161607,1248.118923461028,544.6941281798468,2108.3752998990494,584.2385,50
spawn1.6,Optimal_Oracle_Tracking,139238.3821505007,133939.118699564,144768.1226204462,666.7533428734916,648.6866946191101,685.0036308928914,584.2385,50
load1.3,ChargeAsFastAsPossible,118083.99246084639,112672.73553189517,123672.40214189784,-0.0,-0.0,-0.0,584.2385,50
load1.3,RoundRobin,117532.08046684928,112136.76906239816,123123.9035894968,551.9119939971434,274.2932474502261,874.214986485169,584.2385,50
load1.3,MPC_TrackingG2V,117512.14490215167,112098.7996746556,123081.07008535284,571.8475586947385,550.6207200644832,593.0720204500282,584.2385,50
load1.3,TD3_vanilla_extended_ts102,115613.60535516594,110004.31747124079,121381.03156207563,2470.3871056804905,1353.5147043524596,3797.851651255349,584.2385,50
load1.3,Optimal_Oracle_Tracking,117507.36954903418,112099.31643942799,123073.82480890247,576.6229118122205,555.5606431452231,598.0705528445247,584.2385,50
load1.6,ChargeAsFastAsPossible,118083.99246084642,112672.73553189517,123672.40214189784,-0.0,-0.0,-0.0,584.2385,50
load1.6,RoundRobin,117532.08046684926,112136.76906239816,123123.9035894968,551.9119939971434,274.2932474502261,874.214986485169,584.2385,50
load1.6,MPC_TrackingG2V,117512.14490215167,112098.79967465562,123081.07008535285,571.8475586947385,550.6207200644832,593.0720204500282,584.2385,50
load1.6,TD3_vanilla_extended_ts102,115613.60535516591,110004.31747124079,121381.03156207563,2470.3871056804905,1353.5147043524596,3797.85165125535,584.2385,50
load1.6,Optimal_Oracle_Tracking,117507.36954903418,112099.31643942802,123073.82480890247,576.6229118122205,555.5606431452231,598.0705528445247,584.2385,50
