setting,algorithm,avg_satisfaction_mean,avg_satisfaction_ci_low,satisfaction_target_met_ci_lower_gt_90pct,ens_rel_point_pct,ens_rel_ci_high_pct,ens_target_met_ci_upper_lt_15pct,voltage_cells_station_adds_outside_samples,voltage_cells_total,voltage_station_increment_ci_high,voltage_station_adds_no_excursion_all_cells,voltage_cells_idle_feeder_outside_band,n_clusters
base,ChargeAsFastAsPossible,1.0,1.0,True,0.0,0.0,True,74,100,4.11,False,78,50
base,RoundRobin,0.9990921428571429,0.9984547299107144,True,0.47290837328518803,0.7540526605765054,True,70,100,3.24,False,78,50
base,MPC_TrackingG2V,1.0,1.0,True,0.49449646286509824,0.5168407105253024,True,73,100,3.35,False,78,50
base,TD3_vanilla_extended_ts102,0.9958723033843278,0.9936203751683754,True,2.203185840228713,3.3175178768827767,True,73,100,3.43,False,78,50
base,Optimal_Oracle_Tracking,1.0,1.0,True,0.49780336737091063,0.519748957579136,True,70,100,3.38,False,78,50
spawn1.3,ChargeAsFastAsPossible,1.0,1.0,True,0.0,0.0,True,81,100,5.0,False,84,50
spawn1.3,RoundRobin,0.9988629166666668,0.99826240625,True,0.6285888424905458,0.9200119524845849,True,85,100,4.59,False,84,50
spawn1.3,MPC_TrackingG2V,1.0,1.0,True,0.4930532045446791,0.5142220304762677,True,86,100,4.74,False,84,50
spawn1.3,TD3_vanilla_extended_ts102,0.9970856436803709,0.9953376449967671,True,1.3726866013578949,2.115397605203333,True,82,100,4.39,False,84,50
spawn1.3,Optimal_Oracle_Tracking,1.0,1.0,True,0.48889830252606553,0.5089658734196997,True,85,100,4.56,False,84,50
spawn1.6,ChargeAsFastAsPossible,1.0,1.0,True,0.0,0.0,True,79,100,5.02,False,86,50
spawn1.6,RoundRobin,0.9992978571428572,0.998775228422619,True,0.4197574973287243,0.7137939413109817,True,85,100,4.71,False,86,50
spawn1.6,MPC_TrackingG2V,1.0,1.0,True,0.4963365952683419,0.5159594996018655,True,88,100,4.57,False,86,50
spawn1.6,TD3_vanilla_extended_ts102,0.9983488190600113,0.9971827881736398,True,0.8708824642893185,1.424655342980462,True,83,100,4.540249999999997,False,86,50
spawn1.6,Optimal_Oracle_Tracking,1.0,1.0,True,0.48441312935053576,0.5054341902077178,True,87,100,4.530249999999997,False,86,50
load1.3,ChargeAsFastAsPossible,1.0,1.0,True,0.0,0.0,True,93,100,4.92,False,100,50
load1.3,RoundRobin,0.9990921428571429,0.9984547299107144,True,0.47290837328518803,0.7540526605765054,True,89,100,4.74,False,100,50
load1.3,MPC_TrackingG2V,1.0,1.0,True,0.49449646286509824,0.5168407105253024,True,92,100,4.62,False,100,50
load1.3,TD3_vanilla_extended_ts102,0.9958723033843278,0.9936203751683754,True,2.203185840228713,3.3175178768827767,True,92,100,4.49,False,100,50
load1.3,Optimal_Oracle_Tracking,1.0,1.0,True,0.49780336737091063,0.519748957579136,True,93,100,4.46,False,100,50
load1.6,ChargeAsFastAsPossible,1.0,1.0,True,0.0,0.0,True,94,100,4.81,False,100,50
load1.6,RoundRobin,0.9990921428571427,0.9984547299107144,True,0.47290837328518803,0.7540526605765054,True,91,100,4.66,False,100,50
load1.6,MPC_TrackingG2V,1.0,1.0,True,0.49449646286509824,0.5168407105253024,True,92,100,5.02,False,100,50
load1.6,TD3_vanilla_extended_ts102,0.9958723033843278,0.9936203751683755,True,2.203185840228713,3.3175178768827767,True,92,100,4.37,False,100,50
load1.6,Optimal_Oracle_Tracking,1.0,1.0,True,0.49780336737091063,0.519748957579136,True,94,100,5.120249999999997,False,100,50
