setting,algorithm,ENS_rel_point_pct,ENS_rel_ci_low_pct,ENS_rel_ci_high_pct,ENS_rel_pass_15pct_ci_upper_bound,ENS_abs_diagnostic_pct,avg_satisfaction_pct,min_satisfaction_pct,satisfaction_gt_90pct,n_seeds
base,ChargeAsFastAsPossible,0.0,0.0,0.0,True,0.024873778597780002,1.0,100.0,True,50
base,RoundRobin,0.47290837328518803,0.23765238024616595,0.7540526605765054,True,0.4967744400357931,0.9990921428571429,98.79914285714285,True,50
base,MPC_TrackingG2V,0.49449646286509824,0.47065006357251477,0.5168407105253024,True,0.5193139071654651,1.0,100.0,True,50
base,TD3_vanilla_extended_ts102,2.203185840228713,1.2371638531283793,3.3175178768827767,True,2.168437027740356,0.9958723033843278,94.65143504437793,True,50
base,Optimal_Oracle_Tracking,0.49780336737091063,0.47445692395634137,0.519748957579136,True,0.5218208562139997,1.0,100.0,True,50
spawn1.3,ChargeAsFastAsPossible,0.0,0.0,0.0,True,0.025495076185385532,1.0,100.0,True,50
spawn1.3,RoundRobin,0.6285888424905458,0.3714012385715657,0.9200119524845849,True,0.6517026792711631,0.9988629166666668,98.17471428571429,True,50
spawn1.3,MPC_TrackingG2V,0.4930532045446791,0.470848814973946,0.5142220304762677,True,0.5185273969188665,1.0,100.0,True,50
spawn1.3,TD3_vanilla_extended_ts102,1.3726866013578949,0.7188751697067002,2.115397605203333,True,1.370256799039053,0.9970856436803709,95.813111514669,True,50
spawn1.3,Optimal_Oracle_Tracking,0.48889830252606553,0.46869621454285315,0.5089658734196997,True,0.5143544496064953,1.0,100.0,True,50
spawn1.6,ChargeAsFastAsPossible,0.0,0.0,0.0,True,0.0259330739154123,1.0,100.0,True,50
spawn1.6,RoundRobin,0.4197574973287243,0.184753089289937,0.7137939413109817,True,0.4450449552998411,0.9992978571428572,98.77714285714285,True,50
spawn1.6,MPC_TrackingG2V,0.4963365952683419,0.47572206241796755,0.5159594996018655,True,0.5223370067399715,1.0,100.0,True,50
spawn1.6,TD3_vanilla_extended_ts102,0.8708824642893185,0.4006893405834909,1.424655342980462,True,0.9055564422522209,0.9983488190600113,97.12682478173245,True,50
spawn1.6,Optimal_Oracle_Tracking,0.48441312935053576,0.4630589839262056,0.5054341902077178,True,0.5101898073402178,1.0,100.0,True,50
load1.3,ChargeAsFastAsPossible,0.0,0.0,0.0,True,0.024873778597780002,1.0,100.0,True,50
load1.3,RoundRobin,0.47290837328518803,0.23765238024616595,0.7540526605765054,True,0.4967744400357931,0.9990921428571429,98.79914285714285,True,50
load1.3,MPC_TrackingG2V,0.49449646286509824,0.47065006357251477,0.5168407105253024,True,0.5193139071654651,1.0,100.0,True,50
load1.3,TD3_vanilla_extended_ts102,2.203185840228713,1.2371638531283793,3.3175178768827767,True,2.168437027740356,0.9958723033843278,94.65143504437793,True,50
load1.3,Optimal_Oracle_Tracking,0.49780336737091063,0.47445692395634137,0.519748957579136,True,0.5218208562139997,1.0,100.0,True,50
load1.6,ChargeAsFastAsPossible,0.0,0.0,0.0,True,0.024873778597780002,1.0,100.0,True,50
load1.6,RoundRobin,0.47290837328518803,0.23765238024616595,0.7540526605765054,True,0.4967744400357931,0.9990921428571427,98.79914285714285,True,50
load1.6,MPC_TrackingG2V,0.49449646286509824,0.47065006357251477,0.5168407105253024,True,0.5193139071654651,1.0,100.0,True,50
load1.6,TD3_vanilla_extended_ts102,2.203185840228713,1.2371638531283793,3.3175178768827767,True,2.168437027740356,0.9958723033843278,94.65143504437793,True,50
load1.6,Optimal_Oracle_Tracking,0.49780336737091063,0.47445692395634137,0.519748957579136,True,0.5218208562139997,1.0,100.0,True,50
