# Regenerated 2026-10-06 by scripts/regenerate_margin_vs_overload.py from the current analysis rows (50 seeds x 2 day types); supersedes the stale pre-Gate-4 version.
algorithm,mean_margin,mean_overload,mean_satisfaction,margin_foregone_vs_afap_cop,overload_avoided_vs_afap_kwh,cop_per_kwh_overload_avoided
MPC_EnergyMaxG2V,118087.10577172614,6.1914790254020005e-06,1.0,-3.113310879751225,14.224730375177367,-0.21886607321457965
ChargeAsFastAsPossible,118083.99246084639,14.224736566656393,1.0,0.0,0.0,
RandomPolicy,118031.05945676104,3.3164083739149617,1.0,52.93300408535288,10.90832819274143,4.852531309112547
Optimal_Oracle_Balanced,117962.93920309031,0.0,1.0,121.05325775608071,14.224736566656393,8.510052695094302
RoundRobin,117532.08046684926,0.0,0.9990921428571429,551.9119939971279,14.224736566656393,38.79945272876558
MPC_TrackingG2V,117512.14490215167,0.0,1.0,571.847558694717,14.224736566656393,40.200924355615896
Optimal_Oracle_Tracking,117507.36954903418,0.0,1.0,576.6229118122137,14.224736566656393,40.53663202198424
TD3_TrackingOnly_ts100,112474.20158554922,10.875796454309322,0.9909251913265307,5609.790875297171,3.348940112347071,1675.0944140848208
TD3_TrackingOnly_ts102,110803.56874976032,4.637838178240389,0.9874354922280889,7280.42371108607,9.586898388416003,759.4138809151372
TD3_vanilla_ts102,108158.62616104419,4.7017073394317315,0.9834479976801569,9925.366299802205,9.523029227224661,1042.2488541174832
TD3_TrackingOnly_ts101,107872.79260187346,9.274499274318273,0.9829554778966287,10211.199858972934,4.9502372923381195,2062.7697736384534
TD3_vanilla_ts101,106681.76481717026,4.483569891284005,0.9806806798840627,11402.227643676131,9.741166675372387,1170.5197153132835
TD3_vanilla_ts100,106340.4351546219,4.98363120662573,0.9797995153061224,11743.557306224495,9.241105360030662,1270.795738031227
