setting,config_name,seed,eval_day,n_steps,n_bus_steps_outside,n_steps_any_bus_outside,min_voltage_pu,max_voltage_pu,worst_bus,excursion_pu_steps,station_bus_min_voltage_pu,station_bus_steps_outside
base,station_v0_bogota_grid,0,2022-01-17,96,29,7,0.9461470568901876,1.0,27,0.06562955544859672,0.9461470568901876,7
base,station_v0_bogota_grid,0,2022-03-05,96,0,0,0.9543126735328891,1.0,27,0.0,0.9543126735328891,0
base,station_v0_bogota_grid,1,2022-01-17,96,151,29,0.9321688318009932,1.0,27,1.0051674445086873,0.9321688318009932,29
base,station_v0_bogota_grid,1,2022-03-05,96,116,21,0.9370953275934135,1.0,27,0.6896368086059851,0.9370953275934135,21
base,station_v0_bogota_grid,2,2022-01-17,96,48,10,0.9415767396570905,1.0,27,0.2077706091479069,0.9415767396570905,10
base,station_v0_bogota_grid,2,2022-03-05,96,0,0,0.95548136967027,1.003920467242222,27,0.0,0.95548136967027,0
base,station_v0_bogota_grid,3,2022-01-17,96,2,1,0.949685861343565,1.0,27,0.0005422395760142917,0.949685861343565,1
base,station_v0_bogota_grid,3,2022-03-05,96,62,15,0.9450137984849543,1.0,27,0.17232611398398567,0.9450137984849543,15
base,station_v0_bogota_grid,4,2022-01-17,96,0,0,0.9508500064065382,1.0,27,0.0,0.9508500064065382,0
base,station_v0_bogota_grid,4,2022-03-05,96,123,22,0.9357333997332192,1.0,27,0.8371372771690386,0.9357333997332192,22
base,station_v0_bogota_grid,5,2022-01-17,96,154,33,0.9382900803193548,1.0,27,0.7032213052290375,0.9382900803193548,33
base,station_v0_bogota_grid,5,2022-03-05,96,2,1,0.9495795263194351,1.0,27,0.0007212934618595623,0.9495795263194351,1
base,station_v0_bogota_grid,6,2022-01-17,96,174,30,0.931100389456624,1.0,27,1.3603046307288937,0.931100389456624,30
base,station_v0_bogota_grid,6,2022-03-05,96,126,27,0.9405001060195564,1.0,27,0.5324239669801241,0.9405001060195564,27
base,station_v0_bogota_grid,7,2022-01-17,96,132,28,0.9373372272001621,1.0,27,0.6179470697723115,0.9373372272001621,28
base,station_v0_bogota_grid,7,2022-03-05,96,0,0,0.9569354900052641,1.0,27,0.0,0.9569354900052641,0
base,station_v0_bogota_grid,8,2022-01-17,96,106,25,0.9403495910658276,1.0,27,0.35899579954028227,0.9403495910658276,25
base,station_v0_bogota_grid,8,2022-03-05,96,36,9,0.9453405443941076,1.0,27,0.08505289923978399,0.9453405443941076,9
base,station_v0_bogota_grid,9,2022-01-17,96,41,11,0.945170121282706,1.0,27,0.08593173278992994,0.945170121282706,11
base,station_v0_bogota_grid,9,2022-03-05,96,0,0,0.9534074743906661,1.0,27,0.0,0.9534074743906661,0
base,station_v0_bogota_grid,10,2022-01-17,96,21,6,0.9468763553438783,1.0,27,0.039189249175356156,0.9468763553438783,6
base,station_v0_bogota_grid,10,2022-03-05,96,110,21,0.9379564640592483,1.0,27,0.5705175191851143,0.9379564640592483,21
base,station_v0_bogota_grid,11,2022-01-17,96,0,0,0.9503875133699656,1.0,27,0.0,0.9503875133699656,0
base,station_v0_bogota_grid,11,2022-03-05,96,0,0,0.951339710251687,1.002069152430311,27,0.0,0.951339710251687,0
base,station_v0_bogota_grid,12,2022-01-17,96,120,21,0.9346648972328407,1.0,27,0.7412879011328211,0.9346648972328407,21
base,station_v0_bogota_grid,12,2022-03-05,96,0,0,0.9604576215609892,1.00088186654048,27,0.0,0.9604576215609892,0
base,station_v0_bogota_grid,13,2022-01-17,96,60,13,0.9411827282930927,1.0,27,0.24035102875183045,0.9411827282930927,13
base,station_v0_bogota_grid,13,2022-03-05,96,43,13,0.9471111589597064,1.0,27,0.0643479978685324,0.9471111589597064,13
base,station_v0_bogota_grid,14,2022-01-17,96,46,11,0.94445583856867,1.0,27,0.12076471321467108,0.94445583856867,11
base,station_v0_bogota_grid,14,2022-03-05,96,63,14,0.9433567087471549,1.0,27,0.21750706857878022,0.9433567087471549,14
base,station_v0_bogota_grid,15,2022-01-17,96,153,26,0.9320621310722658,1.0,27,1.1881543749135601,0.9320621310722658,26
base,station_v0_bogota_grid,15,2022-03-05,96,118,21,0.9395308418113877,1.0,27,0.6672055722657112,0.9395308418113877,21
base,station_v0_bogota_grid,16,2022-01-17,96,44,12,0.9439996717574086,1.0,27,0.10950500312092959,0.9439996717574086,12
base,station_v0_bogota_grid,16,2022-03-05,96,35,10,0.945976568848992,1.0,27,0.07095343497700124,0.945976568848992,10
base,station_v0_bogota_grid,17,2022-01-17,96,42,9,0.9421841941066701,1.0,27,0.16106841855093512,0.9421841941066701,9
base,station_v0_bogota_grid,17,2022-03-05,96,0,0,0.9511522512601688,1.0,27,0.0,0.9511522512601688,0
base,station_v0_bogota_grid,18,2022-01-17,96,139,24,0.9319869365394912,1.0,27,1.108250632558349,0.9319869365394912,24
base,station_v0_bogota_grid,18,2022-03-05,96,10,4,0.949035786261703,1.0,27,0.0049653706155855515,0.949035786261703,4
base,station_v0_bogota_grid,19,2022-01-17,96,161,28,0.9275216312267027,1.0,27,1.3251889875908096,0.9275216312267027,28
base,station_v0_bogota_grid,19,2022-03-05,96,0,0,0.9553996991666217,1.0,27,0.0,0.9553996991666217,0
base,station_v0_bogota_grid,20,2022-01-17,96,189,39,0.9342206197753775,1.0,27,1.0467464415590797,0.9342206197753775,39
base,station_v0_bogota_grid,20,2022-03-05,96,0,0,0.9536618187895098,1.004479605067883,27,0.0,0.9536618187895098,0
base,station_v0_bogota_grid,21,2022-01-17,96,117,24,0.9369431077697783,1.0,27,0.6142730221748106,0.9369431077697783,24
base,station_v0_bogota_grid,21,2022-03-05,96,80,17,0.9398525504975964,1.0,27,0.34052301737578905,0.9398525504975964,17
base,station_v0_bogota_grid,22,2022-01-17,96,64,15,0.9428314279350022,1.0,27,0.19305770545058087,0.9428314279350022,15
base,station_v0_bogota_grid,22,2022-03-05,96,45,12,0.9457436670804897,1.0,27,0.09475804784199027,0.9457436670804897,12
base,station_v0_bogota_grid,23,2022-01-17,96,141,27,0.9351467635292895,1.0,27,0.9049323808942693,0.9351467635292895,27
base,station_v0_bogota_grid,23,2022-03-05,96,0,0,0.9535898717501696,1.0,27,0.0,0.9535898717501696,0
base,station_v0_bogota_grid,24,2022-01-17,96,138,27,0.9363252821831453,1.0,27,0.7951777347602796,0.9363252821831453,27
base,station_v0_bogota_grid,24,2022-03-05,96,24,8,0.9480422071395564,1.0,27,0.019318891480519018,0.9480422071395564,8
base,station_v0_bogota_grid,25,2022-01-17,96,10,4,0.9479138604491418,1.0,27,0.00864315155236306,0.9479138604491418,4
base,station_v0_bogota_grid,25,2022-03-05,96,84,17,0.9405146410803604,1.0,27,0.3966819667140956,0.9405146410803604,17
base,station_v0_bogota_grid,26,2022-01-17,96,163,32,0.9366024965444664,1.0,27,0.900871478290381,0.9366024965444664,32
base,station_v0_bogota_grid,26,2022-03-05,96,0,0,0.9526852747365157,1.0006529265849795,27,0.0,0.9526852747365157,0
base,station_v0_bogota_grid,27,2022-01-17,96,38,8,0.9423765649745451,1.0,27,0.13672797078013044,0.9423765649745451,8
base,station_v0_bogota_grid,27,2022-03-05,96,0,0,0.9555865905285005,1.0,27,0.0,0.9555865905285005,0
base,station_v0_bogota_grid,28,2022-01-17,96,2,2,0.9499163497541857,1.0,27,0.00015148536149744984,0.9499163497541857,2
base,station_v0_bogota_grid,28,2022-03-05,96,0,0,0.9552800472055255,1.0,27,0.0,0.9552800472055255,0
base,station_v0_bogota_grid,29,2022-01-17,96,105,20,0.933198440055253,1.0,27,0.7106844016985747,0.933198440055253,20
base,station_v0_bogota_grid,29,2022-03-05,96,88,17,0.9373467138087315,1.0,27,0.5375573383495934,0.9373467138087315,17
base,station_v0_bogota_grid,30,2022-01-17,96,0,0,0.9507644397994902,1.0,27,0.0,0.9507644397994902,0
base,station_v0_bogota_grid,30,2022-03-05,96,35,11,0.947944964827035,1.0,27,0.041513584712814744,0.947944964827035,11
base,station_v0_bogota_grid,31,2022-01-17,96,57,15,0.9443842480716873,1.0,27,0.1457382649560045,0.9443842480716873,15
base,station_v0_bogota_grid,31,2022-03-05,96,0,0,0.9598069165774619,1.0,27,0.0,0.9598069165774619,0
base,station_v0_bogota_grid,32,2022-01-17,96,94,20,0.939542225619922,1.0,27,0.38250133801115194,0.939542225619922,20
base,station_v0_bogota_grid,32,2022-03-05,96,0,0,0.9573065277090553,1.0001053791360894,27,0.0,0.9573065277090553,0
base,station_v0_bogota_grid,33,2022-01-17,96,72,16,0.9411944448909063,1.0,27,0.310546074838852,0.9411944448909063,16
base,station_v0_bogota_grid,33,2022-03-05,96,6,4,0.9496805894677861,1.0,27,0.0010803110977256614,0.9496805894677861,4
base,station_v0_bogota_grid,34,2022-01-17,96,21,7,0.9477631273832297,1.0,27,0.022899716475402676,0.9477631273832297,7
base,station_v0_bogota_grid,34,2022-03-05,96,100,17,0.9373271439588217,1.0,27,0.6070057634615065,0.9373271439588217,17
base,station_v0_bogota_grid,35,2022-01-17,96,0,0,0.9508800259696303,1.0,27,0.0,0.9508800259696303,0
base,station_v0_bogota_grid,35,2022-03-05,96,77,16,0.9421337869399357,1.0,27,0.30905673991893534,0.9421337869399357,16
base,station_v0_bogota_grid,36,2022-01-17,96,82,22,0.9427391454500598,1.0,27,0.22452687390067305,0.9427391454500598,22
base,station_v0_bogota_grid,36,2022-03-05,96,76,16,0.940349907808061,1.0,27,0.34837149131676026,0.940349907808061,16
base,station_v0_bogota_grid,37,2022-01-17,96,65,15,0.942205159600532,1.0,27,0.23345929033664514,0.942205159600532,15
base,station_v0_bogota_grid,37,2022-03-05,96,59,14,0.9422568471353688,1.0,27,0.21349331557338103,0.9422568471353688,14
base,station_v0_bogota_grid,38,2022-01-17,96,41,11,0.9437149928043248,1.0,27,0.10605647354082548,0.9437149928043248,11
base,station_v0_bogota_grid,38,2022-03-05,96,0,0,0.9544965466111712,1.0,27,0.0,0.9544965466111712,0
base,station_v0_bogota_grid,39,2022-01-17,96,28,7,0.9447005632222341,1.0,27,0.07841936097179436,0.9447005632222341,7
base,station_v0_bogota_grid,39,2022-03-05,96,7,3,0.949432072630249,1.0,27,0.001987652179806343,0.949432072630249,3
base,station_v0_bogota_grid,40,2022-01-17,96,16,5,0.9472038343195252,1.0,27,0.022779654966613605,0.9472038343195252,5
base,station_v0_bogota_grid,40,2022-03-05,96,0,0,0.9513127785356231,1.0,27,0.0,0.9513127785356231,0
base,station_v0_bogota_grid,41,2022-01-17,96,144,25,0.9324191572200857,1.0,27,1.0593059843146075,0.9324191572200857,25
base,station_v0_bogota_grid,41,2022-03-05,96,27,8,0.946981353156355,1.0,27,0.03838851796663967,0.946981353156355,8
base,station_v0_bogota_grid,42,2022-01-17,96,86,18,0.9417927969282012,1.0,27,0.33159249358034104,0.9417927969282012,18
base,station_v0_bogota_grid,42,2022-03-05,96,29,8,0.946692810813393,1.0,27,0.04934536253207811,0.946692810813393,8
base,station_v0_bogota_grid,43,2022-01-17,96,159,33,0.9339121001814011,1.0,27,0.9077205834267672,0.9339121001814011,33
base,station_v0_bogota_grid,43,2022-03-05,96,7,3,0.9490706922100725,1.0002790164786108,27,0.003657001703305407,0.9490706922100725,3
base,station_v0_bogota_grid,44,2022-01-17,96,223,45,0.9317316465287508,1.0,27,1.3240570144292754,0.9317316465287508,45
base,station_v0_bogota_grid,44,2022-03-05,96,36,12,0.9467343909046829,1.0,27,0.0464284327611898,0.9467343909046829,12
base,station_v0_bogota_grid,45,2022-01-17,96,33,8,0.9432543708466591,1.0,27,0.12490495467205986,0.9432543708466591,8
base,station_v0_bogota_grid,45,2022-03-05,96,11,5,0.9490840643990518,1.0,27,0.004539613873401072,0.9490840643990518,5
base,station_v0_bogota_grid,46,2022-01-17,96,30,8,0.9438541489491646,1.0,27,0.08261569660752122,0.9438541489491646,8
base,station_v0_bogota_grid,46,2022-03-05,96,17,6,0.9481719632197525,1.0,27,0.016096296617857497,0.9481719632197525,6
base,station_v0_bogota_grid,47,2022-01-17,96,93,22,0.9441582534066794,1.0,27,0.22502709624730677,0.9441582534066794,22
base,station_v0_bogota_grid,47,2022-03-05,96,2,1,0.9497774790837956,1.0,27,0.00032297079742527046,0.9497774790837956,1
base,station_v0_bogota_grid,48,2022-01-17,96,206,42,0.9354803433799601,1.0,27,1.0527298945222483,0.9354803433799601,42
base,station_v0_bogota_grid,48,2022-03-05,96,0,0,0.950291295134443,1.0,27,0.0,0.950291295134443,0
base,station_v0_bogota_grid,49,2022-01-17,96,226,41,0.9293801487977463,1.0,27,1.648727903447277,0.9293801487977463,41
base,station_v0_bogota_grid,49,2022-03-05,96,46,11,0.9446167534635479,1.0,27,0.12009892197442473,0.9446167534635479,11
spawn1.3,station_v0_bogota_grid_spawn1.3,0,2022-01-17,96,122,30,0.9422353150109627,1.0,27,0.338427750720688,0.9422353150109627,30
spawn1.3,station_v0_bogota_grid_spawn1.3,0,2022-03-05,96,90,19,0.9407471032688989,1.0,27,0.395694151767472,0.9407471032688989,19
spawn1.3,station_v0_bogota_grid_spawn1.3,1,2022-01-17,96,143,27,0.9323272874288698,1.0,27,0.9633888355346203,0.9323272874288698,27
spawn1.3,station_v0_bogota_grid_spawn1.3,1,2022-03-05,96,0,0,0.9501970321230749,1.0005362828408397,27,0.0,0.9501970321230749,0
spawn1.3,station_v0_bogota_grid_spawn1.3,2,2022-01-17,96,92,19,0.9415931292719258,1.0,27,0.40752602788069514,0.9415931292719258,19
spawn1.3,station_v0_bogota_grid_spawn1.3,2,2022-03-05,96,58,13,0.9442986422644086,1.0,27,0.17860145152971796,0.9442986422644086,13
spawn1.3,station_v0_bogota_grid_spawn1.3,3,2022-01-17,96,116,22,0.9386904892785771,1.0,27,0.6717961647318171,0.9386904892785771,22
spawn1.3,station_v0_bogota_grid_spawn1.3,3,2022-03-05,96,78,17,0.9406962564780732,1.0,27,0.33311434926938965,0.9406962564780732,17
spawn1.3,station_v0_bogota_grid_spawn1.3,4,2022-01-17,96,0,0,0.9623578318172008,1.0,27,0.0,0.9623578318172008,0
spawn1.3,station_v0_bogota_grid_spawn1.3,4,2022-03-05,96,21,7,0.9481816366053751,1.0,27,0.01799480388541408,0.9481816366053751,7
spawn1.3,station_v0_bogota_grid_spawn1.3,5,2022-01-17,96,261,48,0.9313934335498607,1.0,27,1.6627618111874405,0.9313934335498607,48
spawn1.3,station_v0_bogota_grid_spawn1.3,5,2022-03-05,96,25,8,0.9473470157196441,1.0,27,0.033337992342095,0.9473470157196441,8
spawn1.3,station_v0_bogota_grid_spawn1.3,6,2022-01-17,96,82,19,0.9416244241198078,1.0,27,0.2410088229404257,0.9416244241198078,19
spawn1.3,station_v0_bogota_grid_spawn1.3,6,2022-03-05,96,2,1,0.9495068388475906,1.0,27,0.0008659423689707513,0.9495068388475906,1
spawn1.3,station_v0_bogota_grid_spawn1.3,7,2022-01-17,96,71,15,0.938799986012001,1.0,27,0.34609259666502423,0.938799986012001,15
spawn1.3,station_v0_bogota_grid_spawn1.3,7,2022-03-05,96,0,0,0.9504733634445367,1.0,27,0.0,0.9504733634445367,0
spawn1.3,station_v0_bogota_grid_spawn1.3,8,2022-01-17,96,68,15,0.9436034348317628,1.0,27,0.21063221229665974,0.9436034348317628,15
spawn1.3,station_v0_bogota_grid_spawn1.3,8,2022-03-05,96,0,0,0.9513971464651683,1.0,27,0.0,0.9513971464651683,0
spawn1.3,station_v0_bogota_grid_spawn1.3,9,2022-01-17,96,38,9,0.9432145032082446,1.0,27,0.1206540394948119,0.9432145032082446,9
spawn1.3,station_v0_bogota_grid_spawn1.3,9,2022-03-05,96,0,0,0.9528008482638649,1.0,27,0.0,0.9528008482638649,0
spawn1.3,station_v0_bogota_grid_spawn1.3,10,2022-01-17,96,51,13,0.9436330512192533,1.0,27,0.1396568581259615,0.9436330512192533,13
spawn1.3,station_v0_bogota_grid_spawn1.3,10,2022-03-05,96,31,9,0.9465883733910382,1.0,27,0.05338715614394007,0.9465883733910382,9
spawn1.3,station_v0_bogota_grid_spawn1.3,11,2022-01-17,96,178,34,0.9324677353694193,1.0,27,1.1925277954745688,0.9324677353694193,34
spawn1.3,station_v0_bogota_grid_spawn1.3,11,2022-03-05,96,35,10,0.9457327611696471,1.0,27,0.0638979177826855,0.9457327611696471,10
spawn1.3,station_v0_bogota_grid_spawn1.3,12,2022-01-17,96,44,11,0.9450201485441738,1.0,27,0.09502754972077387,0.9450201485441738,11
spawn1.3,station_v0_bogota_grid_spawn1.3,12,2022-03-05,96,32,9,0.9461351235149915,1.0,27,0.06233681953699999,0.9461351235149915,9
spawn1.3,station_v0_bogota_grid_spawn1.3,13,2022-01-17,96,105,24,0.9404234532148796,1.0,27,0.38663565061236305,0.9404234532148796,24
spawn1.3,station_v0_bogota_grid_spawn1.3,13,2022-03-05,96,39,10,0.9455973944725294,1.0,27,0.09184230463094745,0.9455973944725294,10
spawn1.3,station_v0_bogota_grid_spawn1.3,14,2022-01-17,96,74,19,0.9405774770959289,1.0,27,0.2741941788533574,0.9405774770959289,19
spawn1.3,station_v0_bogota_grid_spawn1.3,14,2022-03-05,96,0,0,0.9510948085563153,1.0,27,0.0,0.9510948085563153,0
spawn1.3,station_v0_bogota_grid_spawn1.3,15,2022-01-17,96,19,6,0.9480795294541858,1.0,27,0.019188507454931503,0.9480795294541858,6
spawn1.3,station_v0_bogota_grid_spawn1.3,15,2022-03-05,96,0,0,0.9517721217604436,1.0,27,0.0,0.9517721217604436,0
spawn1.3,station_v0_bogota_grid_spawn1.3,16,2022-01-17,96,0,0,0.9594882970754118,1.0,27,0.0,0.9594882970754118,0
spawn1.3,station_v0_bogota_grid_spawn1.3,16,2022-03-05,96,61,14,0.9445831945073627,1.0,27,0.18002940480609475,0.9445831945073627,14
spawn1.3,station_v0_bogota_grid_spawn1.3,17,2022-01-17,96,77,18,0.9416386367616176,1.0,27,0.26176194504217953,0.9416386367616176,18
spawn1.3,station_v0_bogota_grid_spawn1.3,17,2022-03-05,96,0,0,0.9511691743174496,1.0,27,0.0,0.9511691743174496,0
spawn1.3,station_v0_bogota_grid_spawn1.3,18,2022-01-17,96,139,31,0.9381800193216665,1.0,27,0.6353324316666222,0.9381800193216665,31
spawn1.3,station_v0_bogota_grid_spawn1.3,18,2022-03-05,96,4,2,0.9493779001160859,1.0,27,0.0012116567418550828,0.9493779001160859,2
spawn1.3,station_v0_bogota_grid_spawn1.3,19,2022-01-17,96,33,9,0.9462686100810493,1.0,27,0.05420251542384891,0.9462686100810493,9
spawn1.3,station_v0_bogota_grid_spawn1.3,19,2022-03-05,96,15,6,0.9484379724169575,1.0,27,0.012765862591474164,0.9484379724169575,6
spawn1.3,station_v0_bogota_grid_spawn1.3,20,2022-01-17,96,72,16,0.9388820727987335,1.0,27,0.33461048502141044,0.9388820727987335,16
spawn1.3,station_v0_bogota_grid_spawn1.3,20,2022-03-05,96,190,29,0.9291684416765598,1.0,27,1.8159010230766577,0.9291684416765598,29
spawn1.3,station_v0_bogota_grid_spawn1.3,21,2022-01-17,96,49,11,0.9407730168738091,1.0,27,0.17284957861205208,0.9407730168738091,11
spawn1.3,station_v0_bogota_grid_spawn1.3,21,2022-03-05,96,106,21,0.9390448169532531,1.0,27,0.5914593006332312,0.9390448169532531,21
spawn1.3,station_v0_bogota_grid_spawn1.3,22,2022-01-17,96,128,26,0.9364045851355667,1.0,27,0.668187429775306,0.9364045851355667,26
spawn1.3,station_v0_bogota_grid_spawn1.3,22,2022-03-05,96,94,19,0.9400101037025627,1.0,27,0.4493015077146507,0.9400101037025627,19
spawn1.3,station_v0_bogota_grid_spawn1.3,23,2022-01-17,96,0,0,0.9560907785947423,1.0,27,0.0,0.9560907785947423,0
spawn1.3,station_v0_bogota_grid_spawn1.3,23,2022-03-05,96,18,6,0.9480111395439554,1.0,27,0.018706411994508954,0.9480111395439554,6
spawn1.3,station_v0_bogota_grid_spawn1.3,24,2022-01-17,96,80,17,0.9372228735425489,1.0,27,0.38603302335447487,0.9372228735425489,17
spawn1.3,station_v0_bogota_grid_spawn1.3,24,2022-03-05,96,65,14,0.9411831201281188,1.0,27,0.2647644286932296,0.9411831201281188,14
spawn1.3,station_v0_bogota_grid_spawn1.3,25,2022-01-17,96,89,18,0.9416433771111246,1.0,27,0.3761436631943176,0.9416433771111246,18
spawn1.3,station_v0_bogota_grid_spawn1.3,25,2022-03-05,96,49,12,0.9452103414395165,1.0,27,0.1300427967347083,0.9452103414395165,12
spawn1.3,station_v0_bogota_grid_spawn1.3,26,2022-01-17,96,160,27,0.9314068340742478,1.0,27,1.2856279244267408,0.9314068340742478,27
spawn1.3,station_v0_bogota_grid_spawn1.3,26,2022-03-05,96,67,15,0.9444872876495151,1.0,27,0.18627432584976167,0.9444872876495151,15
spawn1.3,station_v0_bogota_grid_spawn1.3,27,2022-01-17,96,82,17,0.9380059063891083,1.0,27,0.4244692551543453,0.9380059063891083,17
spawn1.3,station_v0_bogota_grid_spawn1.3,27,2022-03-05,96,0,0,0.9511748009722394,1.0,27,0.0,0.9511748009722394,0
spawn1.3,station_v0_bogota_grid_spawn1.3,28,2022-01-17,96,58,14,0.9429994567157906,1.0,27,0.16469994276542066,0.9429994567157906,14
spawn1.3,station_v0_bogota_grid_spawn1.3,28,2022-03-05,96,0,0,0.9502063014172832,1.0,27,0.0,0.9502063014172832,0
spawn1.3,station_v0_bogota_grid_spawn1.3,29,2022-01-17,96,11,4,0.9486609310295082,1.0,27,0.008891688388171226,0.9486609310295082,4
spawn1.3,station_v0_bogota_grid_spawn1.3,29,2022-03-05,96,23,8,0.9480162300089503,1.0,27,0.01790135205349974,0.9480162300089503,8
spawn1.3,station_v0_bogota_grid_spawn1.3,30,2022-01-17,96,54,12,0.9440118429614714,1.0,27,0.17064385473317312,0.9440118429614714,12
spawn1.3,station_v0_bogota_grid_spawn1.3,30,2022-03-05,96,44,11,0.9455872356580013,1.0,27,0.10945485040758673,0.9455872356580013,11
spawn1.3,station_v0_bogota_grid_spawn1.3,31,2022-01-17,96,203,38,0.9321494271069823,1.0,27,1.3069243205695273,0.9321494271069823,38
spawn1.3,station_v0_bogota_grid_spawn1.3,31,2022-03-05,96,9,4,0.9487171802379177,1.0,27,0.005272974041410583,0.9487171802379177,4
spawn1.3,station_v0_bogota_grid_spawn1.3,32,2022-01-17,96,127,26,0.9352753968668416,1.0,27,0.7263005220485494,0.9352753968668416,26
spawn1.3,station_v0_bogota_grid_spawn1.3,32,2022-03-05,96,11,5,0.9492417738419124,1.0,27,0.0052877833942232,0.9492417738419124,5
spawn1.3,station_v0_bogota_grid_spawn1.3,33,2022-01-17,96,78,15,0.9379902680798415,1.0,27,0.4138458271187183,0.9379902680798415,15
spawn1.3,station_v0_bogota_grid_spawn1.3,33,2022-03-05,96,122,21,0.9383086549574011,1.0,27,0.7241749504735493,0.9383086549574011,21
spawn1.3,station_v0_bogota_grid_spawn1.3,34,2022-01-17,96,31,9,0.946775649516498,1.0,27,0.05233925602001255,0.946775649516498,9
spawn1.3,station_v0_bogota_grid_spawn1.3,34,2022-03-05,96,71,15,0.9421589498772608,1.0,27,0.2721909132667202,0.9421589498772608,15
spawn1.3,station_v0_bogota_grid_spawn1.3,35,2022-01-17,96,42,12,0.9448394487246121,1.0,27,0.09235712090949466,0.9448394487246121,12
spawn1.3,station_v0_bogota_grid_spawn1.3,35,2022-03-05,96,57,14,0.9436435296140944,1.0,27,0.16530236975892787,0.9436435296140944,14
spawn1.3,station_v0_bogota_grid_spawn1.3,36,2022-01-17,96,156,35,0.9379525826502709,1.0,27,0.6860998727814503,0.9379525826502709,35
spawn1.3,station_v0_bogota_grid_spawn1.3,36,2022-03-05,96,109,21,0.9385380172839118,1.0,27,0.6420369748518515,0.9385380172839118,21
spawn1.3,station_v0_bogota_grid_spawn1.3,37,2022-01-17,96,28,8,0.9468316961871996,1.0,27,0.053249405462739485,0.9468316961871996,8
spawn1.3,station_v0_bogota_grid_spawn1.3,37,2022-03-05,96,0,0,0.9510619323244995,1.0,27,0.0,0.9510619323244995,0
spawn1.3,station_v0_bogota_grid_spawn1.3,38,2022-01-17,96,17,5,0.9475671457851464,1.0,27,0.02031678744932064,0.9475671457851464,5
spawn1.3,station_v0_bogota_grid_spawn1.3,38,2022-03-05,96,78,16,0.9419871377553088,1.0,27,0.32000313429426885,0.9419871377553088,16
spawn1.3,station_v0_bogota_grid_spawn1.3,39,2022-01-17,96,0,0,0.9511386113327117,1.0,27,0.0,0.9511386113327117,0
spawn1.3,station_v0_bogota_grid_spawn1.3,39,2022-03-05,96,0,0,0.9514319404366548,1.0043201892149067,27,0.0,0.9514319404366548,0
spawn1.3,station_v0_bogota_grid_spawn1.3,40,2022-01-17,96,177,35,0.9372273961167018,1.0,27,0.9325575063502253,0.9372273961167018,35
spawn1.3,station_v0_bogota_grid_spawn1.3,40,2022-03-05,96,33,9,0.946874973889518,1.0,27,0.04940019193449818,0.946874973889518,9
spawn1.3,station_v0_bogota_grid_spawn1.3,41,2022-01-17,96,22,6,0.9469195614043375,1.0,27,0.034059899065563504,0.9469195614043375,6
spawn1.3,station_v0_bogota_grid_spawn1.3,41,2022-03-05,96,139,28,0.9378979269587073,1.0,27,0.7778512464246949,0.9378979269587073,28
spawn1.3,station_v0_bogota_grid_spawn1.3,42,2022-01-17,96,72,16,0.9424528195024481,1.0,27,0.21883390051756813,0.9424528195024481,16
spawn1.3,station_v0_bogota_grid_spawn1.3,42,2022-03-05,96,91,19,0.94055532462857,1.0,27,0.39046975549415275,0.94055532462857,19
spawn1.3,station_v0_bogota_grid_spawn1.3,43,2022-01-17,96,159,31,0.935100771167096,1.0,27,0.8207997126522747,0.935100771167096,31
spawn1.3,station_v0_bogota_grid_spawn1.3,43,2022-03-05,96,8,4,0.9490854626366445,1.0,27,0.004333510009826402,0.9490854626366445,4
spawn1.3,station_v0_bogota_grid_spawn1.3,44,2022-01-17,96,0,0,0.9560140363324292,1.0,27,0.0,0.9560140363324292,0
spawn1.3,station_v0_bogota_grid_spawn1.3,44,2022-03-05,96,131,21,0.935388119901966,1.0,27,0.9700606507023353,0.935388119901966,21
spawn1.3,station_v0_bogota_grid_spawn1.3,45,2022-01-17,96,71,16,0.943017829477937,1.0,27,0.2221666963209895,0.943017829477937,16
spawn1.3,station_v0_bogota_grid_spawn1.3,45,2022-03-05,96,72,16,0.9422985210318156,1.0,27,0.2943463228419483,0.9422985210318156,16
spawn1.3,station_v0_bogota_grid_spawn1.3,46,2022-01-17,96,172,32,0.929462444768708,1.0,27,1.3377991890583036,0.929462444768708,32
spawn1.3,station_v0_bogota_grid_spawn1.3,46,2022-03-05,96,45,12,0.9473998009297062,1.0,27,0.06506690929889813,0.9473998009297062,12
spawn1.3,station_v0_bogota_grid_spawn1.3,47,2022-01-17,96,48,12,0.9434093852264267,1.0,27,0.15707276820532456,0.9434093852264267,12
spawn1.3,station_v0_bogota_grid_spawn1.3,47,2022-03-05,96,66,13,0.9409852860977309,1.0,27,0.3066328369135466,0.9409852860977309,13
spawn1.3,station_v0_bogota_grid_spawn1.3,48,2022-01-17,96,35,10,0.9461741703876836,1.0,27,0.055705437312290385,0.9461741703876836,10
spawn1.3,station_v0_bogota_grid_spawn1.3,48,2022-03-05,96,87,18,0.940310217715458,1.0,27,0.4125302330288978,0.940310217715458,18
spawn1.3,station_v0_bogota_grid_spawn1.3,49,2022-01-17,96,111,27,0.9416543720714359,1.0,27,0.3440865712466523,0.9416543720714359,27
spawn1.3,station_v0_bogota_grid_spawn1.3,49,2022-03-05,96,13,4,0.9479399536942152,1.0,27,0.013895807567389284,0.9479399536942152,4
spawn1.6,station_v0_bogota_grid_spawn1.6,0,2022-01-17,96,160,35,0.9389851900820735,1.0,27,0.6788096943219513,0.9389851900820735,35
spawn1.6,station_v0_bogota_grid_spawn1.6,0,2022-03-05,96,79,17,0.9425647098357806,1.0,27,0.293367770162306,0.9425647098357806,17
spawn1.6,station_v0_bogota_grid_spawn1.6,1,2022-01-17,96,1,1,0.9498741722019741,1.0,27,0.00012582779802583488,0.9498741722019741,1
spawn1.6,station_v0_bogota_grid_spawn1.6,1,2022-03-05,96,0,0,0.9501546310200567,1.0004745662017889,27,0.0,0.9501546310200567,0
spawn1.6,station_v0_bogota_grid_spawn1.6,2,2022-01-17,96,0,0,0.9516564694599216,1.0,27,0.0,0.9516564694599216,0
spawn1.6,station_v0_bogota_grid_spawn1.6,2,2022-03-05,96,0,0,0.952449562120279,1.0,27,0.0,0.952449562120279,0
spawn1.6,station_v0_bogota_grid_spawn1.6,3,2022-01-17,96,103,18,0.936460998472173,1.0,27,0.5978385768205812,0.936460998472173,18
spawn1.6,station_v0_bogota_grid_spawn1.6,3,2022-03-05,96,47,12,0.9437869125087398,1.0,27,0.12440239337865977,0.9437869125087398,12
spawn1.6,station_v0_bogota_grid_spawn1.6,4,2022-01-17,96,98,20,0.9372962115617173,1.0,27,0.5200126782128186,0.9372962115617173,20
spawn1.6,station_v0_bogota_grid_spawn1.6,4,2022-03-05,96,105,19,0.9376535164681085,1.0,27,0.6485404963181051,0.9376535164681085,19
spawn1.6,station_v0_bogota_grid_spawn1.6,5,2022-01-17,96,26,7,0.9456035765945792,1.0,27,0.05986736431249595,0.9456035765945792,7
spawn1.6,station_v0_bogota_grid_spawn1.6,5,2022-03-05,96,25,8,0.9473029952665851,1.0,27,0.03445067549430536,0.9473029952665851,8
spawn1.6,station_v0_bogota_grid_spawn1.6,6,2022-01-17,96,18,6,0.9481110836390125,1.0,27,0.015153182122965236,0.9481110836390125,6
spawn1.6,station_v0_bogota_grid_spawn1.6,6,2022-03-05,96,2,1,0.949857550435168,1.0,27,0.00014630205237020633,0.949857550435168,1
spawn1.6,station_v0_bogota_grid_spawn1.6,7,2022-01-17,96,40,9,0.9433087312965943,1.0,27,0.13558219192040444,0.9433087312965943,9
spawn1.6,station_v0_bogota_grid_spawn1.6,7,2022-03-05,96,0,0,0.9501906757990528,1.0,27,0.0,0.9501906757990528,0
spawn1.6,station_v0_bogota_grid_spawn1.6,8,2022-01-17,96,184,38,0.9350390358999191,1.0,27,0.9823584382197914,0.9350390358999191,38
spawn1.6,station_v0_bogota_grid_spawn1.6,8,2022-03-05,96,0,0,0.9522755489430682,1.0,27,0.0,0.9522755489430682,0
spawn1.6,station_v0_bogota_grid_spawn1.6,9,2022-01-17,96,46,11,0.9423222753884537,1.0,27,0.15981158970518694,0.9423222753884537,11
spawn1.6,station_v0_bogota_grid_spawn1.6,9,2022-03-05,96,92,18,0.9409101128973738,1.0,27,0.4533159285711149,0.9409101128973738,18
spawn1.6,station_v0_bogota_grid_spawn1.6,10,2022-01-17,96,22,6,0.9467650028228459,1.0,27,0.03251813365702372,0.9467650028228459,6
spawn1.6,station_v0_bogota_grid_spawn1.6,10,2022-03-05,96,46,11,0.9445839014889726,1.0,27,0.13437481013288077,0.9445839014889726,11
spawn1.6,station_v0_bogota_grid_spawn1.6,11,2022-01-17,96,8,4,0.9493476868301982,1.0,27,0.002455377128603997,0.9493476868301982,4
spawn1.6,station_v0_bogota_grid_spawn1.6,11,2022-03-05,96,5,2,0.9486300158762292,1.0,27,0.003613974504387385,0.9486300158762292,2
spawn1.6,station_v0_bogota_grid_spawn1.6,12,2022-01-17,96,88,18,0.9403655291443942,1.0,27,0.4220800070957077,0.9403655291443942,18
spawn1.6,station_v0_bogota_grid_spawn1.6,12,2022-03-05,96,160,26,0.9325994875321632,1.0,27,1.2720888555636092,0.9325994875321632,26
spawn1.6,station_v0_bogota_grid_spawn1.6,13,2022-01-17,96,0,0,0.9508876938862434,1.0,27,0.0,0.9508876938862434,0
spawn1.6,station_v0_bogota_grid_spawn1.6,13,2022-03-05,96,49,11,0.9441105478063302,1.0,27,0.1344407124410515,0.9441105478063302,11
spawn1.6,station_v0_bogota_grid_spawn1.6,14,2022-01-17,96,74,16,0.9400872853731816,1.0,27,0.3146283121906497,0.9400872853731816,16
spawn1.6,station_v0_bogota_grid_spawn1.6,14,2022-03-05,96,80,18,0.9442067825307355,1.0,27,0.25765204660047025,0.9442067825307355,18
spawn1.6,station_v0_bogota_grid_spawn1.6,15,2022-01-17,96,57,14,0.9430313055879326,1.0,27,0.18445344997783397,0.9430313055879326,14
spawn1.6,station_v0_bogota_grid_spawn1.6,15,2022-03-05,96,14,6,0.9487791892988294,1.0,27,0.00877014988911129,0.9487791892988294,6
spawn1.6,station_v0_bogota_grid_spawn1.6,16,2022-01-17,96,125,20,0.9317616750887754,1.0,27,1.0036309711489777,0.9317616750887754,20
spawn1.6,station_v0_bogota_grid_spawn1.6,16,2022-03-05,96,68,15,0.9432651540041528,1.0,27,0.237948695136176,0.9432651540041528,15
spawn1.6,station_v0_bogota_grid_spawn1.6,17,2022-01-17,96,60,14,0.9429743021027914,1.0,27,0.19598780487986345,0.9429743021027914,14
spawn1.6,station_v0_bogota_grid_spawn1.6,17,2022-03-05,96,54,13,0.9447059492511282,1.0,27,0.14810978175116496,0.9447059492511282,13
spawn1.6,station_v0_bogota_grid_spawn1.6,18,2022-01-17,96,109,19,0.9337416012652875,1.0,27,0.6914297817299963,0.9337416012652875,19
spawn1.6,station_v0_bogota_grid_spawn1.6,18,2022-03-05,96,3,2,0.9495571766340245,1.0,27,0.0008774417352488406,0.9495571766340245,2
spawn1.6,station_v0_bogota_grid_spawn1.6,19,2022-01-17,96,16,5,0.9471507943477891,1.0,27,0.02112707398701874,0.9471507943477891,5
spawn1.6,station_v0_bogota_grid_spawn1.6,19,2022-03-05,96,15,6,0.9484379724169575,1.0,27,0.012765862591474164,0.9484379724169575,6
spawn1.6,station_v0_bogota_grid_spawn1.6,20,2022-01-17,96,9,3,0.9482394067188374,1.0,27,0.00898478302415473,0.9482394067188374,3
spawn1.6,station_v0_bogota_grid_spawn1.6,20,2022-03-05,96,0,0,0.9563831593114713,1.0,27,0.0,0.9563831593114713,0
spawn1.6,station_v0_bogota_grid_spawn1.6,21,2022-01-17,96,23,6,0.9469047074886959,1.0,27,0.04381373665689703,0.9469047074886959,6
spawn1.6,station_v0_bogota_grid_spawn1.6,21,2022-03-05,96,0,0,0.954194027334086,1.0,27,0.0,0.954194027334086,0
spawn1.6,station_v0_bogota_grid_spawn1.6,22,2022-01-17,96,21,6,0.9461986701524358,1.0,27,0.03790481275629709,0.9461986701524358,6
spawn1.6,station_v0_bogota_grid_spawn1.6,22,2022-03-05,96,19,6,0.9478123426294823,1.0,27,0.017520797445524483,0.9478123426294823,6
spawn1.6,station_v0_bogota_grid_spawn1.6,23,2022-01-17,96,227,42,0.9318985879089065,1.0,27,1.453537458846986,0.9318985879089065,42
spawn1.6,station_v0_bogota_grid_spawn1.6,23,2022-03-05,96,34,10,0.9468651118173896,1.0,27,0.05678884373561133,0.9468651118173896,10
spawn1.6,station_v0_bogota_grid_spawn1.6,24,2022-01-17,96,151,32,0.9353645931156095,1.0,27,0.7357623944989605,0.9353645931156095,32
spawn1.6,station_v0_bogota_grid_spawn1.6,24,2022-03-05,96,65,14,0.9411831201281188,1.0,27,0.2647644286932296,0.9411831201281188,14
spawn1.6,station_v0_bogota_grid_spawn1.6,25,2022-01-17,96,27,7,0.9450677915795062,1.0,27,0.06712406904542212,0.9450677915795062,7
spawn1.6,station_v0_bogota_grid_spawn1.6,25,2022-03-05,96,46,11,0.9450624994416986,1.0,27,0.13364603833640598,0.9450624994416986,11
spawn1.6,station_v0_bogota_grid_spawn1.6,26,2022-01-17,96,67,16,0.9422890204843657,1.0,27,0.24955806363937538,0.9422890204843657,16
spawn1.6,station_v0_bogota_grid_spawn1.6,26,2022-03-05,96,0,0,0.9520995848397305,1.0,27,0.0,0.9520995848397305,0
spawn1.6,station_v0_bogota_grid_spawn1.6,27,2022-01-17,96,105,20,0.9381905045735466,1.0,27,0.5209991047269845,0.9381905045735466,20
spawn1.6,station_v0_bogota_grid_spawn1.6,27,2022-03-05,96,0,0,0.9502886289229144,1.0,27,0.0,0.9502886289229144,0
spawn1.6,station_v0_bogota_grid_spawn1.6,28,2022-01-17,96,22,6,0.9463073090486612,1.0,27,0.04835583548948574,0.9463073090486612,6
spawn1.6,station_v0_bogota_grid_spawn1.6,28,2022-03-05,96,93,19,0.9407498679015485,1.0,27,0.4343433820585618,0.9407498679015485,19
spawn1.6,station_v0_bogota_grid_spawn1.6,29,2022-01-17,96,80,18,0.942222012598057,1.0,27,0.2690476734227961,0.942222012598057,18
spawn1.6,station_v0_bogota_grid_spawn1.6,29,2022-03-05,96,0,0,0.952954917455949,1.0,27,0.0,0.952954917455949,0
spawn1.6,station_v0_bogota_grid_spawn1.6,30,2022-01-17,96,48,10,0.9422762890131987,1.0,27,0.18921066221032812,0.9422762890131987,10
spawn1.6,station_v0_bogota_grid_spawn1.6,30,2022-03-05,96,57,13,0.9436946107979379,1.0,27,0.16882395921042992,0.9436946107979379,13
spawn1.6,station_v0_bogota_grid_spawn1.6,31,2022-01-17,96,304,55,0.930180729109525,1.0,27,2.1773613560874407,0.930180729109525,55
spawn1.6,station_v0_bogota_grid_spawn1.6,31,2022-03-05,96,16,5,0.9476366583190925,1.0,27,0.01660958909392285,0.9476366583190925,5
spawn1.6,station_v0_bogota_grid_spawn1.6,32,2022-01-17,96,77,17,0.9395559249639643,1.0,27,0.3341634114648173,0.9395559249639643,17
spawn1.6,station_v0_bogota_grid_spawn1.6,32,2022-03-05,96,33,9,0.9469869415959465,1.0,27,0.05557810757346404,0.9469869415959465,9
spawn1.6,station_v0_bogota_grid_spawn1.6,33,2022-01-17,96,55,13,0.9433238868186217,1.0,27,0.15084624010162184,0.9433238868186217,13
spawn1.6,station_v0_bogota_grid_spawn1.6,33,2022-03-05,96,24,7,0.9481012997742332,1.0,27,0.0252587292935037,0.9481012997742332,7
spawn1.6,station_v0_bogota_grid_spawn1.6,34,2022-01-17,96,117,27,0.9417681257332314,1.0,27,0.4156887993730053,0.9417681257332314,27
spawn1.6,station_v0_bogota_grid_spawn1.6,34,2022-03-05,96,41,11,0.9455790388305159,1.0,27,0.09103014211163785,0.9455790388305159,11
spawn1.6,station_v0_bogota_grid_spawn1.6,35,2022-01-17,96,31,7,0.9444011618246493,1.0,27,0.09672120660697658,0.9444011618246493,7
spawn1.6,station_v0_bogota_grid_spawn1.6,35,2022-03-05,96,0,0,0.9549956920832158,1.0002274328072813,27,0.0,0.9549956920832158,0
spawn1.6,station_v0_bogota_grid_spawn1.6,36,2022-01-17,96,144,31,0.9375481034899438,1.0,27,0.7181524049100346,0.9375481034899438,31
spawn1.6,station_v0_bogota_grid_spawn1.6,36,2022-03-05,96,29,9,0.9467051489523897,1.0,27,0.0606331291844564,0.9467051489523897,9
spawn1.6,station_v0_bogota_grid_spawn1.6,37,2022-01-17,96,1,1,0.9498967851719586,1.0,27,0.00010321482804132032,0.9498967851719586,1
spawn1.6,station_v0_bogota_grid_spawn1.6,37,2022-03-05,96,51,12,0.944525311318179,1.0,27,0.13868999097457246,0.944525311318179,12
spawn1.6,station_v0_bogota_grid_spawn1.6,38,2022-01-17,96,22,6,0.9457246689333022,1.0,27,0.049845548552885144,0.9457246689333022,6
spawn1.6,station_v0_bogota_grid_spawn1.6,38,2022-03-05,96,65,14,0.9422218061569393,1.0,27,0.24040204600841608,0.9422218061569393,14
spawn1.6,station_v0_bogota_grid_spawn1.6,39,2022-01-17,96,5,2,0.9493093669605819,1.0,27,0.0019459361953853005,0.9493093669605819,2
spawn1.6,station_v0_bogota_grid_spawn1.6,39,2022-03-05,96,15,6,0.9487810339441811,1.0,27,0.010695518628133671,0.9487810339441811,6
spawn1.6,station_v0_bogota_grid_spawn1.6,40,2022-01-17,96,37,8,0.9449415611985692,1.0,27,0.10834810840994336,0.9449415611985692,8
spawn1.6,station_v0_bogota_grid_spawn1.6,40,2022-03-05,96,53,13,0.9446274089834434,1.0,27,0.14809700343421206,0.9446274089834434,13
spawn1.6,station_v0_bogota_grid_spawn1.6,41,2022-01-17,96,15,4,0.9472882109073616,1.0,27,0.023177327555889526,0.9472882109073616,4
spawn1.6,station_v0_bogota_grid_spawn1.6,41,2022-03-05,96,41,10,0.9455384044661366,1.0,27,0.10383174409280149,0.9455384044661366,10
spawn1.6,station_v0_bogota_grid_spawn1.6,42,2022-01-17,96,70,17,0.9405593166065482,1.0,27,0.2457923649032745,0.9405593166065482,17
spawn1.6,station_v0_bogota_grid_spawn1.6,42,2022-03-05,96,79,16,0.9421197396620223,1.0,27,0.3118883632084627,0.9421197396620223,16
spawn1.6,station_v0_bogota_grid_spawn1.6,43,2022-01-17,96,223,40,0.9317715926114238,1.0,27,1.4312427768156255,0.9317715926114238,40
spawn1.6,station_v0_bogota_grid_spawn1.6,43,2022-03-05,96,3,2,0.9497296678857483,1.0,27,0.0004992824438930787,0.9497296678857483,2
spawn1.6,station_v0_bogota_grid_spawn1.6,44,2022-01-17,96,234,42,0.9316055938357892,1.0,27,1.5811392295694733,0.9316055938357892,42
spawn1.6,station_v0_bogota_grid_spawn1.6,44,2022-03-05,96,47,13,0.9450052224755354,1.0,27,0.11194703484261825,0.9450052224755354,13
spawn1.6,station_v0_bogota_grid_spawn1.6,45,2022-01-17,96,38,8,0.9425209403673521,1.0,27,0.13157392062549678,0.9425209403673521,8
spawn1.6,station_v0_bogota_grid_spawn1.6,45,2022-03-05,96,51,14,0.9460630772156378,1.0,27,0.09437395329924692,0.9460630772156378,14
spawn1.6,station_v0_bogota_grid_spawn1.6,46,2022-01-17,96,0,0,0.9533992470458978,1.0,27,0.0,0.9533992470458978,0
spawn1.6,station_v0_bogota_grid_spawn1.6,46,2022-03-05,96,9,4,0.9490785752101383,1.0,27,0.0038182148421856965,0.9490785752101383,4
spawn1.6,station_v0_bogota_grid_spawn1.6,47,2022-01-17,96,65,15,0.9422939657748279,1.0,27,0.24195313110042405,0.9422939657748279,15
spawn1.6,station_v0_bogota_grid_spawn1.6,47,2022-03-05,96,55,12,0.9424733090487923,1.0,27,0.21079671191883298,0.9424733090487923,12
spawn1.6,station_v0_bogota_grid_spawn1.6,48,2022-01-17,96,34,8,0.9433470629830627,1.0,27,0.10040583785716972,0.9433470629830627,8
spawn1.6,station_v0_bogota_grid_spawn1.6,48,2022-03-05,96,117,22,0.9396780183378188,1.0,27,0.6377280879887891,0.9396780183378188,22
spawn1.6,station_v0_bogota_grid_spawn1.6,49,2022-01-17,96,166,37,0.9365470799222251,1.0,27,0.7689777737003846,0.9365470799222251,37
spawn1.6,station_v0_bogota_grid_spawn1.6,49,2022-03-05,96,0,0,0.9529986706280756,1.0,27,0.0,0.9529986706280756,0
load1.3,station_v0_bogota_grid_load1.3,0,2022-01-17,96,232,38,0.9287617329234421,1.0,27,1.7514920225754356,0.9287617329234421,38
load1.3,station_v0_bogota_grid_load1.3,0,2022-03-05,96,106,19,0.9395251360208334,1.0,27,0.5742093418089059,0.9395251360208334,19
load1.3,station_v0_bogota_grid_load1.3,1,2022-01-17,96,594,68,0.9099691217408004,1.0,27,6.600023768128963,0.9099691217408004,68
load1.3,station_v0_bogota_grid_load1.3,1,2022-03-05,96,450,48,0.9163518143239463,1.0,27,4.806227174003236,0.9163518143239463,48
load1.3,station_v0_bogota_grid_load1.3,2,2022-01-17,96,349,52,0.9226763667307151,1.0,27,2.518827213411435,0.9226763667307151,52
load1.3,station_v0_bogota_grid_load1.3,2,2022-03-05,96,99,19,0.9413001226041252,1.0,27,0.4468936626191825,0.9413001226041252,19
load1.3,station_v0_bogota_grid_load1.3,3,2022-01-17,96,111,21,0.9334654704752957,1.0,27,0.6698359121111559,0.9334654704752957,21
load1.3,station_v0_bogota_grid_load1.3,3,2022-03-05,96,456,66,0.9271875924683946,1.0,27,3.428731578382339,0.9271875924683946,66
load1.3,station_v0_bogota_grid_load1.3,4,2022-01-17,96,160,27,0.9351571956632031,1.0,27,1.1153277586719224,0.9351571956632031,27
load1.3,station_v0_bogota_grid_load1.3,4,2022-03-05,96,438,48,0.9139318728113349,1.0,27,4.932912091924157,0.9139318728113349,48
load1.3,station_v0_bogota_grid_load1.3,5,2022-01-17,96,538,70,0.9182502033304567,1.0,27,5.95479068389078,0.9182502033304567,70
load1.3,station_v0_bogota_grid_load1.3,5,2022-03-05,96,154,25,0.9333059325948977,1.0,27,1.1952910687910574,0.9333059325948977,25
load1.3,station_v0_bogota_grid_load1.3,6,2022-01-17,96,698,71,0.9084813511546366,1.0,27,8.268477455481527,0.9084813511546366,71
load1.3,station_v0_bogota_grid_load1.3,6,2022-03-05,96,631,69,0.9209651500706979,1.0,27,6.203590389519846,0.9209651500706979,69
load1.3,station_v0_bogota_grid_load1.3,7,2022-01-17,96,528,61,0.916816676515419,1.0,27,5.884539077385721,0.916816676515419,61
load1.3,station_v0_bogota_grid_load1.3,7,2022-03-05,96,60,14,0.9428073811230054,1.0,27,0.23568717619338875,0.9428073811230054,14
load1.3,station_v0_bogota_grid_load1.3,8,2022-01-17,96,487,66,0.9208067996683131,1.0,27,4.656762638993234,0.9208067996683131,66
load1.3,station_v0_bogota_grid_load1.3,8,2022-03-05,96,226,33,0.9272685487991588,1.0,27,1.9137580198640651,0.9272685487991588,33
load1.3,station_v0_bogota_grid_load1.3,9,2022-01-17,96,331,53,0.9273020691607249,1.0,27,2.8649406394274326,0.9273020691607249,53
load1.3,station_v0_bogota_grid_load1.3,9,2022-03-05,96,95,19,0.9383057386506315,1.0,27,0.5433820337998414,0.9383057386506315,19
load1.3,station_v0_bogota_grid_load1.3,10,2022-01-17,96,165,24,0.9298196054166749,1.0,27,1.1589530797314724,0.9298196054166749,24
load1.3,station_v0_bogota_grid_load1.3,10,2022-03-05,96,587,72,0.9175355172491546,1.0,27,5.710081373002605,0.9175355172491546,72
load1.3,station_v0_bogota_grid_load1.3,11,2022-01-17,96,220,41,0.9342937165392738,1.0,27,1.388757541553809,0.9342937165392738,41
load1.3,station_v0_bogota_grid_load1.3,11,2022-03-05,96,140,23,0.9357951944429329,1.0,27,1.0918236636265508,0.9357951944429329,23
load1.3,station_v0_bogota_grid_load1.3,12,2022-01-17,96,605,65,0.9132018833759764,1.0,27,6.238372289432038,0.9132018833759764,65
load1.3,station_v0_bogota_grid_load1.3,12,2022-03-05,96,31,8,0.947837290012656,1.0,27,0.03592204244200414,0.947837290012656,8
load1.3,station_v0_bogota_grid_load1.3,13,2022-01-17,96,365,51,0.922028726866978,1.0,27,3.072618492058965,0.922028726866978,51
load1.3,station_v0_bogota_grid_load1.3,13,2022-03-05,96,249,41,0.9299583506974101,1.0,27,2.148403304892003,0.9299583506974101,41
load1.3,station_v0_bogota_grid_load1.3,14,2022-01-17,96,380,58,0.9263391078338837,1.0,27,3.4417192793211355,0.9263391078338837,58
load1.3,station_v0_bogota_grid_load1.3,14,2022-03-05,96,220,32,0.9241511275396732,1.0,27,2.5362412825959066,0.9241511275396732,32
load1.3,station_v0_bogota_grid_load1.3,15,2022-01-17,96,647,67,0.9097835079648857,1.0,27,7.1737350738344725,0.9097835079648857,67
load1.3,station_v0_bogota_grid_load1.3,15,2022-03-05,96,637,69,0.9197990085234361,1.0,27,6.2305205937899375,0.9197990085234361,69
load1.3,station_v0_bogota_grid_load1.3,16,2022-01-17,96,334,53,0.9259368312876672,1.0,27,2.422447577809811,0.9259368312876672,53
load1.3,station_v0_bogota_grid_load1.3,16,2022-03-05,96,166,25,0.9284800674120678,1.0,27,1.6427095907039364,0.9284800674120678,25
load1.3,station_v0_bogota_grid_load1.3,17,2022-01-17,96,323,45,0.9232740864484017,1.0,27,2.526810141452625,0.9232740864484017,45
load1.3,station_v0_bogota_grid_load1.3,17,2022-03-05,96,120,20,0.9350799383757386,1.0,27,0.8341649653908094,0.9350799383757386,20
load1.3,station_v0_bogota_grid_load1.3,18,2022-01-17,96,606,70,0.9097090649619576,1.0,27,6.697608677867675,0.9097090649619576,70
load1.3,station_v0_bogota_grid_load1.3,18,2022-03-05,96,175,29,0.932236242808617,1.0,27,1.4533670878585685,0.932236242808617,29
load1.3,station_v0_bogota_grid_load1.3,19,2022-01-17,96,679,67,0.9035465924185285,1.0,27,8.146209953739442,0.9035465924185285,67
load1.3,station_v0_bogota_grid_load1.3,19,2022-03-05,96,80,16,0.939986373513737,1.0,27,0.37101522226893746,0.939986373513737,16
load1.3,station_v0_bogota_grid_load1.3,20,2022-01-17,96,657,70,0.9125886349876969,1.0,27,8.011781995870487,0.9125886349876969,70
load1.3,station_v0_bogota_grid_load1.3,20,2022-03-05,96,96,19,0.9379003451887147,1.0,27,0.5898111167261925,0.9379003451887147,19
load1.3,station_v0_bogota_grid_load1.3,21,2022-01-17,96,513,62,0.9163992881458506,1.0,27,5.1764998469730905,0.9163992881458506,62
load1.3,station_v0_bogota_grid_load1.3,21,2022-03-05,96,375,48,0.9200926137251673,1.0,27,3.425764837924898,0.9200926137251673,48
load1.3,station_v0_bogota_grid_load1.3,22,2022-01-17,96,454,66,0.9241329940637316,1.0,27,3.9595224220342047,0.9241329940637316,66
load1.3,station_v0_bogota_grid_load1.3,22,2022-03-05,96,207,30,0.9281686071956092,1.0,27,2.1085391139022676,0.9281686071956092,30
load1.3,station_v0_bogota_grid_load1.3,23,2022-01-17,96,561,68,0.9139581606244884,1.0,27,6.066953012467048,0.9139581606244884,68
load1.3,station_v0_bogota_grid_load1.3,23,2022-03-05,96,137,26,0.9388008590800809,1.0,27,0.7625389823449424,0.9388008590800809,26
load1.3,station_v0_bogota_grid_load1.3,24,2022-01-17,96,558,68,0.9155057225356086,1.0,27,6.091650621374824,0.9155057225356086,68
load1.3,station_v0_bogota_grid_load1.3,24,2022-03-05,96,154,24,0.9312513879598986,1.0,27,1.3842982460533064,0.9312513879598986,24
load1.3,station_v0_bogota_grid_load1.3,25,2022-01-17,96,137,27,0.9311496545145203,1.0,27,0.8891757708086249,0.9311496545145203,27
load1.3,station_v0_bogota_grid_load1.3,25,2022-03-05,96,266,34,0.9198596684522691,1.0,27,3.2657410184905515,0.9198596684522691,34
load1.3,station_v0_bogota_grid_load1.3,26,2022-01-17,96,627,72,0.9159855585245192,1.0,27,6.727590974422096,0.9159855585245192,72
load1.3,station_v0_bogota_grid_load1.3,26,2022-03-05,96,93,17,0.937190959455205,1.0,27,0.5764031074737811,0.937190959455205,17
load1.3,station_v0_bogota_grid_load1.3,27,2022-01-17,96,419,62,0.9236878486190142,1.0,27,3.3010802416653204,0.9236878486190142,62
load1.3,station_v0_bogota_grid_load1.3,27,2022-03-05,96,89,19,0.9408913230729903,1.0,27,0.3986897379248536,0.9408913230729903,19
load1.3,station_v0_bogota_grid_load1.3,28,2022-01-17,96,134,24,0.9338311080220264,1.0,27,0.9804172983376864,0.9338311080220264,24
load1.3,station_v0_bogota_grid_load1.3,28,2022-03-05,96,103,21,0.9408183893292178,1.0,27,0.46529668277984293,0.9408183893292178,21
load1.3,station_v0_bogota_grid_load1.3,29,2022-01-17,96,441,58,0.9112928246135166,1.0,27,4.777433202087214,0.9112928246135166,58
load1.3,station_v0_bogota_grid_load1.3,29,2022-03-05,96,287,39,0.9166853218427374,1.0,27,3.4315653414765057,0.9166853218427374,39
load1.3,station_v0_bogota_grid_load1.3,30,2022-01-17,96,100,23,0.9350072506820951,1.0,27,0.5033402210085064,0.9350072506820951,23
load1.3,station_v0_bogota_grid_load1.3,30,2022-03-05,96,186,30,0.9297629330048682,1.0,27,1.6756153729920849,0.9297629330048682,30
load1.3,station_v0_bogota_grid_load1.3,31,2022-01-17,96,243,45,0.926446990141303,1.0,27,2.2009469720731727,0.926446990141303,45
load1.3,station_v0_bogota_grid_load1.3,31,2022-03-05,96,37,13,0.9470892203202033,1.0,27,0.04352925467218449,0.9470892203202033,13
load1.3,station_v0_bogota_grid_load1.3,32,2022-01-17,96,487,63,0.9199222505055109,1.0,27,4.952221776217486,0.9199222505055109,63
load1.3,station_v0_bogota_grid_load1.3,32,2022-03-05,96,62,13,0.9435299219920584,1.0,27,0.21137186031035116,0.9435299219920584,13
load1.3,station_v0_bogota_grid_load1.3,33,2022-01-17,96,369,60,0.9221674391138969,1.0,27,3.4985209737415395,0.9221674391138969,60
load1.3,station_v0_bogota_grid_load1.3,33,2022-03-05,96,164,28,0.9329193641640868,1.0,27,1.2386486599831381,0.9329193641640868,28
load1.3,station_v0_bogota_grid_load1.3,34,2022-01-17,96,282,43,0.9308821133651405,1.0,27,1.7145974262682198,0.9308821133651405,43
load1.3,station_v0_bogota_grid_load1.3,34,2022-03-05,96,336,36,0.9150489968695952,1.0,27,3.9405275765913577,0.9150489968695952,36
load1.3,station_v0_bogota_grid_load1.3,35,2022-01-17,96,109,18,0.9351837994257765,1.0,27,0.72089386345111,0.9351837994257765,18
load1.3,station_v0_bogota_grid_load1.3,35,2022-03-05,96,278,40,0.9229607927848738,1.0,27,2.921590072546749,0.9229607927848738,40
load1.3,station_v0_bogota_grid_load1.3,36,2022-01-17,96,424,61,0.9241738062228309,1.0,27,4.351480217703654,0.9241738062228309,61
load1.3,station_v0_bogota_grid_load1.3,36,2022-03-05,96,340,35,0.9205381850496895,1.0,27,3.245906422502134,0.9205381850496895,35
load1.3,station_v0_bogota_grid_load1.3,37,2022-01-17,96,439,65,0.9234661117460269,1.0,27,3.723669745646809,0.9234661117460269,65
load1.3,station_v0_bogota_grid_load1.3,37,2022-03-05,96,216,33,0.9217144156514098,1.0,27,2.3781123019187795,0.9217144156514098,33
load1.3,station_v0_bogota_grid_load1.3,38,2022-01-17,96,364,50,0.9254366309265516,1.0,27,2.588568444687267,0.9254366309265516,50
load1.3,station_v0_bogota_grid_load1.3,38,2022-03-05,96,97,17,0.9397739011655413,1.0,27,0.5169582037464658,0.9397739011655413,17
load1.3,station_v0_bogota_grid_load1.3,39,2022-01-17,96,306,51,0.9268015760518229,1.0,27,2.332699405484374,0.9268015760518229,51
load1.3,station_v0_bogota_grid_load1.3,39,2022-03-05,96,141,23,0.9329864311482491,1.0,27,1.0904084795734232,0.9329864311482491,23
load1.3,station_v0_bogota_grid_load1.3,40,2022-01-17,96,254,47,0.9300238159261999,1.0,27,1.7552449257134501,0.9300238159261999,47
load1.3,station_v0_bogota_grid_load1.3,40,2022-03-05,96,132,25,0.9357098473368272,1.0,27,0.8304393620269491,0.9357098473368272,25
load1.3,station_v0_bogota_grid_load1.3,41,2022-01-17,96,615,66,0.910150291184591,1.0,27,7.006069471491205,0.910150291184591,66
load1.3,station_v0_bogota_grid_load1.3,41,2022-03-05,96,220,39,0.92970318373817,1.0,27,1.737461819548322,0.92970318373817,39
load1.3,station_v0_bogota_grid_load1.3,42,2022-01-17,96,377,54,0.9228521737784796,1.0,27,3.6696331877953035,0.9228521737784796,54
load1.3,station_v0_bogota_grid_load1.3,42,2022-03-05,96,216,33,0.9290950900315273,1.0,27,1.8361624193094994,0.9290950900315273,33
load1.3,station_v0_bogota_grid_load1.3,43,2022-01-17,96,592,66,0.9122370531944699,1.0,27,6.893278381628322,0.9122370531944699,66
load1.3,station_v0_bogota_grid_load1.3,43,2022-03-05,96,163,26,0.9324968644273651,1.0,27,1.286331305936545,0.9324968644273651,26
load1.3,station_v0_bogota_grid_load1.3,44,2022-01-17,96,616,70,0.9093157110084482,1.0,27,8.479262331239413,0.9093157110084482,70
load1.3,station_v0_bogota_grid_load1.3,44,2022-03-05,96,180,27,0.9294809096550948,1.0,27,1.8121443867685643,0.9294809096550948,27
load1.3,station_v0_bogota_grid_load1.3,45,2022-01-17,96,207,32,0.9249298867002023,1.0,27,1.5679092279791376,0.9249298867002023,32
load1.3,station_v0_bogota_grid_load1.3,45,2022-03-05,96,213,39,0.932523700935606,1.0,27,1.5471636800548407,0.932523700935606,39
load1.3,station_v0_bogota_grid_load1.3,46,2022-01-17,96,195,29,0.9256758224395301,1.0,27,1.5527701496613562,0.9256758224395301,29
load1.3,station_v0_bogota_grid_load1.3,46,2022-03-05,96,179,29,0.9313035691581572,1.0,27,1.4768293771981096,0.9313035691581572,29
load1.3,station_v0_bogota_grid_load1.3,47,2022-01-17,96,401,54,0.9259255240177865,1.0,27,4.109163906185397,0.9259255240177865,54
load1.3,station_v0_bogota_grid_load1.3,47,2022-03-05,96,178,28,0.9334524590647969,1.0,27,1.426536264791952,0.9334524590647969,28
load1.3,station_v0_bogota_grid_load1.3,48,2022-01-17,96,707,75,0.914307076844231,1.0,27,8.246031721592352,0.914307076844231,75
load1.3,station_v0_bogota_grid_load1.3,48,2022-03-05,96,143,25,0.9341438542682544,1.0,27,1.0152278181340937,0.9341438542682544,25
load1.3,station_v0_bogota_grid_load1.3,49,2022-01-17,96,789,69,0.9060165849688675,1.0,27,10.233207334344009,0.9060165849688675,69
load1.3,station_v0_bogota_grid_load1.3,49,2022-03-05,96,176,25,0.926616059150337,1.0,27,1.9083035628431055,0.926616059150337,25
load1.6,station_v0_bogota_grid_load1.6,0,2022-01-17,96,712,68,0.9107646247578904,1.0,27,7.9731811104805335,0.9107646247578904,68
load1.6,station_v0_bogota_grid_load1.6,0,2022-03-05,96,392,46,0.9243179139376517,1.0,27,3.3466336246491575,0.9243179139376517,46
load1.6,station_v0_bogota_grid_load1.6,1,2022-01-17,96,1149,75,0.8867231660483955,1.0,27,19.28409481494971,0.8867231660483955,75
load1.6,station_v0_bogota_grid_load1.6,1,2022-03-05,96,951,79,0.8946792039731668,1.0,27,15.35649015468389,0.8946792039731668,79
load1.6,station_v0_bogota_grid_load1.6,2,2022-01-17,96,752,61,0.9030547701559001,1.0,27,9.954112466239538,0.9030547701559001,61
load1.6,station_v0_bogota_grid_load1.6,2,2022-03-05,96,329,39,0.9265671208554231,1.0,27,2.8489343726488014,0.9265671208554231,39
load1.6,station_v0_bogota_grid_load1.6,3,2022-01-17,96,418,57,0.9167174995775974,1.0,27,3.820175508557299,0.9167174995775974,57
load1.6,station_v0_bogota_grid_load1.6,3,2022-03-05,96,1000,74,0.9085809969828011,1.0,27,13.361174573570027,0.9085809969828011,74
load1.6,station_v0_bogota_grid_load1.6,4,2022-01-17,96,502,59,0.9189848524274804,1.0,27,5.073860057111765,0.9189848524274804,59
load1.6,station_v0_bogota_grid_load1.6,4,2022-03-05,96,978,80,0.8911344569308782,1.0,27,15.460485236323237,0.8911344569308782,80
load1.6,station_v0_bogota_grid_load1.6,5,2022-01-17,96,1234,79,0.8973767514577909,1.0,27,18.571937677311674,0.8973767514577909,79
load1.6,station_v0_bogota_grid_load1.6,5,2022-03-05,96,403,42,0.9165113859885476,1.0,27,4.654317951876065,0.9165113859885476,42
load1.6,station_v0_bogota_grid_load1.6,6,2022-01-17,96,1279,78,0.8847712253372841,1.0,27,22.651631027659203,0.8847712253372841,78
load1.6,station_v0_bogota_grid_load1.6,6,2022-03-05,96,1327,81,0.9006555495570046,1.0,27,20.00346298595923,0.9006555495570046,81
load1.6,station_v0_bogota_grid_load1.6,7,2022-01-17,96,1118,70,0.8954100728816161,1.0,27,17.455405349137195,0.8954100728816161,70
load1.6,station_v0_bogota_grid_load1.6,7,2022-03-05,96,227,29,0.9282128926670258,1.0,27,1.8660500022602293,0.9282128926670258,29
load1.6,station_v0_bogota_grid_load1.6,8,2022-01-17,96,1049,76,0.9004810038038962,1.0,27,15.14371352273844,0.9004810038038962,76
load1.6,station_v0_bogota_grid_load1.6,8,2022-03-05,96,665,68,0.9085459034157792,1.0,27,8.082085337106236,0.9085459034157792,68
load1.6,station_v0_bogota_grid_load1.6,9,2022-01-17,96,773,69,0.9088016862592927,1.0,27,10.23861532092927,0.9088016862592927,69
load1.6,station_v0_bogota_grid_load1.6,9,2022-03-05,96,321,43,0.922747501008015,1.0,27,2.8169720598110044,0.922747501008015,43
load1.6,station_v0_bogota_grid_load1.6,10,2022-01-17,96,523,51,0.9121760370709623,1.0,27,5.409535823175608,0.9121760370709623,51
load1.6,station_v0_bogota_grid_load1.6,10,2022-03-05,96,1316,96,0.8962592574013596,1.0,27,19.008746706190912,0.8962592574013596,96
load1.6,station_v0_bogota_grid_load1.6,11,2022-01-17,96,602,64,0.9176929257174757,1.0,27,6.7688009701195515,0.9176929257174757,64
load1.6,station_v0_bogota_grid_load1.6,11,2022-03-05,96,352,32,0.9197701114471569,1.0,27,4.092395077106459,0.9197701114471569,32
load1.6,station_v0_bogota_grid_load1.6,12,2022-01-17,96,1231,76,0.890761523778844,1.0,27,18.999974851827304,0.890761523778844,76
load1.6,station_v0_bogota_grid_load1.6,12,2022-03-05,96,215,26,0.9346107631342055,1.0,27,1.2235727455334018,0.9346107631342055,26
load1.6,station_v0_bogota_grid_load1.6,13,2022-01-17,96,963,75,0.9021247049700334,1.0,27,11.7733054257539,0.9021247049700334,75
load1.6,station_v0_bogota_grid_load1.6,13,2022-03-05,96,808,73,0.9108776594684596,1.0,27,9.358981604721816,0.9108776594684596,73
load1.6,station_v0_bogota_grid_load1.6,14,2022-01-17,96,877,69,0.907563023037587,1.0,27,11.714124949917533,0.907563023037587,69
load1.6,station_v0_bogota_grid_load1.6,14,2022-03-05,96,623,55,0.9039142976123746,1.0,27,8.420696303238305,0.9039142976123746,55
load1.6,station_v0_bogota_grid_load1.6,15,2022-01-17,96,1254,93,0.8864413556101275,1.0,27,20.49725988526582,0.8864413556101275,93
load1.6,station_v0_bogota_grid_load1.6,15,2022-03-05,96,1295,79,0.89927489584802,1.0,27,19.649047073183954,0.89927489584802,79
load1.6,station_v0_bogota_grid_load1.6,16,2022-01-17,96,876,67,0.9072170653283121,1.0,27,10.332771083903072,0.9072170653283121,67
load1.6,station_v0_bogota_grid_load1.6,16,2022-03-05,96,545,52,0.9094199545889222,1.0,27,6.348501694897322,0.9094199545889222,52
load1.6,station_v0_bogota_grid_load1.6,17,2022-01-17,96,857,65,0.9036347181346394,1.0,27,10.365192696293374,0.9036347181346394,65
load1.6,station_v0_bogota_grid_load1.6,17,2022-03-05,96,413,49,0.9185023859718553,1.0,27,3.8957984163407122,0.9185023859718553,49
load1.6,station_v0_bogota_grid_load1.6,18,2022-01-17,96,1249,88,0.8863827330818354,1.0,27,19.727595755358728,0.8863827330818354,88
load1.6,station_v0_bogota_grid_load1.6,18,2022-03-05,96,642,71,0.9148750609264382,1.0,27,6.571650924634026,0.9148750609264382,71
load1.6,station_v0_bogota_grid_load1.6,19,2022-01-17,96,1260,72,0.8783275340218226,1.0,27,22.306789302833735,0.8783275340218226,72
load1.6,station_v0_bogota_grid_load1.6,19,2022-03-05,96,295,47,0.9241051526160385,1.0,27,2.7021812878887927,0.9241051526160385,47
load1.6,station_v0_bogota_grid_load1.6,20,2022-01-17,96,1373,95,0.8899743018892677,1.0,27,22.534839553151688,0.8899743018892677,95
load1.6,station_v0_bogota_grid_load1.6,20,2022-03-05,96,256,27,0.9209958696375409,1.0,27,2.722363031120602,0.9209958696375409,27
load1.6,station_v0_bogota_grid_load1.6,21,2022-01-17,96,1005,72,0.8949738480279561,1.0,27,15.897608636348997,0.8949738480279561,72
load1.6,station_v0_bogota_grid_load1.6,21,2022-03-05,96,915,87,0.8995146128875646,1.0,27,12.573161025255711,0.8995146128875646,87
load1.6,station_v0_bogota_grid_load1.6,22,2022-01-17,96,1111,88,0.9047300665669284,1.0,27,14.119357658818267,0.9047300665669284,88
load1.6,station_v0_bogota_grid_load1.6,22,2022-03-05,96,692,71,0.9099797380442012,1.0,27,7.96250872381026,0.9099797380442012,71
load1.6,station_v0_bogota_grid_load1.6,23,2022-01-17,96,1246,96,0.891833483373755,1.0,27,18.517800417222666,0.891833483373755,96
load1.6,station_v0_bogota_grid_load1.6,23,2022-03-05,96,354,45,0.9235856816242604,1.0,27,3.711979336022317,0.9235856816242604,45
load1.6,station_v0_bogota_grid_load1.6,24,2022-01-17,96,1054,76,0.8937373742096912,1.0,27,17.806821642045346,0.8937373742096912,76
load1.6,station_v0_bogota_grid_load1.6,24,2022-03-05,96,542,58,0.9138944285252473,1.0,27,5.785371335267007,0.9138944285252473,58
load1.6,station_v0_bogota_grid_load1.6,25,2022-01-17,96,431,59,0.9138284133383014,1.0,27,4.466960029290362,0.9138284133383014,59
load1.6,station_v0_bogota_grid_load1.6,25,2022-03-05,96,701,56,0.8979320274615574,1.0,27,10.288621552285463,0.8979320274615574,56
load1.6,station_v0_bogota_grid_load1.6,26,2022-01-17,96,1326,96,0.8945005431581934,1.0,27,20.50389283808451,0.8945005431581934,96
load1.6,station_v0_bogota_grid_load1.6,26,2022-03-05,96,290,32,0.9211600257761713,1.0,27,2.815951415525029,0.9211600257761713,32
load1.6,station_v0_bogota_grid_load1.6,27,2022-01-17,96,998,69,0.9042930393928877,1.0,27,12.680092010387835,0.9042930393928877,69
load1.6,station_v0_bogota_grid_load1.6,27,2022-03-05,96,322,51,0.9252543843702066,1.0,27,2.7919771062005463,0.9252543843702066,51
load1.6,station_v0_bogota_grid_load1.6,28,2022-01-17,96,410,48,0.917216397702467,1.0,27,4.081450901209554,0.917216397702467,48
load1.6,station_v0_bogota_grid_load1.6,28,2022-03-05,96,334,52,0.9259401491634485,1.0,27,3.0328927185801655,0.9259401491634485,52
load1.6,station_v0_bogota_grid_load1.6,29,2022-01-17,96,927,69,0.8883877525991242,1.0,27,14.428328200210217,0.8883877525991242,69
load1.6,station_v0_bogota_grid_load1.6,29,2022-03-05,96,768,74,0.8943273201167184,1.0,27,11.177676902628425,0.8943273201167184,74
load1.6,station_v0_bogota_grid_load1.6,30,2022-01-17,96,378,56,0.9187737054470301,1.0,27,3.2871889555477045,0.9187737054470301,56
load1.6,station_v0_bogota_grid_load1.6,30,2022-03-05,96,574,60,0.9106467134678417,1.0,27,6.622826378108652,0.9106467134678417,60
load1.6,station_v0_bogota_grid_load1.6,31,2022-01-17,96,787,86,0.9078400412793673,1.0,27,8.76507035640455,0.9078400412793673,86
load1.6,station_v0_bogota_grid_load1.6,31,2022-03-05,96,191,36,0.934055867338545,1.0,27,1.3580040395526973,0.934055867338545,36
load1.6,station_v0_bogota_grid_load1.6,32,2022-01-17,96,986,75,0.8994759281164615,1.0,27,15.086568088306382,0.8994759281164615,75
load1.6,station_v0_bogota_grid_load1.6,32,2022-03-05,96,257,27,0.9293779434521819,1.0,27,1.8568329731092121,0.9293779434521819,27
load1.6,station_v0_bogota_grid_load1.6,33,2022-01-17,96,909,76,0.9024010682401594,1.0,27,12.205724154640407,0.9024010682401594,76
load1.6,station_v0_bogota_grid_load1.6,33,2022-03-05,96,578,62,0.9151284673904463,1.0,27,5.920232951460862,0.9151284673904463,62
load1.6,station_v0_bogota_grid_load1.6,34,2022-01-17,96,873,70,0.9134326465658105,1.0,27,8.717205507865405,0.9134326465658105,70
load1.6,station_v0_bogota_grid_load1.6,34,2022-03-05,96,826,75,0.8917343203403105,1.0,27,12.506783519084085,0.8917343203403105,75
load1.6,station_v0_bogota_grid_load1.6,35,2022-01-17,96,437,48,0.9188982292543761,1.0,27,4.072423615239062,0.9188982292543761,48
load1.6,station_v0_bogota_grid_load1.6,35,2022-03-05,96,822,71,0.9030480540352186,1.0,27,10.738526001174499,0.9030480540352186,71
load1.6,station_v0_bogota_grid_load1.6,36,2022-01-17,96,1063,73,0.9048985253700115,1.0,27,14.61729459305722,0.9048985253700115,73
load1.6,station_v0_bogota_grid_load1.6,36,2022-03-05,96,745,60,0.899910490021193,1.0,27,11.103042555376701,0.899910490021193,60
load1.6,station_v0_bogota_grid_load1.6,37,2022-01-17,96,972,82,0.9040110610211133,1.0,27,13.071915822041586,0.9040110610211133,82
load1.6,station_v0_bogota_grid_load1.6,37,2022-03-05,96,761,83,0.9002995740236408,1.0,27,9.089331970818197,0.9002995740236408,83
load1.6,station_v0_bogota_grid_load1.6,38,2022-01-17,96,1012,71,0.9064738502885571,1.0,27,11.659782022019288,0.9064738502885571,71
load1.6,station_v0_bogota_grid_load1.6,38,2022-03-05,96,357,40,0.9240220088157826,1.0,27,3.1388680658965105,0.9240220088157826,40
load1.6,station_v0_bogota_grid_load1.6,39,2022-01-17,96,699,67,0.9082515618167516,1.0,27,9.262460873915884,0.9082515618167516,67
load1.6,station_v0_bogota_grid_load1.6,39,2022-03-05,96,412,51,0.9157291216316376,1.0,27,4.348198278022068,0.9157291216316376,51
load1.6,station_v0_bogota_grid_load1.6,40,2022-01-17,96,560,65,0.9122604608009092,1.0,27,7.193132826290137,0.9122604608009092,65
load1.6,station_v0_bogota_grid_load1.6,40,2022-03-05,96,487,61,0.9196211538310493,1.0,27,4.528893170681907,0.9196211538310493,61
load1.6,station_v0_bogota_grid_load1.6,41,2022-01-17,96,1213,94,0.8868410480764546,1.0,27,19.822517682260134,0.8868410480764546,94
load1.6,station_v0_bogota_grid_load1.6,41,2022-03-05,96,683,67,0.9118369045423462,1.0,27,7.640735492500031,0.9118369045423462,67
load1.6,station_v0_bogota_grid_load1.6,42,2022-01-17,96,954,75,0.9031736330292685,1.0,27,12.808056094572185,0.9031736330292685,75
load1.6,station_v0_bogota_grid_load1.6,42,2022-03-05,96,761,73,0.9108789894918051,1.0,27,8.356224898249325,0.9108789894918051,73
load1.6,station_v0_bogota_grid_load1.6,43,2022-01-17,96,1123,73,0.8895720465596011,1.0,27,19.288545884438765,0.8895720465596011,73
load1.6,station_v0_bogota_grid_load1.6,43,2022-03-05,96,507,50,0.9153664716424463,1.0,27,5.533489715580689,0.9153664716424463,50
load1.6,station_v0_bogota_grid_load1.6,44,2022-01-17,96,1363,96,0.8858361057709198,1.0,27,22.866505072978033,0.8858361057709198,96
load1.6,station_v0_bogota_grid_load1.6,44,2022-03-05,96,504,52,0.9116420267186179,1.0,27,6.0926492618046435,0.9116420267186179,52
load1.6,station_v0_bogota_grid_load1.6,45,2022-01-17,96,599,58,0.9059089550318566,1.0,27,7.004195550088566,0.9059089550318566,58
load1.6,station_v0_bogota_grid_load1.6,45,2022-03-05,96,714,76,0.9152288887849818,1.0,27,7.605394708137132,0.9152288887849818,76
load1.6,station_v0_bogota_grid_load1.6,46,2022-01-17,96,622,61,0.9068220359295499,1.0,27,6.7444572627175,0.9068220359295499,61
load1.6,station_v0_bogota_grid_load1.6,46,2022-03-05,96,619,67,0.9138721931988083,1.0,27,6.530859748844107,0.9138721931988083,67
load1.6,station_v0_bogota_grid_load1.6,47,2022-01-17,96,882,63,0.9070257991155326,1.0,27,12.908750276100541,0.9070257991155326,63
load1.6,station_v0_bogota_grid_load1.6,47,2022-03-05,96,460,39,0.9165926567315125,1.0,27,5.565256149649501,0.9165926567315125,39
load1.6,station_v0_bogota_grid_load1.6,48,2022-01-17,96,1466,96,0.8921843980627757,1.0,27,23.841433378223847,0.8921843980627757,96
load1.6,station_v0_bogota_grid_load1.6,48,2022-03-05,96,514,57,0.9174879364284424,1.0,27,5.045778988485607,0.9174879364284424,57
load1.6,station_v0_bogota_grid_load1.6,49,2022-01-17,96,1474,79,0.8814806472754029,1.0,27,27.2872719750931,0.8814806472754029,79
load1.6,station_v0_bogota_grid_load1.6,49,2022-03-05,96,570,51,0.9078652183180621,1.0,27,6.9569446222450395,0.9078652183180621,51
