dataset,price_scenario,retail_cop_per_kwh,purchase_cost_cop_per_kwh,algorithm,mean_energy_kwh_per_day,gross_margin_cop_per_day,margin_ci_low,margin_ci_high,margin_conceded_vs_afap_cop_per_day,conceded_ci_low,conceded_ci_high,n_clusters
nongrid,bogota_base,1450.0,865.7615,ChargeAsFastAsPossible,202.11607496056217,118083.99246084639,112672.73553189517,123672.40214189782,-0.0,-0.0,-0.0,50
nongrid,bogota_base,1450.0,865.7615,MPC_EnergyMaxG2V,202.1214037960972,118087.10577172614,112676.14441275365,123675.73741852291,-3.1133108797384192,-4.2002500611154465,-2.078776707863701,50
nongrid,bogota_base,1450.0,865.7615,MPC_TrackingG2V,201.13728366437965,117512.14490215167,112098.79967465562,123081.07008535284,571.8475586947357,550.6207200644801,593.072020450031,50
nongrid,bogota_base,1450.0,865.7615,Optimal_Oracle_Balanced,201.9088766027749,117962.93920309031,112549.05826997675,123550.40379638663,121.05325775608974,114.6349133470318,127.76066390339595,50
nongrid,bogota_base,1450.0,865.7615,Optimal_Oracle_Tracking,201.12911002789812,117507.36954903418,112099.31643942802,123073.82480890247,576.6229118122175,555.560643145218,598.070552844521,50
nongrid,bogota_base,1450.0,865.7615,RandomPolicy,202.02547325580394,118031.05945676104,112621.7032270885,123617.7331905997,52.93300408536393,48.761460923707254,57.46766192575718,50
nongrid,bogota_base,1450.0,865.7615,RoundRobin,201.17140597007776,117532.08046684925,112136.76906239816,123123.9035894968,551.9119939971409,274.2932474502218,874.2149864851675,50
nongrid,bogota_base,1450.0,865.7615,TD3_TrackingOnly_ts100,192.51418998499628,112474.2015855492,107025.94630022866,118099.8016488309,5609.790875297181,4009.3622538551076,7346.044871207207,50
nongrid,bogota_base,1450.0,865.7615,TD3_TrackingOnly_ts101,184.63828145846855,107872.79260187344,101154.22053721131,114800.34826083275,10211.19985897293,7758.064350500552,12960.20027842318,50
nongrid,bogota_base,1450.0,865.7615,TD3_TrackingOnly_ts102,189.65468511534294,110803.56874976034,104832.30700594268,116840.84442110531,7280.42371108609,5517.546262442596,9157.649083845443,50
nongrid,bogota_base,1450.0,865.7615,TD3_vanilla_extended_ts102,197.88768688671814,115613.6053551659,110004.31747124078,121381.03156207563,2470.387105680489,1353.5147043524598,3797.851651255347,50
nongrid,bogota_base,1450.0,865.7615,TD3_vanilla_ts100,182.015452858074,106340.4351546219,100748.84997769516,112102.23573619002,11743.557306224506,9414.781356750756,14304.56150364317,50
nongrid,bogota_base,1450.0,865.7615,TD3_vanilla_ts101,182.59968286439565,106681.76481717027,100653.71459789085,112879.71732548231,11402.227643676142,9258.235183739429,13699.11550184905,50
nongrid,bogota_base,1450.0,865.7615,TD3_vanilla_ts102,185.12752268302103,108158.62616104417,102618.52374463409,113978.04348142337,9925.366299802226,7959.929469893891,11976.869559433417,50
nongrid,medellin_base,1450.0,923.92,ChargeAsFastAsPossible,202.11607496056217,106329.22471525255,101456.63578935555,111361.33157744586,-0.0,-0.0,-0.0,50
nongrid,medellin_base,1450.0,923.92,MPC_EnergyMaxG2V,202.1214037960972,106332.0281090508,101459.70533037698,111364.33484122757,-2.803393798273173,-3.7821327285865336,-1.8718431778650702,50
nongrid,medellin_base,1450.0,923.92,MPC_TrackingG2V,201.13728366437965,105814.30219015686,100939.8328471041,110828.86415479709,514.9225250957033,495.80872950262835,534.0341804217869,50
nongrid,medellin_base,1450.0,923.92,Optimal_Oracle_Balanced,201.9088766027749,106220.22180318784,101345.27008177205,111251.47765716069,109.00291206472001,103.22348700677165,115.04262397342764,50
nongrid,medellin_base,1450.0,923.92,Optimal_Oracle_Tracking,201.12911002789812,105810.00220347666,100940.29817010397,110822.34011532518,519.2225117758767,500.25690389427456,538.5351298150434,50
nongrid,medellin_base,1450.0,923.92,RandomPolicy,202.02547325580394,106281.56097041335,101410.6835371286,111312.104691681,47.663744839184076,43.90746135823681,51.746996450769245,50
nongrid,medellin_base,1450.0,923.92,RoundRobin,201.17140597007776,105832.25325273849,100974.02254104517,110867.4337626885,496.97146251405167,246.98850147433282,787.1905396342697,50
nongrid,medellin_base,1450.0,923.92,TD3_TrackingOnly_ts100,192.51418998499628,101277.86506730683,96371.9608167286,106343.46016467066,5051.35964794573,3610.2470044478355,6614.776817763104,50
nongrid,medellin_base,1450.0,923.92,TD3_TrackingOnly_ts101,184.63828145846855,97134.50710967112,91084.74080399719,103372.45356658092,9194.717605581418,6985.781480527781,11670.066526723022,50
nongrid,medellin_base,1450.0,923.92,TD3_TrackingOnly_ts102,189.65468511534294,99773.53674547965,94396.68914268118,105209.82686532145,6555.68796977291,4968.297600630226,8246.043405269267,50
nongrid,medellin_base,1450.0,923.92,TD3_vanilla_extended_ts102,197.88768688671814,104104.75431736471,99053.84759010292,109298.05735872721,2224.470397887835,1218.7779745185242,3419.791398020525,50
nongrid,medellin_base,1450.0,923.92,TD3_vanilla_ts100,182.015452858074,95754.6894395756,90719.72318884473,100942.9268630788,10574.535275676952,8477.579235465375,12880.602212686423,50
nongrid,medellin_base,1450.0,923.92,TD3_vanilla_ts101,182.59968286439565,96062.04116130133,90634.05813834316,101643.01341077269,10267.183553951247,8336.616579464791,12335.425829028294,50
nongrid,medellin_base,1450.0,923.92,TD3_vanilla_ts102,185.12752268302103,97391.88713308368,92403.27874930717,102632.00578994228,8937.337582168846,7167.551771274533,10784.62226954699,50
nongrid,medellin_cost_fuera_de_punta,1450.0,917.58,ChargeAsFastAsPossible,202.11607496056217,107610.64063050247,102679.33019116614,112703.3914204374,-0.0,-0.0,-0.0,50
nongrid,medellin_cost_fuera_de_punta,1450.0,917.58,MPC_EnergyMaxG2V,202.1214037960972,107613.47780911805,102682.43672445124,112706.43087774934,-2.837178615566663,-3.8277127192744156,-1.8944015069196247,50
nongrid,medellin_cost_fuera_de_punta,1450.0,917.58,MPC_TrackingG2V,201.13728366437965,107089.51256858898,102156.29905043938,112164.50702040955,521.1280619135031,501.78391834281996,540.4700394239801,50
nongrid,medellin_cost_fuera_de_punta,1450.0,917.58,Optimal_Oracle_Balanced,201.9088766027749,107500.3240808494,102566.62237100262,112592.21360672424,110.31654965308945,104.46747443762224,116.42904854001448,50
nongrid,medellin_cost_fuera_de_punta,1450.0,917.58,Optimal_Oracle_Tracking,201.12911002789812,107085.1607610535,102156.76998123241,112157.90435713468,525.4798694489676,506.2856994589966,545.0252315543737,50
nongrid,medellin_cost_fuera_de_punta,1450.0,917.58,RandomPolicy,202.02547325580394,107562.40247085516,102632.82415001141,112653.57128182938,48.23815964735098,44.43660769531611,52.370620153433066,50
nongrid,medellin_cost_fuera_de_punta,1450.0,917.58,RoundRobin,201.17140597007776,107107.67996658877,102190.90077802475,112203.54144603598,502.96066391372585,249.96505846062365,796.677286937502,50
nongrid,medellin_cost_fuera_de_punta,1450.0,917.58,TD3_TrackingOnly_ts100,192.51418998499628,102498.4050318117,97533.37777152268,107625.04763700186,5112.235598690818,3653.7555316836138,6694.494132666955,50
nongrid,medellin_cost_fuera_de_punta,1450.0,917.58,TD3_TrackingOnly_ts101,184.63828145846855,98305.11381411781,92182.43936067552,104618.23625288744,9305.526816384692,7069.969920663399,11810.707155105438,50
nongrid,medellin_cost_fuera_de_punta,1450.0,917.58,TD3_TrackingOnly_ts102,189.65468511534294,100975.9474491109,95534.301310345,106477.75247041216,6634.693181391598,5028.172537499133,8345.419764738184,50
nongrid,medellin_cost_fuera_de_punta,1450.0,917.58,TD3_vanilla_extended_ts102,197.88768688671814,105359.36225222648,100247.5850325475,110615.25186080736,2251.278378276006,1233.4659542144789,3461.0046687463673,50
nongrid,medellin_cost_fuera_de_punta,1450.0,917.58,TD3_vanilla_ts100,182.015452858074,96908.66741069575,91813.02277259105,102159.43035363515,10701.973219806725,8579.745925612977,13035.831489656524,50
nongrid,medellin_cost_fuera_de_punta,1450.0,917.58,TD3_vanilla_ts101,182.59968286439565,97219.72315066155,91726.32533838326,102867.95392366863,10390.91747984094,8437.084472397055,12484.084967858964,50
nongrid,medellin_cost_fuera_de_punta,1450.0,917.58,TD3_vanilla_ts102,185.12752268302103,98565.59562689405,93516.8675328964,103868.86504463406,9045.045003608459,7253.930797715151,10914.592055870227,50
nongrid,medellin_cost_monomio_x1.20,1450.0,920.76,ChargeAsFastAsPossible,202.11607496056217,106967.9115121279,102066.05445019492,112030.24468530918,-0.0,-0.0,-0.0,50
nongrid,medellin_cost_monomio_x1.20,1450.0,920.76,MPC_EnergyMaxG2V,202.1214037960972,106970.73174504649,102069.14242900077,112033.26598876838,-2.8202329185654524,-3.8048508312037517,-1.883086761433264,50
nongrid,medellin_cost_monomio_x1.20,1450.0,920.76,MPC_TrackingG2V,201.13728366437965,106449.89600653628,101546.1472323627,111494.57889538628,518.0155055916402,498.786899334648,537.2419587257165,50
nongrid,medellin_cost_monomio_x1.20,1450.0,920.76,Optimal_Oracle_Balanced,201.9088766027749,106858.25385325261,101954.01980321821,111919.73090646998,109.65765887532747,103.84351859691512,115.73364946718269,50
nongrid,medellin_cost_monomio_x1.20,1450.0,920.76,Optimal_Oracle_Tracking,201.12911002789812,106445.57019116482,101546.61535041404,111488.01566802518,522.3413209630966,503.26179253536566,541.7699439311771,50
nongrid,medellin_cost_monomio_x1.20,1450.0,920.76,RandomPolicy,202.02547325580394,106919.96146590171,102019.82617698816,111980.72210885276,47.95004622622175,44.17119991110457,52.057824668502136,50
nongrid,medellin_cost_monomio_x1.20,1450.0,920.76,RoundRobin,201.17140597007776,106467.95489560392,101580.54229323061,111533.38017899415,499.956616523984,248.47208508264308,791.9189499620622,50
nongrid,medellin_cost_monomio_x1.20,1450.0,920.76,TD3_TrackingOnly_ts100,192.51418998499628,101886.20990765937,96950.8374061843,106982.23246949192,5081.701604468519,3631.9326426284456,6654.5097381252735,50
nongrid,medellin_cost_monomio_x1.20,1450.0,920.76,TD3_TrackingOnly_ts101,184.63828145846855,97717.96407907989,91631.85869660028,103993.37995281571,9249.947433048035,7027.742911257838,11740.165010270097,50
nongrid,medellin_cost_monomio_x1.20,1450.0,920.76,TD3_TrackingOnly_ts102,189.65468511534294,100372.84555044411,94963.70088555459,105841.78978520894,6595.0659616838,4998.140629101164,8295.574839957248,50
nongrid,medellin_cost_monomio_x1.20,1450.0,920.76,TD3_vanilla_extended_ts102,197.88768688671814,104730.07940792674,99648.83344469675,109954.57701591542,2237.832104201183,1226.0987972060989,3440.3330282245715,50
nongrid,medellin_cost_monomio_x1.20,1450.0,920.76,TD3_vanilla_ts100,182.015452858074,96329.8582706071,91264.64853342493,101549.2598331353,10638.053241520813,8528.501434340205,12957.972010040607,50
nongrid,medellin_cost_monomio_x1.20,1450.0,920.76,TD3_vanilla_ts101,182.59968286439565,96639.0561591528,91178.46891943572,102253.55158439277,10328.855352975132,8386.692059222823,12409.520920306672,50
nongrid,medellin_cost_monomio_x1.20,1450.0,920.76,TD3_vanilla_ts102,185.12752268302103,97976.89010476203,92958.3166919163,103248.48453518297,8991.021407365879,7210.605039973644,10849.40216304564,50
nongrid,bogota_retail_minus20,1160.0,865.7615,ChargeAsFastAsPossible,202.11607496056217,59470.33072228337,56745.07361942348,62284.806800012,-0.0,-0.0,-0.0,50
nongrid,bogota_retail_minus20,1160.0,865.7615,MPC_EnergyMaxG2V,202.1214037960972,59471.89867085795,56746.7904251295,62286.48653661141,-1.567948574574839,-2.115360897311439,-1.0469288490174404,50
nongrid,bogota_retail_minus20,1160.0,865.7615,MPC_TrackingG2V,201.13728366437965,59182.33263948158,56456.023812314925,61986.995790775676,287.99808280180326,277.3076658602462,298.6873026840673,50
nongrid,bogota_retail_minus20,1160.0,865.7615,Optimal_Oracle_Balanced,201.9088766027749,59409.36498828559,56682.78636510699,62223.3650939524,60.965733997784845,57.73328007459234,64.34376732437234,50
nongrid,bogota_retail_minus20,1160.0,865.7615,Optimal_Oracle_Tracking,201.12911002789812,59179.927640943715,56456.284069198846,61983.34687124223,290.4030813396556,279.79554633610167,301.2047004145421,50
nongrid,bogota_retail_minus20,1160.0,865.7615,RandomPolicy,202.02547325580394,59443.67221257788,56719.37235389942,62257.274019774915,26.658509705488104,24.55760638848345,28.942287513646313,50
nongrid,bogota_retail_minus20,1160.0,865.7615,RoundRobin,201.17140597007776,59192.37273552671,56475.146235255714,62008.56791587366,277.95798675665225,138.14158719406913,440.2785956435849,50
nongrid,bogota_retail_minus20,1160.0,865.7615,TD3_TrackingOnly_ts100,192.51418998499628,56645.086489900335,53901.19600207764,59478.29266207128,2825.244232383054,2019.2245727232037,3699.6692683496544,50
nongrid,bogota_retail_minus20,1160.0,865.7615,TD3_TrackingOnly_ts101,184.63828145846855,54327.69097891759,50944.0341907256,57816.59762536197,5142.639743365777,3907.1735556536523,6527.111598470184,50
nongrid,bogota_retail_minus20,1160.0,865.7615,TD3_TrackingOnly_ts102,189.65468511534294,55803.710066310865,52796.419210593056,58844.247342822164,3666.6206559725233,2778.7873204893463,4612.042735898193,50
nongrid,bogota_retail_minus20,1160.0,865.7615,TD3_vanilla_extended_ts102,197.88768688671814,58226.17615801764,55401.18524585709,61130.80985809356,1244.1545642657375,681.6670526447841,1912.7020439219502,50
nongrid,bogota_retail_minus20,1160.0,865.7615,TD3_vanilla_ts100,182.015452858074,53555.95382578043,50739.87848141137,56457.754306953335,5914.3768965029485,4741.541586592303,7204.168708480712,50
nongrid,bogota_retail_minus20,1160.0,865.7615,TD3_vanilla_ts101,182.59968286439565,53727.856786495504,50691.96570015756,56849.315316046304,5742.47393578787,4662.7006489827545,6899.249530099111,50
nongrid,bogota_retail_minus20,1160.0,865.7615,TD3_vanilla_ts102,185.12752268302103,54471.644582968074,51681.497365948184,57402.4624308545,4998.68613931529,4008.838355102191,6031.879333291707,50
nongrid,bogota_retail_plus20,1740.0,865.7615,ChargeAsFastAsPossible,202.11607496056217,176697.65419940942,168600.39744436688,185059.99748378366,-0.0,-0.0,-0.0,50
nongrid,bogota_retail_plus20,1740.0,865.7615,MPC_EnergyMaxG2V,202.1214037960972,176702.31287259434,168605.49840037778,185064.98830043437,-4.658673184892396,-6.285139224901337,-3.1106245667031582,50
nongrid,bogota_retail_plus20,1740.0,865.7615,MPC_TrackingG2V,201.13728366437965,175841.95716482177,167741.57553699624,184175.14437993005,855.6970345876716,823.9337742687153,887.4567382159826,50
nongrid,bogota_retail_plus20,1740.0,865.7615,Optimal_Oracle_Balanced,201.9088766027749,176516.51341789504,168415.33017484657,184877.44249882083,181.14078151439563,171.5365466194726,191.1775604824274,50
nongrid,bogota_retail_plus20,1740.0,865.7615,Optimal_Oracle_Tracking,201.12911002789812,175834.81145712463,167742.34880965712,184164.30274656275,862.842742284781,831.3257399543436,894.936405274499,50
nongrid,bogota_retail_plus20,1740.0,865.7615,RandomPolicy,202.02547325580394,176618.4467009442,168524.0341002775,184978.1923614244,79.20749846523643,72.96531545892351,85.99303633787612,50
nongrid,bogota_retail_plus20,1740.0,865.7615,RoundRobin,201.17140597007776,175871.78819817182,167798.39188954062,184239.23926311996,825.8660012376304,410.44490770638293,1308.1513773267488,50
nongrid,bogota_retail_plus20,1740.0,865.7615,TD3_TrackingOnly_ts100,192.51418998499628,168303.3166811981,160150.6965983797,176721.31063559043,8394.337518211301,5999.49993498702,10992.420474064751,50
nongrid,bogota_retail_plus20,1740.0,865.7615,TD3_TrackingOnly_ts101,184.63828145846855,161417.89422482933,151364.406883697,171784.09889630356,15279.75997458009,11608.955145347458,19393.288958376193,50
nongrid,bogota_retail_plus20,1740.0,865.7615,TD3_TrackingOnly_ts102,189.65468511534294,165803.42743320978,156868.1948012923,174837.44149938851,10894.226766199656,8256.305204395849,13703.255431792692,50
nongrid,bogota_retail_plus20,1740.0,865.7615,TD3_vanilla_extended_ts102,197.88768688671814,173001.03455231417,164607.44969662445,181631.2532660577,3696.619647095243,2025.3623560601363,5683.001258588745,50
nongrid,bogota_retail_plus20,1740.0,865.7615,TD3_vanilla_ts100,182.015452858074,159124.91648346334,150757.82147397893,167746.71716542673,17572.737715946063,14088.021126909218,21404.954298805616,50
nongrid,bogota_retail_plus20,1740.0,865.7615,TD3_vanilla_ts101,182.59968286439565,159635.672847845,150615.46349562408,168910.11933491827,17061.981351564416,13853.76971849609,20498.981473598986,50
nongrid,bogota_retail_plus20,1740.0,865.7615,TD3_vanilla_ts102,185.12752268302103,161845.60773912026,153555.55012332002,170553.62453199222,14852.046460289159,11911.020584685584,17921.859785575118,50
nongrid,medellin_retail_minus20,1160.0,923.92,ChargeAsFastAsPossible,202.11607496056217,47715.562976689514,45528.97387688387,49973.73623556004,-0.0,-0.0,-0.0,50
nongrid,medellin_retail_minus20,1160.0,923.92,MPC_EnergyMaxG2V,202.1214037960972,47716.82100818263,45530.351342752794,49975.083959316085,-1.2580314931095926,-1.697243564782526,-0.8399953190188099,50
nongrid,medellin_retail_minus20,1160.0,923.92,MPC_TrackingG2V,201.13728366437965,47484.48992748676,45297.05698476341,49734.789860219935,231.07304920277093,222.4956752983944,239.6494626558232,50
nongrid,medellin_retail_minus20,1160.0,923.92,Optimal_Oracle_Balanced,201.9088766027749,47666.64758838311,45478.998176902256,49924.438954726465,48.91538830641512,46.32185373433219,51.62572739440403,50
nongrid,medellin_retail_minus20,1160.0,923.92,Optimal_Oracle_Tracking,201.12911002789812,47482.5602953862,45297.26579987482,49731.86217766494,233.00268130331474,224.49180708515826,241.66927738506456,50
nongrid,medellin_retail_minus20,1160.0,923.92,RandomPolicy,202.02547325580394,47694.173726230205,45508.35266393955,49951.64552085626,21.38925045930824,19.703606823013,23.22162203865838,50
nongrid,medellin_retail_minus20,1160.0,923.92,RoundRobin,201.17140597007776,47492.545521415945,45312.39971390274,49752.09808906535,223.01745527356294,110.8368412181801,353.2541487926871,50
nongrid,medellin_retail_minus20,1160.0,923.92,TD3_TrackingOnly_ts100,192.51418998499628,45448.749971657904,43247.21051857758,47721.95117791107,2266.8130050316045,1620.10932331593,2968.4012149055484,50
nongrid,medellin_retail_minus20,1160.0,923.92,TD3_TrackingOnly_ts101,184.63828145846855,43589.40548671525,40874.55445751152,46388.70293111016,4126.157489974263,3134.8906856808776,5236.977846770019,50
nongrid,medellin_retail_minus20,1160.0,923.92,TD3_TrackingOnly_ts102,189.65468511534294,44773.6780620302,42360.80134733152,47213.22978703826,2941.8849146593443,2229.538658676976,3700.437057322018,50
nongrid,medellin_retail_minus20,1160.0,923.92,TD3_vanilla_extended_ts102,197.88768688671814,46717.32512021643,44450.715364719246,49047.83565474515,998.2378564730831,546.9303228108489,1534.6417906871277,50
nongrid,medellin_retail_minus20,1160.0,923.92,TD3_vanilla_ts100,182.015452858074,42970.20811073412,40710.75169256096,45298.44543384208,4745.3548659553935,3804.33946530692,5780.209417523972,50
nongrid,medellin_retail_minus20,1160.0,923.92,TD3_vanilla_ts101,182.59968286439565,43108.13313062655,40672.3092406099,45612.61140133672,4607.429846062973,3741.082044708117,5535.559857278357,50
nongrid,medellin_retail_minus20,1160.0,923.92,TD3_vanilla_ts102,185.12752268302103,43704.9055550076,41466.25237062128,46056.424739373455,4010.657421681913,3216.4606564828346,4839.632043405282,50
nongrid,medellin_retail_plus20,1740.0,923.92,ChargeAsFastAsPossible,202.11607496056217,164942.88645381556,157384.29770182725,172748.92691933172,-0.0,-0.0,-0.0,50
nongrid,medellin_retail_plus20,1740.0,923.92,MPC_EnergyMaxG2V,202.1214037960972,164947.235209919,157389.05931800112,172753.58572313903,-4.348756103426858,-5.867021892371565,-2.9036910367042217,50
nongrid,medellin_retail_plus20,1740.0,923.92,MPC_TrackingG2V,201.13728366437965,164144.11445282694,156582.6087094448,171922.93844937425,798.7720009886394,769.1217837068639,828.4188981877386,50
nongrid,medellin_retail_plus20,1740.0,923.92,Optimal_Oracle_Balanced,201.9088766027749,164773.79601799257,157211.5419866418,172578.5163595949,169.09043582302604,160.12512027921247,178.4595205524594,50
nongrid,medellin_retail_plus20,1740.0,923.92,Optimal_Oracle_Tracking,201.12911002789812,164137.4441115671,156583.33054033312,171912.81805298547,805.4423422484402,776.0220007034002,835.4009822450214,50
nongrid,medellin_retail_plus20,1740.0,923.92,RandomPolicy,202.02547325580394,164868.94821459654,157313.01441031764,172672.56386250578,73.9382392190567,68.1113158934535,80.2723708628882,50
nongrid,medellin_retail_plus20,1740.0,923.92,RoundRobin,201.17140597007776,164171.96098406104,156635.64536818766,171982.76943631165,770.9254697545413,383.14016173049407,1221.1269304758512,50
nongrid,medellin_retail_plus20,1740.0,923.92,TD3_TrackingOnly_ts100,192.51418998499628,157106.9801629557,149496.71111487964,164964.9691514303,7835.906290859852,5600.3846855797465,10261.152420620647,50
nongrid,medellin_retail_plus20,1740.0,923.92,TD3_TrackingOnly_ts101,184.63828145846855,150679.608732627,141294.9271504829,160356.20420205174,14263.277721188573,10836.672275374682,18103.155206676038,50
nongrid,medellin_retail_plus20,1740.0,923.92,TD3_TrackingOnly_ts102,189.65468511534294,154773.3954289291,146432.57693803078,163206.4239436046,10169.491024886476,7707.0565425834775,12791.649753216514,50
nongrid,medellin_retail_plus20,1740.0,923.92,TD3_vanilla_extended_ts102,197.88768688671814,161492.183514513,153656.97981548661,169548.27906270928,3450.702939302589,1890.6256262262011,5304.941005353923,50
nongrid,medellin_retail_plus20,1740.0,923.92,TD3_vanilla_ts100,182.015452858074,148539.17076841707,140728.6946851285,156587.4082923155,16403.715685398507,13150.819005623829,19980.995007848876,50
nongrid,medellin_retail_plus20,1740.0,923.92,TD3_vanilla_ts101,182.59968286439565,149015.94919197605,140595.80703607644,157673.4154202087,15926.937261839521,12932.151114221459,19135.291800778232,50
nongrid,medellin_retail_plus20,1740.0,923.92,TD3_vanilla_ts102,185.12752268302103,151078.8687111598,143340.3051279931,159207.58684051115,13864.017742655782,11118.642886066227,16729.612495688692,50
grid_base,bogota_base,1450.0,865.7615,ChargeAsFastAsPossible,202.11607496056214,118083.99246084639,112672.73553189517,123672.40214189784,-0.0,-0.0,-0.0,50
grid_base,bogota_base,1450.0,865.7615,MPC_TrackingG2V,201.13728366437965,117512.14490215167,112098.79967465559,123081.07008535284,571.8475586947357,550.6207200644801,593.072020450031,50
grid_base,bogota_base,1450.0,865.7615,Optimal_Oracle_Tracking,201.12911002789818,117507.36954903418,112099.31643942802,123073.82480890247,576.6229118122175,555.560643145218,598.070552844521,50
grid_base,bogota_base,1450.0,865.7615,RoundRobin,201.17140597007767,117532.08046684926,112136.76906239816,123123.9035894968,551.9119939971409,274.2932474502218,874.2149864851675,50
grid_base,bogota_base,1450.0,865.7615,TD3_vanilla_extended_ts102,197.88768688671814,115613.60535516591,110004.31747124078,121381.03156207563,2470.387105680489,1353.5147043524598,3797.851651255347,50
grid_base,medellin_base,1450.0,923.92,ChargeAsFastAsPossible,202.11607496056214,106329.22471525255,101456.63578935555,111361.33157744586,-0.0,-0.0,-0.0,50
grid_base,medellin_base,1450.0,923.92,MPC_TrackingG2V,201.13728366437965,105814.30219015684,100939.8328471041,110828.86415479709,514.9225250957033,495.80872950262835,534.0341804217869,50
grid_base,medellin_base,1450.0,923.92,Optimal_Oracle_Tracking,201.12911002789818,105810.00220347666,100940.29817010397,110822.34011532518,519.2225117758767,500.25690389427456,538.5351298150434,50
grid_base,medellin_base,1450.0,923.92,RoundRobin,201.17140597007767,105832.2532527385,100974.02254104517,110867.43376268848,496.97146251405167,246.98850147433282,787.1905396342697,50
grid_base,medellin_base,1450.0,923.92,TD3_vanilla_extended_ts102,197.88768688671814,104104.75431736471,99053.84759010292,109298.05735872721,2224.470397887835,1218.7779745185242,3419.791398020525,50
grid_base,medellin_cost_fuera_de_punta,1450.0,917.58,ChargeAsFastAsPossible,202.11607496056214,107610.6406305025,102679.33019116614,112703.39142043742,-0.0,-0.0,-0.0,50
grid_base,medellin_cost_fuera_de_punta,1450.0,917.58,MPC_TrackingG2V,201.13728366437965,107089.51256858901,102156.29905043938,112164.50702040955,521.1280619135031,501.78391834281996,540.4700394239801,50
grid_base,medellin_cost_fuera_de_punta,1450.0,917.58,Optimal_Oracle_Tracking,201.12911002789818,107085.16076105353,102156.76998123241,112157.90435713467,525.4798694489676,506.2856994589966,545.0252315543737,50
grid_base,medellin_cost_fuera_de_punta,1450.0,917.58,RoundRobin,201.17140597007767,107107.67996658875,102190.90077802478,112203.54144603598,502.96066391372585,249.96505846062365,796.677286937502,50
grid_base,medellin_cost_fuera_de_punta,1450.0,917.58,TD3_vanilla_extended_ts102,197.88768688671814,105359.36225222649,100247.5850325475,110615.25186080736,2251.278378276006,1233.4659542144789,3461.0046687463673,50
grid_base,medellin_cost_monomio_x1.20,1450.0,920.76,ChargeAsFastAsPossible,202.11607496056214,106967.91151212793,102066.05445019492,112030.24468530918,-0.0,-0.0,-0.0,50
grid_base,medellin_cost_monomio_x1.20,1450.0,920.76,MPC_TrackingG2V,201.13728366437965,106449.89600653629,101546.14723236268,111494.57889538628,518.0155055916402,498.786899334648,537.2419587257165,50
grid_base,medellin_cost_monomio_x1.20,1450.0,920.76,Optimal_Oracle_Tracking,201.12911002789818,106445.57019116482,101546.61535041402,111488.01566802518,522.3413209630966,503.26179253536566,541.7699439311771,50
grid_base,medellin_cost_monomio_x1.20,1450.0,920.76,RoundRobin,201.17140597007767,106467.95489560392,101580.54229323061,111533.38017899415,499.956616523984,248.47208508264308,791.9189499620622,50
grid_base,medellin_cost_monomio_x1.20,1450.0,920.76,TD3_vanilla_extended_ts102,197.88768688671814,104730.07940792677,99648.83344469675,109954.57701591542,2237.832104201183,1226.0987972060989,3440.333028224573,50
grid_base,bogota_retail_minus20,1160.0,865.7615,ChargeAsFastAsPossible,202.11607496056214,59470.33072228337,56745.07361942348,62284.806800012,-0.0,-0.0,-0.0,50
grid_base,bogota_retail_minus20,1160.0,865.7615,MPC_TrackingG2V,201.13728366437965,59182.33263948158,56456.023812314925,61986.995790775676,287.99808280180326,277.3076658602462,298.6873026840673,50
grid_base,bogota_retail_minus20,1160.0,865.7615,Optimal_Oracle_Tracking,201.12911002789818,59179.927640943715,56456.284069198846,61983.34687124222,290.4030813396556,279.79554633610167,301.2047004145421,50
grid_base,bogota_retail_minus20,1160.0,865.7615,RoundRobin,201.17140597007767,59192.37273552672,56475.146235255714,62008.56791587366,277.95798675665225,138.14158719406913,440.2785956435849,50
grid_base,bogota_retail_minus20,1160.0,865.7615,TD3_vanilla_extended_ts102,197.88768688671814,58226.176158017624,55401.1852458571,61130.80985809355,1244.1545642657375,681.6670526447841,1912.7020439219502,50
grid_base,bogota_retail_plus20,1740.0,865.7615,ChargeAsFastAsPossible,202.11607496056214,176697.65419940942,168600.39744436688,185059.99748378366,-0.0,-0.0,-0.0,50
grid_base,bogota_retail_plus20,1740.0,865.7615,MPC_TrackingG2V,201.13728366437965,175841.95716482177,167741.57553699624,184175.14437993005,855.6970345876716,823.9337742687153,887.4567382159826,50
grid_base,bogota_retail_plus20,1740.0,865.7615,Optimal_Oracle_Tracking,201.12911002789818,175834.81145712463,167742.34880965715,184164.30274656275,862.842742284781,831.3257399543436,894.936405274499,50
grid_base,bogota_retail_plus20,1740.0,865.7615,RoundRobin,201.17140597007767,175871.78819817185,167798.39188954062,184239.23926311993,825.8660012376304,410.44490770638293,1308.1513773267488,50
grid_base,bogota_retail_plus20,1740.0,865.7615,TD3_vanilla_extended_ts102,197.88768688671814,173001.03455231417,164607.44969662445,181631.2532660577,3696.6196470952423,2025.3623560601363,5683.001258588745,50
grid_base,medellin_retail_minus20,1160.0,923.92,ChargeAsFastAsPossible,202.11607496056214,47715.56297668952,45528.97387688387,49973.73623556004,-0.0,-0.0,-0.0,50
grid_base,medellin_retail_minus20,1160.0,923.92,MPC_TrackingG2V,201.13728366437965,47484.48992748674,45297.05698476341,49734.789860219935,231.07304920277093,222.4956752983944,239.6494626558232,50
grid_base,medellin_retail_minus20,1160.0,923.92,Optimal_Oracle_Tracking,201.12911002789818,47482.5602953862,45297.26579987481,49731.862177664945,233.00268130331474,224.49180708515826,241.66927738506456,50
grid_base,medellin_retail_minus20,1160.0,923.92,RoundRobin,201.17140597007767,47492.54552141596,45312.39971390274,49752.09808906535,223.01745527356294,110.8368412181801,353.2541487926871,50
grid_base,medellin_retail_minus20,1160.0,923.92,TD3_vanilla_extended_ts102,197.88768688671814,46717.325120216425,44450.715364719246,49047.83565474513,998.2378564730831,546.9303228108489,1534.6417906871277,50
grid_base,medellin_retail_plus20,1740.0,923.92,ChargeAsFastAsPossible,202.11607496056214,164942.8864538156,157384.29770182725,172748.92691933172,-0.0,-0.0,-0.0,50
grid_base,medellin_retail_plus20,1740.0,923.92,MPC_TrackingG2V,201.13728366437965,164144.1144528269,156582.6087094448,171922.93844937425,798.7720009886394,769.1217837068639,828.4188981877386,50
grid_base,medellin_retail_plus20,1740.0,923.92,Optimal_Oracle_Tracking,201.12911002789818,164137.4441115671,156583.33054033312,171912.81805298544,805.4423422484402,776.0220007034002,835.4009822450214,50
grid_base,medellin_retail_plus20,1740.0,923.92,RoundRobin,201.17140597007767,164171.96098406104,156635.64536818763,171982.76943631165,770.9254697545413,383.14016173049407,1221.1269304758512,50
grid_base,medellin_retail_plus20,1740.0,923.92,TD3_vanilla_extended_ts102,197.88768688671814,161492.183514513,153656.97981548661,169548.27906270925,3450.702939302588,1890.6256262262011,5304.941005353923,50
grid_spawn1.3,bogota_base,1450.0,865.7615,ChargeAsFastAsPossible,224.63056431184629,131237.8239477066,126410.4411121316,136155.6269343209,-0.0,-0.0,-0.0,50
grid_spawn1.3,bogota_base,1450.0,865.7615,MPC_TrackingG2V,223.54087210894753,130601.18380962334,125769.53657243492,135510.97851330845,636.6401380832526,617.1364073346829,656.4443152202733,50
grid_spawn1.3,bogota_base,1450.0,865.7615,Optimal_Oracle_Tracking,223.54751044315657,130605.06218004419,125775.40402775697,135515.9798145642,632.7617676624448,612.8009697756896,653.0907780954976,50
grid_spawn1.3,bogota_base,1450.0,865.7615,RoundRobin,223.26128951026988,130437.84089154581,125536.89299400173,135423.77161273538,799.9830561607705,472.29663786810875,1176.36266319131,50
grid_spawn1.3,bogota_base,1450.0,865.7615,TD3_vanilla_extended_ts102,221.5420317003678,129433.38428757533,124545.1523960412,134342.78247394925,1804.4396601312392,920.0838728877384,2824.461248330198,50
grid_spawn1.3,medellin_base,1450.0,923.92,ChargeAsFastAsPossible,224.63056431184629,118173.64727317607,113826.81021581113,122601.90353358693,-0.0,-0.0,-0.0,50
grid_spawn1.3,medellin_base,1450.0,923.92,MPC_TrackingG2V,223.54087210894753,117600.38199907512,113249.7050434481,122021.42716764014,573.2652741009649,555.7030582041896,591.098028204373,50
grid_spawn1.3,medellin_base,1450.0,923.92,Optimal_Oracle_Tracking,223.54751044315657,117603.87429393582,113254.98841812441,122025.9306102661,569.7729792402554,551.7991953279268,588.0783216793814,50
grid_spawn1.3,medellin_base,1450.0,923.92,RoundRobin,223.26128951026988,117453.29918556279,113040.22016057558,121942.90134941092,720.3480876132925,425.2814822194279,1059.2606783902204,50
grid_spawn1.3,medellin_base,1450.0,923.92,TD3_vanilla_extended_ts102,221.5420317003678,116548.8320369295,112147.20319271901,120969.52015982383,1624.8152362465687,828.4933701712223,2543.297940004892,50
grid_spawn1.3,medellin_cost_fuera_de_punta,1450.0,917.58,ChargeAsFastAsPossible,224.63056431184629,119597.80505091317,115198.58252566562,124079.42799451097,-0.0,-0.0,-0.0,50
grid_spawn1.3,medellin_cost_fuera_de_punta,1450.0,917.58,MPC_TrackingG2V,223.54087210894753,119017.63112824583,114614.52242859003,123491.95607625258,580.1739226673453,562.400057499008,598.2215864062001,50
grid_spawn1.3,medellin_cost_fuera_de_punta,1450.0,917.58,Optimal_Oracle_Tracking,223.54751044315657,119021.16551014541,114619.86947532278,123496.5137916626,576.6395407677533,558.4491476134755,595.1654881929335,50
grid_spawn1.3,medellin_cost_fuera_de_punta,1450.0,917.58,RoundRobin,223.26128951026988,118868.77576105787,114402.5129598039,123412.48391205398,729.0292898552876,430.40671906034976,1072.0262514988635,50
grid_spawn1.3,medellin_cost_fuera_de_punta,1450.0,917.58,TD3_vanilla_extended_ts102,221.5420317003678,117953.40851790983,113498.73388813004,122427.37211734602,1644.3965330033452,838.4778743661884,2573.9482383238424,50
grid_spawn1.3,medellin_cost_monomio_x1.20,1450.0,920.76,ChargeAsFastAsPossible,224.63056431184629,118883.47985640151,114510.53269201625,123338.3352838267,-0.0,-0.0,-0.0,50
grid_spawn1.3,medellin_cost_monomio_x1.20,1450.0,920.76,MPC_TrackingG2V,223.54087210894753,118306.77115493939,113929.96102720968,122754.37217571825,576.7087014621275,559.0409947612301,594.6485714090692,50
grid_spawn1.3,medellin_cost_monomio_x1.20,1450.0,920.76,Optimal_Oracle_Tracking,223.54751044315657,118310.28442693615,113935.27613748511,122758.90266913254,573.1954294653193,555.1136825869711,591.6107264400823,50
grid_spawn1.3,medellin_cost_monomio_x1.20,1450.0,920.76,RoundRobin,223.26128951026988,118158.80486041523,113719.21783337706,122675.37467716362,724.674995986273,427.8360166701087,1065.6233299711835,50
grid_spawn1.3,medellin_cost_monomio_x1.20,1450.0,920.76,TD3_vanilla_extended_ts102,221.5420317003678,117248.9048571027,112820.83678853905,121696.14668754784,1634.5749992988422,833.4698738393754,2558.574744845253,50
grid_spawn1.3,bogota_retail_minus20,1160.0,865.7615,ChargeAsFastAsPossible,224.63056431184629,66094.96029727119,63663.75816926123,68571.70048826665,-0.0,-0.0,-0.0,50
grid_spawn1.3,bogota_retail_minus20,1160.0,865.7615,MPC_TrackingG2V,223.54087210894753,65774.33089802857,63340.98110064364,68247.03789854335,320.62939924261866,310.80678659407477,330.60332491600536,50
grid_spawn1.3,bogota_retail_minus20,1160.0,865.7615,Optimal_Oracle_Tracking,223.54751044315657,65776.28415152874,63343.93611174404,68249.55669074817,318.67614574244084,308.62334157256356,328.9143918291082,50
grid_spawn1.3,bogota_retail_minus20,1160.0,865.7615,RoundRobin,223.26128951026988,65692.06693356755,63223.815426774476,68203.11811644361,402.8933637036233,237.8615142298117,592.4484358244354,50
grid_spawn1.3,bogota_retail_minus20,1160.0,865.7615,TD3_vanilla_extended_ts102,221.5420317003678,65186.195094468676,62724.34771635656,67658.70239801232,908.7652028024945,463.3794223295412,1422.4759939935554,50
grid_spawn1.3,bogota_retail_plus20,1740.0,865.7615,ChargeAsFastAsPossible,224.63056431184629,196380.687598142,189157.12405500194,203739.55338037503,-0.0,-0.0,-0.0,50
grid_spawn1.3,bogota_retail_plus20,1740.0,865.7615,MPC_TrackingG2V,223.54087210894753,195428.03672121812,188198.09204422624,202774.91912807352,952.6508769238856,923.4660280752756,982.2853055245427,50
grid_spawn1.3,bogota_retail_plus20,1740.0,865.7615,Optimal_Oracle_Tracking,223.54751044315657,195433.84020855953,188206.87194376986,202782.4029383803,946.8473895824493,916.9785979788169,977.267164361888,50
grid_spawn1.3,bogota_retail_plus20,1740.0,865.7615,RoundRobin,223.26128951026988,195183.61484952408,187849.97056122895,202644.425109027,1197.072748617918,706.7317615064112,1760.2768905581815,50
grid_spawn1.3,bogota_retail_plus20,1740.0,865.7615,TD3_vanilla_extended_ts102,221.5420317003678,193680.573480682,186365.9570757259,201026.86254988625,2700.114117459982,1376.7883234459357,4226.446502666833,50
grid_spawn1.3,medellin_retail_minus20,1160.0,923.92,ChargeAsFastAsPossible,224.63056431184629,53030.78362274066,51080.1272729408,55017.977087532694,-0.0,-0.0,-0.0,50
grid_spawn1.3,medellin_retail_minus20,1160.0,923.92,MPC_TrackingG2V,223.54087210894753,52773.52908748035,50821.149571656846,54757.48655287501,257.2545352603309,249.37343746358152,265.2570379001051,50
grid_spawn1.3,medellin_retail_minus20,1160.0,923.92,Optimal_Oracle_Tracking,223.54751044315657,52775.09626542041,50823.52050211149,54759.50748645003,255.68735732025146,247.62156712480063,263.9019354129919,50
grid_spawn1.3,medellin_retail_minus20,1160.0,923.92,RoundRobin,223.26128951026988,52707.52522758452,50727.142593348304,54722.24785311918,323.2583951561453,190.84635858113086,475.3464510233457,50
grid_spawn1.3,medellin_retail_minus20,1160.0,923.92,TD3_vanilla_extended_ts102,221.5420317003678,52301.64284382285,50326.39851303435,54285.440083886875,729.1407789178239,371.7889196130252,1141.3126856682497,50
grid_spawn1.3,medellin_retail_plus20,1740.0,923.92,ChargeAsFastAsPossible,224.63056431184629,183316.5109236115,176573.49315868152,190185.82997964116,-0.0,-0.0,-0.0,50
grid_spawn1.3,medellin_retail_plus20,1740.0,923.92,MPC_TrackingG2V,223.54087210894753,182427.23491066985,175678.26051523938,189285.36778240526,889.2760129415977,862.0326789447823,916.9390185086424,50
grid_spawn1.3,medellin_retail_plus20,1740.0,923.92,Optimal_Oracle_Tracking,223.54751044315657,182432.6523224512,175686.45633413736,189292.3537340822,883.8586011602598,855.9768235310539,912.2547079457718,50
grid_spawn1.3,medellin_retail_plus20,1740.0,923.92,RoundRobin,223.26128951026988,182199.07314354103,175353.29772780277,189163.55484570266,1117.4377800704399,659.7166058577304,1643.174905757092,50
grid_spawn1.3,medellin_retail_plus20,1740.0,923.92,TD3_vanilla_extended_ts102,221.5420317003678,180796.02123003616,173968.00787240372,187653.6002357607,2520.489693575312,1285.1978207294198,3945.283194341527,50
grid_spawn1.6,bogota_base,1450.0,865.7615,ChargeAsFastAsPossible,239.46579264011908,139905.13549337417,134615.259842164,145437.27349128836,-0.0,-0.0,-0.0,50
grid_spawn1.6,bogota_base,1450.0,865.7615,MPC_TrackingG2V,238.296033869295,139221.71738374615,133928.77654778707,144751.06238382965,683.41810962808,666.3929090309189,700.1710204915987,50
grid_spawn1.6,bogota_base,1450.0,865.7615,Optimal_Oracle_Tracking,238.3245577799147,139238.3821505007,133939.11869956402,144768.1226204462,666.7533428734873,648.6866946191044,685.0036308928886,50
grid_spawn1.6,bogota_base,1450.0,865.7615,RoundRobin,238.51392697764766,139349.01892653044,133955.99405547755,144948.86141377245,556.1165668437787,261.4446504929587,921.1853274246732,50
grid_spawn1.6,bogota_base,1450.0,865.7615,TD3_vanilla_extended_ts102,237.3294751542618,138657.0165699132,133445.1990147195,144053.7058161607,1248.118923461023,544.6941281798399,2108.3752998990462,50
grid_spawn1.6,medellin_base,1450.0,923.92,ChargeAsFastAsPossible,239.46579264011908,125978.16419211382,121214.87354524844,130959.60098195686,-0.0,-0.0,-0.0,50
grid_spawn1.6,medellin_base,1450.0,923.92,MPC_TrackingG2V,238.296033869295,125362.77749795873,120596.72679267082,130341.6993212277,615.3866941551081,600.0562810957966,630.4719227853321,50
grid_spawn1.6,medellin_base,1450.0,923.92,Optimal_Oracle_Tracking,238.3245577799147,125377.78335685753,120606.03942647846,130357.0612826172,600.380835256294,584.112646299786,616.8143834069976,50
grid_spawn1.6,medellin_base,1450.0,923.92,RoundRobin,238.51392697764766,125477.40670440088,120621.23491126593,130519.8082847286,500.75748771293615,235.41892862475538,829.4851795141374,50
grid_spawn1.6,medellin_base,1450.0,923.92,TD3_vanilla_extended_ts102,237.3294751542618,124854.29028915406,120161.28738120415,129713.76168425365,1123.8739029597928,490.4721050612909,1898.4953538167865,50
grid_spawn1.6,medellin_cost_fuera_de_punta,1450.0,917.58,ChargeAsFastAsPossible,239.46579264011908,127496.37731745215,122675.68235432095,132537.8473897762,-0.0,-0.0,-0.0,50
grid_spawn1.6,medellin_cost_fuera_de_punta,1450.0,917.58,MPC_TrackingG2V,238.296033869295,126873.57435269002,122050.0860685709,131912.49914957432,622.8029647621355,607.2877987778004,638.0699915019947,50
grid_spawn1.6,medellin_cost_fuera_de_punta,1450.0,917.58,Optimal_Oracle_Tracking,238.3245577799147,126888.76105318217,122059.51093264454,131928.0462440903,607.6162642699917,591.1520208769272,624.2478596668855,50
grid_spawn1.6,medellin_cost_fuera_de_punta,1450.0,917.58,RoundRobin,238.51392697764766,126989.58500143915,122074.88954428262,132092.75457526455,506.79231601300677,238.2560560720669,839.4816363992508,50
grid_spawn1.6,medellin_cost_fuera_de_punta,1450.0,917.58,TD3_vanilla_extended_ts102,237.3294751542618,126358.95916163204,121609.39900300467,131276.99398557312,1137.418155820131,496.38298011088267,1921.3748788760938,50
grid_spawn1.6,medellin_cost_monomio_x1.20,1450.0,920.76,ChargeAsFastAsPossible,239.46579264011908,126734.87609685659,121942.97383494391,131746.23483822012,-0.0,-0.0,-0.0,50
grid_spawn1.6,medellin_cost_monomio_x1.20,1450.0,920.76,MPC_TrackingG2V,238.296033869295,126115.79296498565,121321.11406583237,131124.62163314808,619.0831318709138,603.6606337574882,634.2589728081493,50
grid_spawn1.6,medellin_cost_monomio_x1.20,1450.0,920.76,Optimal_Oracle_Tracking,238.3245577799147,126130.88895944206,121330.48263775364,131140.07586909275,603.9871374145421,587.6212304738845,620.5193968109834,50
grid_spawn1.6,medellin_cost_monomio_x1.20,1450.0,920.76,RoundRobin,238.51392697764766,126231.11071365025,121345.76939712283,131303.8004421566,503.76538320634717,236.83301738398535,834.4676406745431,50
grid_spawn1.6,medellin_cost_monomio_x1.20,1450.0,920.76,TD3_vanilla_extended_ts102,237.3294751542618,125604.25143064148,120883.05910437285,130492.912168823,1130.6246662151023,493.41821943931825,1909.8990287674828,50
grid_spawn1.6,bogota_retail_minus20,1160.0,865.7615,ChargeAsFastAsPossible,239.46579264011908,70460.05562773967,67795.92945872033,73246.1917456081,-0.0,-0.0,-0.0,50
grid_spawn1.6,bogota_retail_minus20,1160.0,865.7615,MPC_TrackingG2V,238.296033869295,70115.86756165055,67450.19768169343,72900.59704936334,344.1880660891076,335.6137090655505,352.62529054986356,50
grid_spawn1.6,bogota_retail_minus20,1160.0,865.7615,Optimal_Oracle_Tracking,238.3245577799147,70124.26039432544,67455.406272407,72909.18905148526,335.79523341423044,326.69637484466074,344.98657799593013,50
grid_spawn1.6,bogota_retail_minus20,1160.0,865.7615,RoundRobin,238.51392697764766,70179.98010301258,67463.90516354646,73000.2140548702,280.07552472708426,131.67068208287637,463.9341449826482,50
grid_spawn1.6,bogota_retail_minus20,1160.0,865.7615,TD3_vanilla_extended_ts102,237.3294751542618,69831.46877517726,67206.65479986777,72549.38919429036,628.5868525624127,274.32287196828605,1061.8355101201707,50
grid_spawn1.6,bogota_retail_plus20,1740.0,865.7615,ChargeAsFastAsPossible,239.46579264011908,209350.21535900873,201434.59022560768,217628.35523696867,-0.0,-0.0,-0.0,50
grid_spawn1.6,bogota_retail_plus20,1740.0,865.7615,MPC_TrackingG2V,238.296033869295,208327.56720584174,200407.35541388066,216601.52771829595,1022.6481531670437,997.1721089962942,1047.7167504333286,50
grid_spawn1.6,bogota_retail_plus20,1740.0,865.7615,Optimal_Oracle_Tracking,238.3245577799147,208352.50390667596,200422.83112672096,216627.05618940725,997.7114523327443,970.6770143935514,1025.0206837898413,50
grid_spawn1.6,bogota_retail_plus20,1740.0,865.7615,RoundRobin,238.51392697764766,208518.0577500482,200448.08294740872,216897.5087726747,832.1576089604744,391.21861890305325,1378.4365098666965,50
grid_spawn1.6,bogota_retail_plus20,1740.0,865.7615,TD3_vanilla_extended_ts102,237.3294751542618,207482.56436464912,199683.74322957124,215558.02243803104,1867.6509943596348,815.0653843913955,3154.9150896779165,50
grid_spawn1.6,medellin_retail_minus20,1160.0,923.92,ChargeAsFastAsPossible,239.46579264011908,56533.08432647931,54395.54316180478,58768.51923627657,-0.0,-0.0,-0.0,50
grid_spawn1.6,medellin_retail_minus20,1160.0,923.92,MPC_TrackingG2V,238.296033869295,56256.92767586317,54118.14792657721,58491.2339867614,276.1566506161357,269.27708113042814,282.92619284359705,50
grid_spawn1.6,medellin_retail_minus20,1160.0,923.92,Optimal_Oracle_Tracking,238.3245577799147,56263.66160068226,54122.326999321456,58498.127713656235,269.4227257970371,262.1223265253424,276.7973305100392,50
grid_spawn1.6,medellin_retail_minus20,1160.0,923.92,RoundRobin,238.51392697764766,56308.36788088305,54129.146019334825,58571.16092582635,224.71644559624167,105.64496021467303,372.23399707211223,50
grid_spawn1.6,medellin_retail_minus20,1160.0,923.92,TD3_vanilla_extended_ts102,237.3294751542618,56028.74249441811,53922.74316635241,58209.445062383296,504.34183206118234,220.10084884973716,851.9555640379111,50
grid_spawn1.6,medellin_retail_plus20,1740.0,923.92,ChargeAsFastAsPossible,239.46579264011908,195423.24405774835,188034.2039286921,203150.68272763718,-0.0,-0.0,-0.0,50
grid_spawn1.6,medellin_retail_plus20,1740.0,923.92,MPC_TrackingG2V,238.296033869295,194468.62732005425,187075.30565876447,202192.164655694,954.6167376940721,930.8354810611719,978.0176527270622,50
grid_spawn1.6,medellin_retail_plus20,1740.0,923.92,Optimal_Oracle_Tracking,238.3245577799147,194491.90511303276,187089.75185363542,202215.99485157817,931.3389447155513,906.1029660742331,956.8314363039503,50
grid_spawn1.6,medellin_retail_plus20,1740.0,923.92,RoundRobin,238.51392697764766,194646.44552791875,187113.32380319707,202468.45564363085,776.798529829632,365.1928970348502,1286.7363619561609,50
grid_spawn1.6,medellin_retail_plus20,1740.0,923.92,TD3_vanilla_extended_ts102,237.3294751542618,193679.83808388992,186399.83159605585,201218.078306124,1743.4059738584049,760.843361272847,2945.0351435956586,50
grid_load1.3,bogota_base,1450.0,865.7615,ChargeAsFastAsPossible,202.11607496056214,118083.99246084639,112672.73553189517,123672.40214189784,-0.0,-0.0,-0.0,50
grid_load1.3,bogota_base,1450.0,865.7615,MPC_TrackingG2V,201.13728366437965,117512.14490215167,112098.79967465559,123081.07008535284,571.8475586947357,550.6207200644801,593.072020450031,50
grid_load1.3,bogota_base,1450.0,865.7615,Optimal_Oracle_Tracking,201.12911002789818,117507.36954903418,112099.31643942802,123073.82480890247,576.6229118122175,555.560643145218,598.070552844521,50
grid_load1.3,bogota_base,1450.0,865.7615,RoundRobin,201.17140597007767,117532.08046684926,112136.76906239816,123123.9035894968,551.9119939971409,274.2932474502218,874.2149864851675,50
grid_load1.3,bogota_base,1450.0,865.7615,TD3_vanilla_extended_ts102,197.88768688671814,115613.60535516591,110004.31747124078,121381.03156207563,2470.387105680489,1353.5147043524598,3797.851651255347,50
grid_load1.3,medellin_base,1450.0,923.92,ChargeAsFastAsPossible,202.11607496056214,106329.22471525255,101456.63578935555,111361.33157744586,-0.0,-0.0,-0.0,50
grid_load1.3,medellin_base,1450.0,923.92,MPC_TrackingG2V,201.13728366437965,105814.30219015684,100939.8328471041,110828.86415479709,514.9225250957033,495.80872950262835,534.0341804217869,50
grid_load1.3,medellin_base,1450.0,923.92,Optimal_Oracle_Tracking,201.12911002789818,105810.00220347666,100940.29817010397,110822.34011532518,519.2225117758767,500.25690389427456,538.5351298150434,50
grid_load1.3,medellin_base,1450.0,923.92,RoundRobin,201.17140597007767,105832.2532527385,100974.02254104517,110867.43376268848,496.97146251405167,246.98850147433282,787.1905396342697,50
grid_load1.3,medellin_base,1450.0,923.92,TD3_vanilla_extended_ts102,197.88768688671814,104104.75431736471,99053.84759010292,109298.05735872721,2224.470397887835,1218.7779745185242,3419.791398020525,50
grid_load1.3,medellin_cost_fuera_de_punta,1450.0,917.58,ChargeAsFastAsPossible,202.11607496056214,107610.6406305025,102679.33019116614,112703.39142043742,-0.0,-0.0,-0.0,50
grid_load1.3,medellin_cost_fuera_de_punta,1450.0,917.58,MPC_TrackingG2V,201.13728366437965,107089.51256858901,102156.29905043938,112164.50702040955,521.1280619135031,501.78391834281996,540.4700394239801,50
grid_load1.3,medellin_cost_fuera_de_punta,1450.0,917.58,Optimal_Oracle_Tracking,201.12911002789818,107085.16076105353,102156.76998123241,112157.90435713467,525.4798694489676,506.2856994589966,545.0252315543737,50
grid_load1.3,medellin_cost_fuera_de_punta,1450.0,917.58,RoundRobin,201.17140597007767,107107.67996658875,102190.90077802478,112203.54144603598,502.96066391372585,249.96505846062365,796.677286937502,50
grid_load1.3,medellin_cost_fuera_de_punta,1450.0,917.58,TD3_vanilla_extended_ts102,197.88768688671814,105359.36225222649,100247.5850325475,110615.25186080736,2251.278378276006,1233.4659542144789,3461.0046687463673,50
grid_load1.3,medellin_cost_monomio_x1.20,1450.0,920.76,ChargeAsFastAsPossible,202.11607496056214,106967.91151212793,102066.05445019492,112030.24468530918,-0.0,-0.0,-0.0,50
grid_load1.3,medellin_cost_monomio_x1.20,1450.0,920.76,MPC_TrackingG2V,201.13728366437965,106449.89600653629,101546.14723236268,111494.57889538628,518.0155055916402,498.786899334648,537.2419587257165,50
grid_load1.3,medellin_cost_monomio_x1.20,1450.0,920.76,Optimal_Oracle_Tracking,201.12911002789818,106445.57019116482,101546.61535041402,111488.01566802518,522.3413209630966,503.26179253536566,541.7699439311771,50
grid_load1.3,medellin_cost_monomio_x1.20,1450.0,920.76,RoundRobin,201.17140597007767,106467.95489560392,101580.54229323061,111533.38017899415,499.956616523984,248.47208508264308,791.9189499620622,50
grid_load1.3,medellin_cost_monomio_x1.20,1450.0,920.76,TD3_vanilla_extended_ts102,197.88768688671814,104730.07940792677,99648.83344469675,109954.57701591542,2237.832104201183,1226.0987972060989,3440.333028224573,50
grid_load1.3,bogota_retail_minus20,1160.0,865.7615,ChargeAsFastAsPossible,202.11607496056214,59470.33072228337,56745.07361942348,62284.806800012,-0.0,-0.0,-0.0,50
grid_load1.3,bogota_retail_minus20,1160.0,865.7615,MPC_TrackingG2V,201.13728366437965,59182.33263948158,56456.023812314925,61986.995790775676,287.99808280180326,277.3076658602462,298.6873026840673,50
grid_load1.3,bogota_retail_minus20,1160.0,865.7615,Optimal_Oracle_Tracking,201.12911002789818,59179.927640943715,56456.284069198846,61983.34687124222,290.4030813396556,279.79554633610167,301.2047004145421,50
grid_load1.3,bogota_retail_minus20,1160.0,865.7615,RoundRobin,201.17140597007767,59192.37273552672,56475.146235255714,62008.56791587366,277.95798675665225,138.14158719406913,440.2785956435849,50
grid_load1.3,bogota_retail_minus20,1160.0,865.7615,TD3_vanilla_extended_ts102,197.88768688671814,58226.176158017624,55401.1852458571,61130.80985809355,1244.1545642657375,681.6670526447841,1912.7020439219502,50
grid_load1.3,bogota_retail_plus20,1740.0,865.7615,ChargeAsFastAsPossible,202.11607496056214,176697.65419940942,168600.39744436688,185059.99748378366,-0.0,-0.0,-0.0,50
grid_load1.3,bogota_retail_plus20,1740.0,865.7615,MPC_TrackingG2V,201.13728366437965,175841.95716482177,167741.57553699624,184175.14437993005,855.6970345876716,823.9337742687153,887.4567382159826,50
grid_load1.3,bogota_retail_plus20,1740.0,865.7615,Optimal_Oracle_Tracking,201.12911002789818,175834.81145712463,167742.34880965715,184164.30274656275,862.842742284781,831.3257399543436,894.936405274499,50
grid_load1.3,bogota_retail_plus20,1740.0,865.7615,RoundRobin,201.17140597007767,175871.78819817185,167798.39188954062,184239.23926311993,825.8660012376304,410.44490770638293,1308.1513773267488,50
grid_load1.3,bogota_retail_plus20,1740.0,865.7615,TD3_vanilla_extended_ts102,197.88768688671814,173001.03455231417,164607.44969662445,181631.2532660577,3696.6196470952423,2025.3623560601363,5683.001258588745,50
grid_load1.3,medellin_retail_minus20,1160.0,923.92,ChargeAsFastAsPossible,202.11607496056214,47715.56297668952,45528.97387688387,49973.73623556004,-0.0,-0.0,-0.0,50
grid_load1.3,medellin_retail_minus20,1160.0,923.92,MPC_TrackingG2V,201.13728366437965,47484.48992748674,45297.05698476341,49734.789860219935,231.07304920277093,222.4956752983944,239.6494626558232,50
grid_load1.3,medellin_retail_minus20,1160.0,923.92,Optimal_Oracle_Tracking,201.12911002789818,47482.5602953862,45297.26579987481,49731.862177664945,233.00268130331474,224.49180708515826,241.66927738506456,50
grid_load1.3,medellin_retail_minus20,1160.0,923.92,RoundRobin,201.17140597007767,47492.54552141596,45312.39971390274,49752.09808906535,223.01745527356294,110.8368412181801,353.2541487926871,50
grid_load1.3,medellin_retail_minus20,1160.0,923.92,TD3_vanilla_extended_ts102,197.88768688671814,46717.325120216425,44450.715364719246,49047.83565474513,998.2378564730831,546.9303228108489,1534.6417906871277,50
grid_load1.3,medellin_retail_plus20,1740.0,923.92,ChargeAsFastAsPossible,202.11607496056214,164942.8864538156,157384.29770182725,172748.92691933172,-0.0,-0.0,-0.0,50
grid_load1.3,medellin_retail_plus20,1740.0,923.92,MPC_TrackingG2V,201.13728366437965,164144.1144528269,156582.6087094448,171922.93844937425,798.7720009886394,769.1217837068639,828.4188981877386,50
grid_load1.3,medellin_retail_plus20,1740.0,923.92,Optimal_Oracle_Tracking,201.12911002789818,164137.4441115671,156583.33054033312,171912.81805298544,805.4423422484402,776.0220007034002,835.4009822450214,50
grid_load1.3,medellin_retail_plus20,1740.0,923.92,RoundRobin,201.17140597007767,164171.96098406104,156635.64536818763,171982.76943631165,770.9254697545413,383.14016173049407,1221.1269304758512,50
grid_load1.3,medellin_retail_plus20,1740.0,923.92,TD3_vanilla_extended_ts102,197.88768688671814,161492.183514513,153656.97981548661,169548.27906270925,3450.702939302588,1890.6256262262011,5304.941005353923,50
grid_load1.6,bogota_base,1450.0,865.7615,ChargeAsFastAsPossible,202.11607496056214,118083.99246084642,112672.73553189517,123672.40214189782,-0.0,-0.0,-0.0,50
grid_load1.6,bogota_base,1450.0,865.7615,MPC_TrackingG2V,201.13728366437965,117512.14490215167,112098.79967465562,123081.07008535284,571.8475586947357,550.6207200644801,593.072020450031,50
grid_load1.6,bogota_base,1450.0,865.7615,Optimal_Oracle_Tracking,201.12911002789812,117507.3695490342,112099.31643942802,123073.82480890247,576.6229118122175,555.560643145218,598.070552844521,50
grid_load1.6,bogota_base,1450.0,865.7615,RoundRobin,201.17140597007773,117532.08046684928,112136.76906239816,123123.9035894968,551.9119939971409,274.2932474502218,874.2149864851675,50
grid_load1.6,bogota_base,1450.0,865.7615,TD3_vanilla_extended_ts102,197.88768688671817,115613.60535516594,110004.31747124078,121381.03156207563,2470.387105680489,1353.5147043524598,3797.851651255347,50
grid_load1.6,medellin_base,1450.0,923.92,ChargeAsFastAsPossible,202.11607496056214,106329.22471525255,101456.63578935555,111361.33157744586,-0.0,-0.0,-0.0,50
grid_load1.6,medellin_base,1450.0,923.92,MPC_TrackingG2V,201.13728366437965,105814.30219015686,100939.8328471041,110828.86415479709,514.9225250957033,495.80872950262835,534.0341804217869,50
grid_load1.6,medellin_base,1450.0,923.92,Optimal_Oracle_Tracking,201.12911002789812,105810.00220347667,100940.29817010397,110822.34011532518,519.2225117758767,500.25690389427456,538.5351298150434,50
grid_load1.6,medellin_base,1450.0,923.92,RoundRobin,201.17140597007773,105832.25325273849,100974.02254104517,110867.43376268848,496.97146251405167,246.98850147433282,787.1905396342697,50
grid_load1.6,medellin_base,1450.0,923.92,TD3_vanilla_extended_ts102,197.88768688671817,104104.75431736471,99053.84759010292,109298.05735872721,2224.470397887835,1218.7779745185242,3419.791398020525,50
grid_load1.6,medellin_cost_fuera_de_punta,1450.0,917.58,ChargeAsFastAsPossible,202.11607496056214,107610.6406305025,102679.33019116614,112703.3914204374,-0.0,-0.0,-0.0,50
grid_load1.6,medellin_cost_fuera_de_punta,1450.0,917.58,MPC_TrackingG2V,201.13728366437965,107089.51256858897,102156.29905043937,112164.50702040955,521.1280619135031,501.78391834281996,540.4700394239801,50
grid_load1.6,medellin_cost_fuera_de_punta,1450.0,917.58,Optimal_Oracle_Tracking,201.12911002789812,107085.16076105354,102156.76998123243,112157.90435713468,525.4798694489676,506.2856994589966,545.0252315543737,50
grid_load1.6,medellin_cost_fuera_de_punta,1450.0,917.58,RoundRobin,201.17140597007773,107107.67996658877,102190.90077802478,112203.54144603598,502.96066391372585,249.96505846062365,796.677286937502,50
grid_load1.6,medellin_cost_fuera_de_punta,1450.0,917.58,TD3_vanilla_extended_ts102,197.88768688671817,105359.3622522265,100247.5850325475,110615.25186080736,2251.278378276006,1233.4659542144789,3461.0046687463673,50
grid_load1.6,medellin_cost_monomio_x1.20,1450.0,920.76,ChargeAsFastAsPossible,202.11607496056214,106967.91151212795,102066.05445019492,112030.24468530921,-0.0,-0.0,-0.0,50
grid_load1.6,medellin_cost_monomio_x1.20,1450.0,920.76,MPC_TrackingG2V,201.13728366437965,106449.89600653628,101546.14723236268,111494.57889538628,518.0155055916402,498.786899334648,537.2419587257165,50
grid_load1.6,medellin_cost_monomio_x1.20,1450.0,920.76,Optimal_Oracle_Tracking,201.12911002789812,106445.57019116482,101546.61535041402,111488.01566802518,522.3413209630966,503.26179253536566,541.7699439311771,50
grid_load1.6,medellin_cost_monomio_x1.20,1450.0,920.76,RoundRobin,201.17140597007773,106467.95489560394,101580.54229323061,111533.38017899416,499.956616523984,248.47208508264308,791.9189499620622,50
grid_load1.6,medellin_cost_monomio_x1.20,1450.0,920.76,TD3_vanilla_extended_ts102,197.88768688671817,104730.07940792674,99648.83344469675,109954.57701591542,2237.832104201183,1226.0987972060989,3440.3330282245715,50
grid_load1.6,bogota_retail_minus20,1160.0,865.7615,ChargeAsFastAsPossible,202.11607496056214,59470.330722283376,56745.07361942348,62284.806800012,-0.0,-0.0,-0.0,50
grid_load1.6,bogota_retail_minus20,1160.0,865.7615,MPC_TrackingG2V,201.13728366437965,59182.332639481574,56456.023812314925,61986.995790775676,287.99808280180326,277.3076658602462,298.6873026840673,50
grid_load1.6,bogota_retail_minus20,1160.0,865.7615,Optimal_Oracle_Tracking,201.12911002789812,59179.9276409437,56456.284069198846,61983.34687124223,290.4030813396556,279.79554633610167,301.2047004145421,50
grid_load1.6,bogota_retail_minus20,1160.0,865.7615,RoundRobin,201.17140597007773,59192.37273552673,56475.146235255714,62008.56791587367,277.95798675665225,138.14158719406913,440.2785956435849,50
grid_load1.6,bogota_retail_minus20,1160.0,865.7615,TD3_vanilla_extended_ts102,197.88768688671817,58226.17615801764,55401.185245857094,61130.80985809356,1244.1545642657375,681.6670526447841,1912.7020439219502,50
grid_load1.6,bogota_retail_plus20,1740.0,865.7615,ChargeAsFastAsPossible,202.11607496056214,176697.6541994094,168600.39744436688,185059.99748378366,-0.0,-0.0,-0.0,50
grid_load1.6,bogota_retail_plus20,1740.0,865.7615,MPC_TrackingG2V,201.13728366437965,175841.95716482174,167741.57553699627,184175.14437993005,855.6970345876716,823.9337742687153,887.4567382159826,50
grid_load1.6,bogota_retail_plus20,1740.0,865.7615,Optimal_Oracle_Tracking,201.12911002789812,175834.81145712466,167742.34880965712,184164.30274656275,862.842742284781,831.3257399543436,894.936405274499,50
grid_load1.6,bogota_retail_plus20,1740.0,865.7615,RoundRobin,201.17140597007773,175871.78819817182,167798.39188954062,184239.23926311996,825.8660012376304,410.44490770638293,1308.1513773267488,50
grid_load1.6,bogota_retail_plus20,1740.0,865.7615,TD3_vanilla_extended_ts102,197.88768688671817,173001.03455231417,164607.44969662445,181631.2532660577,3696.619647095243,2025.3623560601363,5683.001258588745,50
grid_load1.6,medellin_retail_minus20,1160.0,923.92,ChargeAsFastAsPossible,202.11607496056214,47715.562976689514,45528.97387688387,49973.73623556004,-0.0,-0.0,-0.0,50
grid_load1.6,medellin_retail_minus20,1160.0,923.92,MPC_TrackingG2V,201.13728366437965,47484.48992748676,45297.05698476341,49734.78986021992,231.07304920277093,222.4956752983944,239.6494626558232,50
grid_load1.6,medellin_retail_minus20,1160.0,923.92,Optimal_Oracle_Tracking,201.12911002789812,47482.56029538621,45297.26579987481,49731.862177664945,233.00268130331474,224.49180708515826,241.66927738506456,50
grid_load1.6,medellin_retail_minus20,1160.0,923.92,RoundRobin,201.17140597007773,47492.54552141596,45312.39971390274,49752.09808906535,223.01745527356294,110.8368412181801,353.2541487926871,50
grid_load1.6,medellin_retail_minus20,1160.0,923.92,TD3_vanilla_extended_ts102,197.88768688671817,46717.32512021643,44450.715364719246,49047.83565474515,998.2378564730831,546.9303228108489,1534.6417906871277,50
grid_load1.6,medellin_retail_plus20,1740.0,923.92,ChargeAsFastAsPossible,202.11607496056214,164942.88645381556,157384.29770182725,172748.92691933172,-0.0,-0.0,-0.0,50
grid_load1.6,medellin_retail_plus20,1740.0,923.92,MPC_TrackingG2V,201.13728366437965,164144.1144528269,156582.6087094448,171922.93844937425,798.7720009886394,769.1217837068639,828.4188981877386,50
grid_load1.6,medellin_retail_plus20,1740.0,923.92,Optimal_Oracle_Tracking,201.12911002789812,164137.4441115671,156583.33054033315,171912.81805298544,805.4423422484402,776.0220007034002,835.4009822450214,50
grid_load1.6,medellin_retail_plus20,1740.0,923.92,RoundRobin,201.17140597007773,164171.96098406104,156635.64536818763,171982.76943631165,770.9254697545413,383.14016173049407,1221.1269304758512,50
grid_load1.6,medellin_retail_plus20,1740.0,923.92,TD3_vanilla_extended_ts102,197.88768688671817,161492.183514513,153656.97981548661,169548.27906270928,3450.7029393025896,1890.6256262262011,5304.941005353923,50
