setting,algorithm,n_rows,total_ev_served_mean,total_ev_served_ci_low,total_ev_served_ci_high,total_transformer_overload_mean,total_transformer_overload_ci_low,total_transformer_overload_ci_high,average_user_satisfaction_mean,average_user_satisfaction_ci_low,average_user_satisfaction_ci_high,min_energy_user_satisfaction_mean,min_energy_user_satisfaction_ci_low,min_energy_user_satisfaction_ci_high,tracking_error_mean,tracking_error_ci_low,tracking_error_ci_high,energy_tracking_error_mean,energy_tracking_error_ci_low,energy_tracking_error_ci_high,battery_degradation_mean,battery_degradation_ci_low,battery_degradation_ci_high,total_energy_charged_mean,total_energy_charged_ci_low,total_energy_charged_ci_high,energy_user_satisfaction_mean,energy_user_satisfaction_ci_low,energy_user_satisfaction_ci_high,n_clusters
base,ChargeAsFastAsPossible,100,13.44,13.07,13.8,14.224736566656391,9.578984011133345,19.275366721261026,1.0,1.0,1.0,100.0,100.0,100.0,56257.260319147725,51953.29292166274,60691.0895096419,382.01138635507965,367.2712090816484,396.9431550728747,0.00047309245287231895,0.0004541392966816004,0.0004930374893964437,202.11607496056214,192.85400659473004,211.68136324788222,100.0,100.0,100.0,50
base,RoundRobin,100,13.44,13.07,13.8,0.0,0.0,0.0,0.9990921428571429,0.9984547299107144,0.9996259107142856,98.79914285714285,98.00927142857142,99.47729285714286,13581.153658462878,12274.137906908178,14998.18262960143,145.6212052795089,137.95108335287887,153.45656474832754,0.000449894789712842,0.0004314843903609775,0.00046904400707909057,201.17140597007776,191.9366304384222,210.74253680559707,99.91518455354169,99.85954156475964,99.96322008913705,50
base,MPC_TrackingG2V,100,13.44,13.07,13.8,0.0,0.0,0.0,1.0,1.0,1.0,100.0,100.0,100.0,8585.914429957855,7738.908959143834,9486.363296495136,145.65514488444757,138.072411099977,153.41148509305287,0.00042485365254670904,0.0004081894914228729,0.0004423899746218148,201.13728366437965,191.87164090462304,210.6692217054385,100.0,100.0,100.0,50
base,TD3_vanilla_extended_ts102,100,13.44,13.07,13.8,3.5778615505963773,1.7118620769927426,5.7138365458813745,0.9958723033843278,0.9936203751683754,0.997732178204166,94.65143504437793,92.04787589275846,96.91186512328281,41195.03347375602,37958.02727476738,44552.59945879437,332.7035319368937,318.3684787071005,346.7423503405125,0.00046051905704963205,0.00044108256477101514,0.00048109898869152455,197.88768688671814,188.28666284615056,207.75938518614512,99.55559887075188,99.32520995031392,99.75193432955439,50
base,Optimal_Oracle_Tracking,100,13.44,13.07,13.8,0.0,0.0,0.0,1.0,1.0,1.0,100.0,100.0,100.0,5936.919603217396,5347.482297068076,6554.579022445974,145.66263545069495,138.07549664540736,153.426026440419,0.00042093039189493206,0.0004043900332626305,0.0004384356615150356,201.12911002789812,191.8725254145833,210.6568204746905,100.0,100.0,100.0,50
spawn1.3,ChargeAsFastAsPossible,100,14.75,14.49,15.0,24.049296169780874,17.862442322337504,30.626932831435173,1.0,1.0,1.0,100.0,100.0,100.0,66513.64748395374,62006.61573444863,71258.36566849814,419.23024551244566,405.7961869546047,432.83897621910745,0.000524698588538105,0.0005084306152198017,0.0005411512469455482,224.63056431184629,216.3678722167943,233.0480222277732,100.0,100.0,100.0,50
spawn1.3,RoundRobin,100,14.75,14.49,15.0,0.0,0.0,0.0,0.9988629166666668,0.99826240625,0.9993779947916667,98.17471428571429,97.25113571428571,98.9740357142857,16178.94429301408,14936.232708470423,17445.40527895305,164.33627332952688,158.20623503826332,170.51584180222628,0.0004987906579736921,0.00048311545198007554,0.0005146133864680637,223.26128951026985,214.87268126630087,231.79535688376464,99.87789706207657,99.81614641060183,99.93099187560603,50
spawn1.3,MPC_TrackingG2V,100,14.75,14.49,15.0,0.0,0.0,0.0,1.0,1.0,1.0,100.0,100.0,100.0,10326.294751530037,9532.652268802856,11121.936165083975,164.05651505935595,157.8886831432998,170.26743961810942,0.0004709512542370391,0.00045658933593525864,0.0004856568270156417,223.54087210894753,215.27088093721127,231.9446228095349,100.0,100.0,100.0,50
spawn1.3,TD3_vanilla_extended_ts102,100,14.75,14.49,15.0,4.168447502491244,2.138098097335437,6.449885644274885,0.9970856436803709,0.9953376449967671,0.9985652788881018,95.813111514669,93.38095166187007,97.89470249258287,48531.492567397414,45250.85387193502,52043.62534638477,363.8699307939623,351.4497426577823,376.7364855848123,0.0005141062421047211,0.0004977716693123205,0.0005305655782026988,221.5420317003678,213.17518855063682,229.94510371012737,99.70284502902145,99.53183036773073,99.85134091959974,50
spawn1.3,Optimal_Oracle_Tracking,100,14.75,14.49,15.0,0.0,0.0,0.0,1.0,1.0,1.0,100.0,100.0,100.0,7280.132804604555,6714.976363157803,7841.022632864177,164.04922209894457,157.8740677153747,170.26694741794222,0.00046679068771530703,0.00045266796360219735,0.0004811909582302685,223.54751044315654,215.2809238483204,231.95318318557264,100.0,100.0,100.0,50
spawn1.6,ChargeAsFastAsPossible,100,15.59,15.38,15.79,26.401361295269407,20.495956387467494,32.39986143661903,1.0,1.0,1.0,100.0,100.0,100.0,72278.72377717373,67694.93663216817,77059.25950954435,442.58446787489726,428.273233346017,457.76727280987944,0.0005563360504875761,0.0005381973850446286,0.0005754653309529325,239.46579264011908,230.4114840808402,248.93476464027682,100.0,100.0,100.0,50
spawn1.6,RoundRobin,100,15.59,15.38,15.79,0.0,0.0,0.0,0.9992978571428572,0.998775228422619,0.9997211912202382,98.77714285714285,97.88470000000001,99.49629642857143,18249.548561380027,16859.6321601305,19701.190309001177,174.73513569815302,167.69840575685876,182.24279057410953,0.000530514217519776,0.0005129769574441169,0.0005491969095213697,238.51392697764769,229.28306514459,248.0987839962146,99.92103107743097,99.8627080494698,99.96800960684274,50
spawn1.6,MPC_TrackingG2V,100,15.59,15.38,15.79,0.0,0.0,0.0,1.0,1.0,1.0,100.0,100.0,100.0,11688.718323643867,10788.749678503864,12620.925587370868,174.95287599137416,167.8820066783429,182.54004578574128,0.0004974938097205541,0.0004819730876213139,0.0005140509006615213,238.296033869295,229.23647884859878,247.76022529126308,100.0,100.0,100.0,50
spawn1.6,TD3_vanilla_extended_ts102,100,15.59,15.38,15.79,7.369416989931433,4.435810335327727,10.592845371256043,0.9983488190600113,0.9971827881736398,0.9993119561011905,97.12682478173245,95.14050059076057,98.77017121030387,51689.78476016693,48158.510011645856,55402.9757912306,378.34698251169635,364.55783564130314,392.78873164646774,0.0005472123641810061,0.0005294451162204624,0.0005659329368718307,237.3294751542618,228.4087731546611,246.56660904093226,99.80771504793536,99.67493957644504,99.91700942401961,50
spawn1.6,Optimal_Oracle_Tracking,100,15.59,15.38,15.79,0.0,0.0,0.0,1.0,1.0,1.0,100.0,100.0,100.0,8213.713340468574,7575.06102577811,8883.702885219336,174.92362538164346,167.86099076294366,182.51806801906983,0.0004944242131082318,0.0004791807283446173,0.000510614879474233,238.3245577799147,229.25418078329997,247.7894260998654,100.0,100.0,100.0,50
load1.3,ChargeAsFastAsPossible,100,13.44,13.07,13.8,14.224736566656391,9.578984011133345,19.275366721261026,1.0,1.0,1.0,100.0,100.0,100.0,56257.260319147725,51953.29292166274,60691.0895096419,382.01138635507965,367.2712090816484,396.9431550728747,0.00047309245287231895,0.0004541392966816004,0.0004930374893964437,202.11607496056214,192.85400659473004,211.68136324788222,100.0,100.0,100.0,50
load1.3,RoundRobin,100,13.44,13.07,13.8,0.0,0.0,0.0,0.9990921428571429,0.9984547299107144,0.9996259107142856,98.79914285714285,98.00927142857142,99.47729285714286,13581.153658462878,12274.137906908178,14998.18262960143,145.6212052795089,137.95108335287887,153.45656474832754,0.000449894789712842,0.0004314843903609775,0.00046904400707909057,201.17140597007776,191.9366304384222,210.74253680559707,99.91518455354169,99.85954156475964,99.96322008913705,50
load1.3,MPC_TrackingG2V,100,13.44,13.07,13.8,0.0,0.0,0.0,1.0,1.0,1.0,100.0,100.0,100.0,8585.914429957855,7738.908959143834,9486.363296495136,145.65514488444757,138.072411099977,153.41148509305287,0.00042485365254670904,0.0004081894914228729,0.0004423899746218148,201.13728366437965,191.87164090462304,210.6692217054385,100.0,100.0,100.0,50
load1.3,TD3_vanilla_extended_ts102,100,13.44,13.07,13.8,3.5778615505963773,1.7118620769927426,5.7138365458813745,0.9958723033843278,0.9936203751683754,0.997732178204166,94.65143504437793,92.04787589275846,96.91186512328281,41195.03347375602,37958.02727476738,44552.59945879437,332.7035319368937,318.3684787071005,346.7423503405125,0.00046051905704963205,0.00044108256477101514,0.00048109898869152455,197.88768688671814,188.28666284615056,207.75938518614512,99.55559887075188,99.32520995031392,99.75193432955439,50
load1.3,Optimal_Oracle_Tracking,100,13.44,13.07,13.8,0.0,0.0,0.0,1.0,1.0,1.0,100.0,100.0,100.0,5936.919603217396,5347.482297068076,6554.579022445974,145.66263545069495,138.07549664540736,153.426026440419,0.00042093039189493206,0.0004043900332626305,0.0004384356615150356,201.12911002789812,191.8725254145833,210.6568204746905,100.0,100.0,100.0,50
load1.6,ChargeAsFastAsPossible,100,13.44,13.07,13.8,14.224736566656391,9.578984011133345,19.27536672126103,1.0,1.0,1.0,100.0,100.0,100.0,56257.260319147725,51953.29292166274,60691.0895096419,382.0113863550796,367.27120908164835,396.9431550728747,0.0004730924528723189,0.0004541392966816003,0.0004930374893964438,202.11607496056214,192.85400659473004,211.68136324788222,100.0,100.0,100.0,50
load1.6,RoundRobin,100,13.44,13.07,13.8,0.0,0.0,0.0,0.9990921428571427,0.9984547299107144,0.9996259107142856,98.79914285714285,98.00927142857142,99.47729285714288,13581.153658462874,12274.137906908178,14998.18262960143,145.6212052795089,137.95108335287887,153.45656474832754,0.00044989478971284205,0.0004314843903609775,0.00046904400707909057,201.17140597007767,191.9366304384222,210.74253680559707,99.91518455354169,99.85954156475964,99.96322008913705,50
load1.6,MPC_TrackingG2V,100,13.44,13.07,13.8,0.0,0.0,0.0,1.0,1.0,1.0,100.0,100.0,100.0,8585.914429957855,7738.908959143834,9486.363296495136,145.65514488444757,138.072411099977,153.41148509305287,0.00042485365254670904,0.0004081894914228729,0.0004423899746218148,201.13728366437968,191.87164090462304,210.6692217054385,100.0,100.0,100.0,50
load1.6,TD3_vanilla_extended_ts102,100,13.44,13.07,13.8,3.577861550596378,1.7118620769927426,5.7138365458813745,0.9958723033843278,0.9936203751683755,0.997732178204166,94.65143504437793,92.04787589275846,96.91186512328281,41195.03347375602,37958.02727476738,44552.599458794386,332.7035319368937,318.3684787071005,346.7423503405125,0.00046051905704963205,0.00044108256477101514,0.00048109898869152455,197.88768688671817,188.28666284615053,207.75938518614512,99.5555988707519,99.32520995031393,99.75193432955439,50
load1.6,Optimal_Oracle_Tracking,100,13.44,13.07,13.8,0.0,0.0,0.0,1.0,1.0,1.0,100.0,100.0,100.0,5936.919603217397,5347.482297068076,6554.579022445974,145.66263545069495,138.07549664540738,153.426026440419,0.000420930391894932,0.0004043900332626305,0.0004384356615150356,201.12911002789818,191.8725254145833,210.6568204746905,100.0,100.0,100.0,50
